Packet Number (n), App Timestamp (us),Sensor Timestamp (us),Disabled (uV),Disabled (uV),Disabled (uV),Disabled (uV),Disabled (uV),Disabled (uV),Disabled (uV),Disabled (uV),Right arm 1 (uV),Right arm 2 (uV),Left leg (uV),Disabled (uV),Disabled (uV),Disabled (uV),Disabled (uV),Disabled,AccX (mg),AccY (mg),AccZ (mg),Event A, Event B
1867,7901976,492228385,0.0,0.0,0.0,0.0,0.0,0.0,0.0,0.0,7.66605,1.7433,-14.3934,0.0,0.0,0.0,0.0,0.0,0,0,0,0,0
,-3299,20,,,,,,,,,-10,-5,2,,,,,,,,,,
,-3480,-15,,,,,,,,,,-14,-4,,,,,,,,,,
,-2009,-21,,,,,,,,,-5,9,-8,,,,,,,,,,
,-1557,15,,,,,,,,,1,-3,,,,,,,,,,,
,11167,-23,,,,,,,,,2,-27,-5,,,,,,,,,,
,-2774,,,,,,,,,,10,10,2,,,,,,,,,,
,-3155,,,,,,,,,,2,,-7,,,,,,,,,,
,-3123,,,,,,,,,,-5,1,6,,,,,,,,,,
,5562,14,,,,,,,,,7,17,5,,,,,,,,,,
,6532,-14,,,,,,,,,-8,-12,5,,,,,,,,,,
,-3164,-9,,,,,,,,,-2,12,-6,,,,,,,,,,
,-3511,9,,,,,,,,,-2,4,7,,,,,,,,,,
,-2899,-13,,,,,,,,,-4,-10,-3,,,,,,,,,,
,-3498,-18,,,,,,,,,14,-2,-4,,,,,,,,,,
,-1764,44,,,,,,,,,-12,-2,,,,,,,,,,,
,30879,-44,,,,,,,,,-4,,15,,,,,,,,,,
,-3463,-13,,,,,,,,,4,,-7,,,,,,,,,,
,-3795,13,,,,,,,,,13,15,1,,,,,,,,,,
,-3270,,,,,,,,,,5,,1,,,,,,,,,,
,-3482,,,,,,,,,,-30,-9,7,,,,,,,,,,
,-3274,9,,,,,,,,,9,-3,-9,,,,,,,,,,
,-3204,-9,,,,,,,,,7,4,-3,,,,,,,,,,
,-3839,12,,,,,,,,,-5,,-9,,,,,,,,,,
,4972,-34,,,,,,,,,-8,-4,,,,,,,,,,,
,-1651,-8,,,,,,,,,-1,-5,7,,,,,,,,,,
,-3637,,,,,,,,,,3,5,,,,,,,,,,,
,-2440,-10,,,,,,,,,10,-5,-1,,,,,,,,,,
,-95,,,,,,,,,,-5,4,,,,,,,,,,,
,-3386,9,,,,,,,,,-9,-13,1,,,,,,,,,,
,-24,1,,,,,,,,,-7,-1,-6,,,,,,,,,,
,4126,-1,,,,,,,,,8,14,-2,,,,,,,,,,
,-3068,14,,,,,,,,,2,-7,3,,,,,,,,,,
,-2176,-44,,,,,,,,,,13,15,,,,,,,,,,
,2121,-1,,,,,,,,,8,9,-2,,,,,,,,,,
,256,-9,,,,,,,,,2,-12,-6,,,,,,,,,,
,-1857,15,,,,,,,,,15,,-8,,,,,,,,,,
,-18,,,,,,,,,,-9,-12,-10,,,,,,,,,,
,2734,-5,,,,,,,,,-5,4,14,,,,,,,,,,
,-2818,,,,,,,,,,-7,6,-3,,,,,,,,,,
,-202,-10,,,,,,,,,3,-8,9,,,,,,,,,,
,-171,-44,,,,,,,,,8,,-2,,,,,,,,,,
,201,44,,,,,,,,,6,1,-8,,,,,,,,,,
,-534,-43,,,,,,,,,-25,12,,,,,,,,,,,
,728,43,,,,,,,,,10,-4,6,,,,,,,,,,
,-216,-55,,,,,,,,,-1,-17,-7,,,,,,,,,,
,-136,41,,,,,,,,,10,10,11,,,,,,,,,,
,548,-29,,,,,,,,,-9,14,-6,,,,,,,,,,
,483,-12,,,,,,,,,-7,-8,2,,,,,,,,,,
,-398,12,,,,,,,,,10,-7,,,,,,,,,,,
,-756,-11,,,,,,,,,5,1,-1,,,,,,,,,,
,481,-20,,,,,,,,,-6,-3,-3,,,,,,,,,,
,253,21,,,,,,,,,8,1,4,,,,,,,,,,
,1244,-19,,,,,,,,,-11,-10,7,,,,,,,,,,
,-1481,9,,,,,,,,,-5,12,-12,,,,,,,,,,
,-7,-9,,,,,,,,,2,10,6,,,,,,,,,,
,-197,-13,,,,,,,,,9,-2,5,,,,,,,,,,
,-119,12,,,,,,,,,-7,-13,-11,,,,,,,,,,
,1709,-14,,,,,,,,,4,,,,,,,,,,,,
,-1659,13,,,,,,,,,-6,6,1,,,,,,,,,,
,3229,-30,,,,,,,,,-2,,-2,,,,,,,,,,
,-3382,20,,,,,,,,,-5,10,3,,,,,,,,,,
,1161,-1,,,,,,,,,4,-1,8,,,,,,,,,,
,-1149,-1,,,,,,,,,-3,-2,,,,,,,,,,,
,2366,-18,,,,,,,,,5,-17,-1,,,,,,,,,,
,7200,1,,,,,,,,,13,5,7,,,,,,,,,,
,-3344,-2,,,,,,,,,-8,-5,-8,,,,,,,,,,
,-3557,1,,,,,,,,,6,6,,,,,,,,,,,
,-2901,1,,,,,,,,,-7,3,1,,,,,,,,,,
,508,-12,,,,,,,,,-2,-10,3,,,,,,,,,,
,547,-20,,,,,,,,,12,7,-10,,,,,,,,,,
,-119,-3,,,,,,,,,8,-4,3,,,,,,,,,,
,3699,23,,,,,,,,,-18,2,9,,,,,,,,,,
,-3336,3,,,,,,,,,-4,15,-5,,,,,,,,,,
,-880,-36,,,,,,,,,7,-4,1,,,,,,,,,,
,825,13,,,,,,,,,-3,-13,-1,,,,,,,,,,
,-601,-1,,,,,,,,,14,-2,-7,,,,,,,,,,
,465,-2,,,,,,,,,-1,7,6,,,,,,,,,,
,95,-9,,,,,,,,,8,5,,,,,,,,,,,
,761,-13,,,,,,,,,-18,,-4,,,,,,,,,,
,-1044,13,,,,,,,,,-11,12,6,,,,,,,,,,
,-361,-15,,,,,,,,,17,-2,,,,,,,,,,,
,176,15,,,,,,,,,-6,-15,-6,,,,,,,,,,
,397,-31,,,,,,,,,-4,-2,1,,,,,,,,,,
,-91,-2,,,,,,,,,1,2,,,,,,,,,,,
,3949,14,,,,,,,,,-7,4,10,,,,,,,,,,
,-3243,-11,,,,,,,,,14,12,-8,,,,,,,,,,
,-1387,1,,,,,,,,,-8,-15,-8,,,,,,,,,,
,417,11,,,,,,,,,-2,-6,3,,,,,,,,,,
,1618,-33,,,,,,,,,5,11,-5,,,,,,,,,,
,-1276,15,,,,,,,,,1,-1,-2,,,,,,,,,,
,-999,8,,,,,,,,,11,6,,,,,,,,,,,
,1019,-22,,,,,,,,,-1,-3,-1,,,,,,,,,,
,-1330,-1,,,,,,,,,-3,,16,,,,,,,,,,
,971,,,,,,,,,,-3,7,1,,,,,,,,,,
,-226,-9,,,,,,,,,-6,-10,-12,,,,,,,,,,
,41,-1,,,,,,,,,9,-8,-3,,,,,,,,,,
,89,1,,,,,,,,,-2,,-6,,,,,,,,,,
,-211,1,,,,,,,,,-6,-2,8,,,,,,,,,,
,186,-22,,,,,,,,,8,11,4,,,,,,,,,,
,-168,21,,,,,,,,,13,7,10,,,,,,,,,,
,3597,-1,,,,,,,,,-18,-5,-10,,,,,,,,,,
,-1593,-14,,,,,,,,,-6,4,,,,,,,,,,,
,-1580,-17,,,,,,,,,-4,-12,6,,,,,,,,,,
,-861,1,,,,,,,,,5,2,-5,,,,,,,,,,
,941,11,,,,,,,,,5,,2,,,,,,,,,,
,-515,-13,,,,,,,,,-1,,4,,,,,,,,,,
,263,2,,,,,,,,,3,-4,-3,,,,,,,,,,
,207,-23,,,,,,,,,-9,-4,,,,,,,,,,,
,-780,22,,,,,,,,,-1,-3,6,,,,,,,,,,
,365,-19,,,,,,,,,14,18,-3,,,,,,,,,,
,-231,,,,,,,,,,-3,-6,-5,,,,,,,,,,
,377,-1,,,,,,,,,-2,14,6,,,,,,,,,,
,-179,-10,,,,,,,,,-5,-15,-11,,,,,,,,,,
,-467,11,,,,,,,,,4,-5,6,,,,,,,,,,
,1375,-10,,,,,,,,,-5,-2,,,,,,,,,,,
,-327,-1,,,,,,,,,-4,8,-5,,,,,,,,,,
,-859,11,,,,,,,,,13,9,-7,,,,,,,,,,
,437,-10,,,,,,,,,-4,2,2,,,,,,,,,,
,-649,-3,,,,,,,,,-2,-11,14,,,,,,,,,,
,525,-18,,,,,,,,,3,-1,1,,,,,,,,,,
,-626,-11,,,,,,,,,-12,-7,-8,,,,,,,,,,
,-110,-1,,,,,,,,,-6,3,-5,,,,,,,,,,
,879,2,,,,,,,,,2,4,5,,,,,,,,,,
,-361,,,,,,,,,,6,6,-3,,,,,,,,,,
,386,10,,,,,,,,,4,15,6,,,,,,,,,,
,503,-10,,,,,,,,,8,-3,2,,,,,,,,,,
,-666,8,,,,,,,,,-4,-6,-1,,,,,,,,,,
,60,-29,,,,,,,,,-4,-6,8,,,,,,,,,,
,-651,1,,,,,,,,,-6,2,-10,,,,,,,,,,
,1528,35,,,,,,,,,17,,-1,,,,,,,,,,
,-983,-46,,,,,,,,,-18,-3,7,,,,,,,,,,
,548,11,,,,,,,,,-12,6,2,,,,,,,,,,
,-1115,,,,,,,,,,17,8,,,,,,,,,,,
,-1,-11,,,,,,,,,13,-15,,,,,,,,,,,
,225,,,,,,,,,,-5,-3,-8,,,,,,,,,,
,409,12,,,,,,,,,-9,-4,-3,,,,,,,,,,
,484,-12,,,,,,,,,-2,9,6,,,,,,,,,,
,-80,-21,,,,,,,,,3,10,,,,,,,,,,,
,-261,22,,,,,,,,,12,-21,-3,,,,,,,,,,
,-505,-3,,,,,,,,,-9,-17,5,,,,,,,,,,
,655,-16,,,,,,,,,18,23,-5,,,,,,,,,,
,370,-12,,,,,,,,,-6,16,-1,,,,,,,,,,
,-610,10,,,,,,,,,-7,-20,4,,,,,,,,,,
,-362,-11,,,,,,,,,2,7,10,,,,,,,,,,
,-257,1,,,,,,,,,-9,,-5,,,,,,,,,,
,633,,,,,,,,,,-3,-6,-12,,,,,,,,,,
,-38,-22,,,,,,,,,15,9,8,,,,,,,,,,
,457,19,,,,,,,,,-8,4,-2,,,,,,,,,,
,788,-17,,,,,,,,,-2,-13,-4,,,,,,,,,,
,-856,-1,,,,,,,,,5,3,11,,,,,,,,,,
,-877,-12,,,,,,,,,1,10,-9,,,,,,,,,,
,980,2,,,,,,,,,-6,-13,-4,,,,,,,,,,
,168,,,,,,,,,,6,2,2,,,,,,,,,,
,-768,-1,,,,,,,,,-4,-7,10,,,,,,,,,,
,485,1,,,,,,,,,4,4,-14,,,,,,,,,,
,33,-6,,,,,,,,,6,4,5,,,,,,,,,,
,-30,18,,,,,,,,,-8,1,2,,,,,,,,,,
,309,-22,,,,,,,,,,18,,,,,,,,,,,
,-981,-1,,,,,,,,,-7,-20,-8,,,,,,,,,,
,-72,10,,,,,,,,,-2,11,-3,,,,,,,,,,
,590,-10,,,,,,,,,,,12,,,,,,,,,,
,-300,11,,,,,,,,,1,-13,,,,,,,,,,,
,-525,-1,,,,,,,,,2,-7,-4,,,,,,,,,,
,748,-28,,,,,,,,,5,4,2,,,,,,,,,,
,-244,15,,,,,,,,,6,6,6,,,,,,,,,,
,1710,3,,,,,,,,,-5,5,,,,,,,,,,,
,-1603,-21,,,,,,,,,-9,,-10,,,,,,,,,,
,-151,1,,,,,,,,,2,-9,7,,,,,,,,,,
,-88,,,,,,,,,,2,8,8,,,,,,,,,,
,-84,1,,,,,,,,,1,1,-9,,,,,,,,,,
,-177,-27,,,,,,,,,-6,-11,3,,,,,,,,,,
,-364,,,,,,,,,,1,3,4,,,,,,,,,,
,537,,,,,,,,,,10,11,-1,,,,,,,,,,
,-264,-13,,,,,,,,,-6,-2,-15,,,,,,,,,,
,294,-6,,,,,,,,,-4,-1,3,,,,,,,,,,
,543,,,,,,,,,,19,14,7,,,,,,,,,,
,-439,,,,,,,,,,-9,-13,-3,,,,,,,,,,
,368,,,,,,,,,,-4,-7,6,,,,,,,,,,
,-682,1,,,,,,,,,4,4,-1,,,,,,,,,,
,399,-1,,,,,,,,,-4,4,-4,,,,,,,,,,
,698,-10,,,,,,,,,-5,-3,1,,,,,,,,,,
,-41,-11,,,,,,,,,1,-7,4,,,,,,,,,,
,-1092,-9,,,,,,,,,3,-16,-4,,,,,,,,,,
,-173,-3,,,,,,,,,13,13,1,,,,,,,,,,
,23,24,,,,,,,,,-5,8,5,,,,,,,,,,
,405,-3,,,,,,,,,-7,1,-7,,,,,,,,,,
,-394,-19,,,,,,,,,16,13,9,,,,,,,,,,
,-153,,,,,,,,,,-2,-7,-6,,,,,,,,,,
,1555,3,,,,,,,,,-1,13,4,,,,,,,,,,
,-1616,-3,,,,,,,,,-13,-8,-3,,,,,,,,,,
,342,1,,,,,,,,,6,,-9,,,,,,,,,,
,1899,,,,,,,,,,-10,-8,6,,,,,,,,,,
,-1301,-14,,,,,,,,,6,-1,-6,,,,,,,,,,
,177,-17,,,,,,,,,-6,12,-1,,,,,,,,,,
,-879,21,,,,,,,,,-3,-8,,,,,,,,,,,
,-280,-31,,,,,,,,,3,-6,12,,,,,,,,,,
,312,11,,,,,,,,,1,-9,,,,,,,,,,,
,-226,-2,,,,,,,,,4,8,-6,,,,,,,,,,
,42,6,,,,,,,,,-5,6,-1,,,,,,,,,,
,480,-19,,,,,,,,,-1,,10,,,,,,,,,,
,-213,4,,,,,,,,,10,11,-9,,,,,,,,,,
,573,,,,,,,,,,10,-10,,,,,,,,,,,
,-793,-21,,,,,,,,,-22,-6,-4,,,,,,,,,,
,133,5,,,,,,,,,-12,-7,8,,,,,,,,,,
,-652,-4,,,,,,,,,27,1,,,,,,,,,,,
,7579,5,,,,,,,,,-6,-5,3,,,,,,,,,,
,-3612,-5,,,,,,,,,-2,3,4,,,,,,,,,,
,-3357,-4,,,,,,,,,2,4,-6,,,,,,,,,,
,-93,4,,,,,,,,,-4,-6,,,,,,,,,,,
,-96,,,,,,,,,,-7,2,-3,,,,,,,,,,
,671,-1,,,,,,,,,12,2,,,,,,,,,,,
,37,2,,,,,,,,,9,-3,2,,,,,,,,,,
,-135,-21,,,,,,,,,-13,2,2,,,,,,,,,,
,-129,3,,,,,,,,,-5,2,-6,,,,,,,,,,
,474,1,,,,,,,,,-5,-6,-10,,,,,,,,,,
,534,,,,,,,,,,8,7,17,,,,,,,,,,
,-1627,,,,,,,,,,1,1,-1,,,,,,,,,,
,-140,-27,,,,,,,,,7,-6,8,,,,,,,,,,
,463,29,,,,,,,,,12,13,5,,,,,,,,,,
,4803,-2,,,,,,,,,-1,10,-14,,,,,,,,,,
,-3736,-24,,,,,,,,,-12,-7,-1,,,,,,,,,,
,-617,-16,,,,,,,,,-9,-17,10,,,,,,,,,,
,164,32,,,,,,,,,-8,2,-2,,,,,,,,,,
,-277,-51,,,,,,,,,7,12,-8,,,,,,,,,,
,-375,1,,,,,,,,,14,-5,-1,,,,,,,,,,
,2925,11,,,,,,,,,11,9,-6,,,,,,,,,,
,-2872,-1,,,,,,,,,-15,-10,8,,,,,,,,,,
,-248,-9,,,,,,,,,-24,-12,-5,,,,,,,,,,
,768,-4,,,,,,,,,11,5,,,,,,,,,,,
,411,2,,,,,,,,,8,5,1,,,,,,,,,,
,-345,-19,,,,,,,,,-5,6,2,,,,,,,,,,
,-226,1,,,,,,,,,-3,-11,,,,,,,,,,,
,1021,7,,,,,,,,,2,6,-1,,,,,,,,,,
,83,-3,,,,,,,,,6,5,5,,,,,,,,,,
,-1523,1,,,,,,,,,10,4,-7,,,,,,,,,,
,603,-1,,,,,,,,,-1,-4,-3,,,,,,,,,,
,-484,-17,,,,,,,,,-7,5,-3,,,,,,,,,,
,155,-1,,,,,,,,,4,2,1,,,,,,,,,,
,-14,14,,,,,,,,,-4,-7,3,,,,,,,,,,
,623,-13,,,,,,,,,,5,4,,,,,,,,,,
,-222,-20,,,,,,,,,7,-3,-6,,,,,,,,,,
,887,,,,,,,,,,-17,-7,1,,,,,,,,,,
,-434,2,,,,,,,,,10,2,11,,,,,,,,,,
,-1042,15,,,,,,,,,12,,-6,,,,,,,,,,
,286,-16,,,,,,,,,-3,-9,-7,,,,,,,,,,
,753,,,,,,,,,,-4,9,2,,,,,,,,,,
,-409,1,,,,,,,,,-2,-1,15,,,,,,,,,,
,16,-1,,,,,,,,,-18,4,-3,,,,,,,,,,
,-462,-17,,,,,,,,,5,5,-4,,,,,,,,,,
,274,13,,,,,,,,,7,-8,-8,,,,,,,,,,
,176,-1,,,,,,,,,-3,-3,-7,,,,,,,,,,
,-1006,-1,,,,,,,,,-8,5,12,,,,,,,,,,
,485,-11,,,,,,,,,12,5,-3,,,,,,,,,,
,120,,,,,,,,,,-3,-9,1,,,,,,,,,,
,883,5,,,,,,,,,-1,9,-6,,,,,,,,,,
,-847,12,,,,,,,,,11,-7,-5,,,,,,,,,,
,-472,-29,,,,,,,,,5,12,5,,,,,,,,,,
,1899,57,,,,,,,,,-7,,4,,,,,,,,,,
,-1531,-57,,,,,,,,,-1,-7,4,,,,,,,,,,
,25,18,,,,,,,,,-2,-2,3,,,,,,,,,,
,794,-18,,,,,,,,,2,2,-9,,,,,,,,,,
,-931,-1,,,,,,,,,13,5,9,,,,,,,,,,
,-12,2,,,,,,,,,7,-14,-3,,,,,,,,,,
,-314,,,,,,,,,,-14,5,-7,,,,,,,,,,
,614,-1,,,,,,,,,1,6,5,,,,,,,,,,
,-462,1,,,,,,,,,1,,11,,,,,,,,,,
,510,-34,,,,,,,,,2,,-17,,,,,,,,,,
,-391,1,,,,,,,,,-13,8,17,,,,,,,,,,
,895,,,,,,,,,,-1,3,-3,,,,,,,,,,
,-768,7,,,,,,,,,10,-10,-9,,,,,,,,,,
,172,-21,,,,,,,,,-9,-8,13,,,,,,,,,,
,379,,,,,,,,,,1,7,-3,,,,,,,,,,
,-411,14,,,,,,,,,2,7,-12,,,,,,,,,,
,-448,-11,,,,,,,,,8,-17,11,,,,,,,,,,
,1601,11,,,,,,,,,-2,-6,-1,,,,,,,,,,
,-1599,-31,,,,,,,,,-5,12,-7,,,,,,,,,,
,6932,22,,,,,,,,,-7,-2,2,,,,,,,,,,
,-2897,-4,,,,,,,,,-1,-14,2,,,,,,,,,,
,-3392,-18,,,,,,,,,3,10,,,,,,,,,,,
,-281,3,,,,,,,,,,15,-4,,,,,,,,,,
,983,-16,,,,,,,,,4,-10,,,,,,,,,,,
,-1215,17,,,,,,,,,5,-3,-4,,,,,,,,,,
,2081,-5,,,,,,,,,-14,,6,,,,,,,,,,
,-1636,-12,,,,,,,,,-2,-14,,,,,,,,,,,
,-609,11,,,,,,,,,-1,5,,,,,,,,,,,
,1053,-11,,,,,,,,,10,3,-6,,,,,,,,,,
,-1258,-13,,,,,,,,,6,1,2,,,,,,,,,,
,1202,-14,,,,,,,,,7,18,-1,,,,,,,,,,
,343,-4,,,,,,,,,-13,,3,,,,,,,,,,
,-1773,4,,,,,,,,,,-8,-3,,,,,,,,,,
,936,13,,,,,,,,,3,11,1,,,,,,,,,,
,-102,-4,,,,,,,,,-6,-4,-11,,,,,,,,,,
,762,-13,,,,,,,,,2,-24,6,,,,,,,,,,
,1242,,,,,,,,,,10,-6,11,,,,,,,,,,
,-2436,7,,,,,,,,,-14,9,-5,,,,,,,,,,
,782,-24,,,,,,,,,5,11,-7,,,,,,,,,,
,1102,,,,,,,,,,6,-1,4,,,,,,,,,,
,-1698,,,,,,,,,,-14,-8,11,,,,,,,,,,
,-64,,,,,,,,,,-2,21,-5,,,,,,,,,,
,77,-9,,,,,,,,,2,11,13,,,,,,,,,,
,579,,,,,,,,,,3,-12,-5,,,,,,,,,,
,111,9,,,,,,,,,5,-11,-8,,,,,,,,,,
,19,-10,,,,,,,,,8,-5,5,,,,,,,,,,
,111,,,,,,,,,,-3,3,-12,,,,,,,,,,
,416,-18,,,,,,,,,-7,3,12,,,,,,,,,,
,-542,18,,,,,,,,,4,1,-5,,,,,,,,,,
,2596,-19,,,,,,,,,8,11,-6,,,,,,,,,,
,-2821,-12,,,,,,,,,1,-7,-1,,,,,,,,,,
,-567,16,,,,,,,,,1,-1,5,,,,,,,,,,
,609,-4,,,,,,,,,-14,1,6,,,,,,,,,,
,-530,5,,,,,,,,,-10,-9,-8,,,,,,,,,,
,110,-14,,,,,,,,,5,11,-2,,,,,,,,,,
,1213,-24,,,,,,,,,10,-2,8,,,,,,,,,,
,-1463,22,,,,,,,,,-13,,-9,,,,,,,,,,
,-76,-18,,,,,,,,,14,-4,2,,,,,,,,,,
,-65,-4,,,,,,,,,-11,-11,-7,,,,,,,,,,
,-92,18,,,,,,,,,4,-9,6,,,,,,,,,,
,449,-18,,,,,,,,,-11,17,-2,,,,,,,,,,
,-261,,,,,,,,,,19,5,5,,,,,,,,,,
,567,,,,,,,,,,7,1,4,,,,,,,,,,
,230,,,,,,,,,,-1,9,-3,,,,,,,,,,
,-67,-26,,,,,,,,,-9,-13,-5,,,,,,,,,,
,-358,21,,,,,,,,,8,4,12,,,,,,,,,,
,-472,-21,,,,,,,,,2,7,8,,,,,,,,,,
,398,-5,,,,,,,,,-17,,-10,,,,,,,,,,
,51,18,,,,,,,,,6,3,-9,,,,,,,,,,
,178,-19,,,,,,,,,1,-23,1,,,,,,,,,,
,3115,6,,,,,,,,,-7,4,-4,,,,,,,,,,
,-3061,,,,,,,,,,-2,3,9,,,,,,,,,,
,-233,-5,,,,,,,,,-7,-3,5,,,,,,,,,,
,126,,,,,,,,,,22,1,-8,,,,,,,,,,
,-567,,,,,,,,,,-11,10,-2,,,,,,,,,,
,537,-30,,,,,,,,,-14,-7,-11,,,,,,,,,,
,83,,,,,,,,,,6,3,5,,,,,,,,,,
,781,4,,,,,,,,,14,1,8,,,,,,,,,,
,-209,5,,,,,,,,,6,-12,,,,,,,,,,,
,-1078,-14,,,,,,,,,-9,-3,2,,,,,,,,,,
,403,-8,,,,,,,,,-12,7,-14,,,,,,,,,,
,-432,3,,,,,,,,,6,10,5,,,,,,,,,,
,316,10,,,,,,,,,6,-6,8,,,,,,,,,,
,1517,-13,,,,,,,,,,-4,-10,,,,,,,,,,
,-2084,-22,,,,,,,,,1,1,-3,,,,,,,,,,
,585,3,,,,,,,,,-4,,5,,,,,,,,,,
,-239,1,,,,,,,,,-4,-5,5,,,,,,,,,,
,-17,-10,,,,,,,,,5,3,2,,,,,,,,,,
,-326,10,,,,,,,,,-7,-1,-2,,,,,,,,,,
,874,,,,,,,,,,5,3,2,,,,,,,,,,
,-669,3,,,,,,,,,-1,,,,,,,,,,,,
,-284,-3,,,,,,,,,,3,-3,,,,,,,,,,
,735,,,,,,,,,,6,-6,6,,,,,,,,,,
,-624,-52,,,,,,,,,6,2,5,,,,,,,,,,
,-432,44,,,,,,,,,,11,-3,,,,,,,,,,
,4273,-1,,,,,,,,,-8,3,,,,,,,,,,,
,-3121,-1,,,,,,,,,1,-1,-7,,,,,,,,,,
,-387,-54,,,,,,,,,,-17,7,,,,,,,,,,
,2668,,,,,,,,,,-8,4,-4,,,,,,,,,,
,-1304,1,,,,,,,,,-7,-2,1,,,,,,,,,,
,-2233,37,,,,,,,,,19,,1,,,,,,,,,,
,-182,-2,,,,,,,,,7,,-6,,,,,,,,,,
,1226,-53,,,,,,,,,-2,8,3,,,,,,,,,,
,3712,-2,,,,,,,,,-12,6,3,,,,,,,,,,
,-3546,18,,,,,,,,,-4,-5,-13,,,,,,,,,,
,-396,1,,,,,,,,,2,-17,14,,,,,,,,,,
,1841,-20,,,,,,,,,-5,8,5,,,,,,,,,,
,-2233,,,,,,,,,,1,7,-9,,,,,,,,,,
,-217,,,,,,,,,,16,-2,4,,,,,,,,,,
,-362,-10,,,,,,,,,6,16,2,,,,,,,,,,
,101,-2,,,,,,,,,4,-9,-8,,,,,,,,,,
,66,14,,,,,,,,,-13,-5,2,,,,,,,,,,
,303,-13,,,,,,,,,2,1,-3,,,,,,,,,,
,2619,-21,,,,,,,,,1,-9,6,,,,,,,,,,
,-2052,-5,,,,,,,,,-2,16,-3,,,,,,,,,,
,310,6,,,,,,,,,12,-7,-2,,,,,,,,,,
,-246,,,,,,,,,,-6,-16,1,,,,,,,,,,
,148,-10,,,,,,,,,-1,4,-1,,,,,,,,,,
,-1166,-1,,,,,,,,,-14,19,,,,,,,,,,,
,1651,1,,,,,,,,,13,-12,-2,,,,,,,,,,
,-903,,,,,,,,,,-6,2,1,,,,,,,,,,
,744,9,,,,,,,,,-11,-8,4,,,,,,,,,,
,-604,-30,,,,,,,,,16,11,1,,,,,,,,,,
,-75,1,,,,,,,,,-1,-10,-6,,,,,,,,,,
,-626,1,,,,,,,,,-21,-10,4,,,,,,,,,,
,750,-12,,,,,,,,,11,20,10,,,,,,,,,,
,-334,-2,,,,,,,,,-2,-8,-9,,,,,,,,,,
,814,2,,,,,,,,,-2,10,9,,,,,,,,,,
,1525,16,,,,,,,,,4,3,-9,,,,,,,,,,
,-2974,-4,,,,,,,,,8,-4,,,,,,,,,,,
,537,-2,,,,,,,,,-3,-3,-3,,,,,,,,,,
,-343,-11,,,,,,,,,4,-7,7,,,,,,,,,,
,605,-1,,,,,,,,,-1,5,8,,,,,,,,,,
,-363,2,,,,,,,,,-7,-6,-8,,,,,,,,,,
,-276,-31,,,,,,,,,-2,7,5,,,,,,,,,,
,588,9,,,,,,,,,1,3,,,,,,,,,,,
,433,2,,,,,,,,,-2,10,-5,,,,,,,,,,
,-745,-11,,,,,,,,,-10,-6,-10,,,,,,,,,,
,109,-1,,,,,,,,,11,-5,,,,,,,,,,,
,292,2,,,,,,,,,6,,4,,,,,,,,,,
,-291,,,,,,,,,,4,-1,2,,,,,,,,,,
,337,-3,,,,,,,,,3,-6,-6,,,,,,,,,,
,-243,3,,,,,,,,,-9,-3,1,,,,,,,,,,
,62,-21,,,,,,,,,-3,3,17,,,,,,,,,,
,-108,-12,,,,,,,,,-1,-8,-17,,,,,,,,,,
,286,1,,,,,,,,,3,7,-4,,,,,,,,,,
,913,1,,,,,,,,,-3,3,8,,,,,,,,,,
,-1053,-1,,,,,,,,,-2,1,6,,,,,,,,,,
,-373,14,,,,,,,,,20,3,-1,,,,,,,,,,
,90,-32,,,,,,,,,6,-8,-1,,,,,,,,,,
,449,17,,,,,,,,,-26,2,-8,,,,,,,,,,
,-134,2,,,,,,,,,4,10,-3,,,,,,,,,,
,240,-20,,,,,,,,,1,12,3,,,,,,,,,,
,-516,,,,,,,,,,,-18,4,,,,,,,,,,
,634,4,,,,,,,,,-1,-4,-1,,,,,,,,,,
,353,-5,,,,,,,,,1,15,8,,,,,,,,,,
,-646,-12,,,,,,,,,-12,-7,6,,,,,,,,,,
,-157,2,,,,,,,,,26,15,1,,,,,,,,,,
,353,9,,,,,,,,,2,5,-9,,,,,,,,,,
,-405,-9,,,,,,,,,-17,-21,-5,,,,,,,,,,
,-420,-20,,,,,,,,,7,10,,,,,,,,,,,
,122,,,,,,,,,,-17,-4,-1,,,,,,,,,,
,524,-11,,,,,,,,,2,-13,8,,,,,,,,,,
,341,12,,,,,,,,,11,-3,2,,,,,,,,,,
,1751,-1,,,,,,,,,4,6,-8,,,,,,,,,,
,-1533,-12,,,,,,,,,-6,-1,5,,,,,,,,,,
,-739,1,,,,,,,,,-7,-7,-3,,,,,,,,,,
,676,,,,,,,,,,8,12,-8,,,,,,,,,,
,-90,-20,,,,,,,,,-7,1,5,,,,,,,,,,
,-1034,1,,,,,,,,,2,1,-2,,,,,,,,,,
,947,-1,,,,,,,,,-4,-1,12,,,,,,,,,,
,-107,,,,,,,,,,4,-6,-2,,,,,,,,,,
,-918,-12,,,,,,,,,11,2,-11,,,,,,,,,,
,1943,2,,,,,,,,,2,-11,2,,,,,,,,,,
,-2397,-7,,,,,,,,,-3,-4,-3,,,,,,,,,,
,517,16,,,,,,,,,2,14,,,,,,,,,,,
,90,-11,,,,,,,,,-4,9,7,,,,,,,,,,
,-328,2,,,,,,,,,-4,,5,,,,,,,,,,
,239,-1,,,,,,,,,-6,4,1,,,,,,,,,,
,-430,,,,,,,,,,7,2,6,,,,,,,,,,
,1245,-18,,,,,,,,,7,-19,-5,,,,,,,,,,
,-570,-3,,,,,,,,,-7,,-2,,,,,,,,,,
,-247,-13,,,,,,,,,14,6,-3,,,,,,,,,,
,895,4,,,,,,,,,-1,,3,,,,,,,,,,
,-332,10,,,,,,,,,2,-2,-3,,,,,,,,,,
,-60,-10,,,,,,,,,-5,3,-2,,,,,,,,,,
,136,10,,,,,,,,,-2,1,-4,,,,,,,,,,
,-336,-10,,,,,,,,,-8,5,-3,,,,,,,,,,
,547,-21,,,,,,,,,-3,-2,-1,,,,,,,,,,
,-718,21,,,,,,,,,12,-11,11,,,,,,,,,,
,1969,-31,,,,,,,,,-4,-7,4,,,,,,,,,,
,-2419,12,,,,,,,,,-6,3,-6,,,,,,,,,,
,1309,-11,,,,,,,,,3,-1,-6,,,,,,,,,,
,-619,-1,,,,,,,,,5,8,-4,,,,,,,,,,
,824,-1,,,,,,,,,-4,3,1,,,,,,,,,,
,-1345,12,,,,,,,,,7,5,6,,,,,,,,,,
,1147,-10,,,,,,,,,,-3,,,,,,,,,,,
,-517,-24,,,,,,,,,-6,-2,5,,,,,,,,,,
,-328,24,,,,,,,,,4,-8,7,,,,,,,,,,
,441,-20,,,,,,,,,-3,-2,-3,,,,,,,,,,
,380,-13,,,,,,,,,-3,9,-13,,,,,,,,,,
,-96,2,,,,,,,,,6,-2,1,,,,,,,,,,
,-1016,,,,,,,,,,5,5,-3,,,,,,,,,,
,1171,,,,,,,,,,-12,-8,,,,,,,,,,,
,-1084,10,,,,,,,,,,11,5,,,,,,,,,,
,552,2,,,,,,,,,-6,-11,4,,,,,,,,,,
,-568,-12,,,,,,,,,1,8,1,,,,,,,,,,
,408,-7,,,,,,,,,7,9,,,,,,,,,,,
,189,-5,,,,,,,,,,-14,8,,,,,,,,,,
,-323,-13,,,,,,,,,7,7,-10,,,,,,,,,,
,284,13,,,,,,,,,-8,-15,-2,,,,,,,,,,
,563,,,,,,,,,,-4,7,12,,,,,,,,,,
,188,10,,,,,,,,,-5,7,-6,,,,,,,,,,
,-532,-9,,,,,,,,,2,-1,4,,,,,,,,,,
,-760,-26,,,,,,,,,-7,-5,-8,,,,,,,,,,
,1139,25,,,,,,,,,,-7,-8,,,,,,,,,,
,-156,-17,,,,,,,,,2,9,1,,,,,,,,,,
,-101,-28,,,,,,,,,9,6,3,,,,,,,,,,
,-1167,4,,,,,,,,,-1,5,-5,,,,,,,,,,
,424,-1,,,,,,,,,8,-4,9,,,,,,,,,,
,544,,,,,,,,,,-11,6,-7,,,,,,,,,,
,-83,,,,,,,,,,15,5,-4,,,,,,,,,,
,-327,-20,,,,,,,,,-4,-9,3,,,,,,,,,,
,1218,-2,,,,,,,,,-11,,6,,,,,,,,,,
,3580,4,,,,,,,,,15,-6,9,,,,,,,,,,
,-2941,-2,,,,,,,,,-11,-2,1,,,,,,,,,,
,-3171,-7,,,,,,,,,-4,5,-5,,,,,,,,,,
,1065,5,,,,,,,,,8,-5,-8,,,,,,,,,,
,1141,1,,,,,,,,,14,18,-1,,,,,,,,,,
,-130,6,,,,,,,,,-20,-10,4,,,,,,,,,,
,-953,-16,,,,,,,,,3,-11,-3,,,,,,,,,,
,252,,,,,,,,,,8,-2,-7,,,,,,,,,,
,371,-21,,,,,,,,,6,24,13,,,,,,,,,,
,-238,6,,,,,,,,,-6,-4,9,,,,,,,,,,
,44,12,,,,,,,,,-20,-24,-8,,,,,,,,,,
,240,-19,,,,,,,,,1,-5,-10,,,,,,,,,,
,4644,1,,,,,,,,,9,2,-7,,,,,,,,,,
,-3795,-14,,,,,,,,,-3,7,9,,,,,,,,,,
,-2031,3,,,,,,,,,8,6,17,,,,,,,,,,
,3967,12,,,,,,,,,-11,-5,-4,,,,,,,,,,
,-3016,-1,,,,,,,,,-9,-6,,,,,,,,,,,
,1595,-13,,,,,,,,,12,13,-13,,,,,,,,,,
,-2104,9,,,,,,,,,-1,4,-14,,,,,,,,,,
,86,-26,,,,,,,,,11,3,15,,,,,,,,,,
,522,-2,,,,,,,,,7,-15,7,,,,,,,,,,
,125,-11,,,,,,,,,-7,3,,,,,,,,,,,
,-219,2,,,,,,,,,-3,-2,-15,,,,,,,,,,
,-566,10,,,,,,,,,5,-3,3,,,,,,,,,,
,569,-14,,,,,,,,,-15,2,8,,,,,,,,,,
,-569,9,,,,,,,,,3,-3,4,,,,,,,,,,
,1376,-8,,,,,,,,,-3,-1,9,,,,,,,,,,
,-1022,-18,,,,,,,,,5,19,-21,,,,,,,,,,
,-241,22,,,,,,,,,-15,1,5,,,,,,,,,,
,932,-3,,,,,,,,,15,-11,11,,,,,,,,,,
,-234,-13,,,,,,,,,3,-12,-9,,,,,,,,,,
,-235,-4,,,,,,,,,2,9,-9,,,,,,,,,,
,2621,-1,,,,,,,,,7,5,12,,,,,,,,,,
,-2941,-8,,,,,,,,,-10,-11,5,,,,,,,,,,
,3398,8,,,,,,,,,-9,-1,-9,,,,,,,,,,
,-3169,,,,,,,,,,-15,-6,-3,,,,,,,,,,
,1746,,,,,,,,,,33,21,4,,,,,,,,,,
,-2092,-16,,,,,,,,,12,8,13,,,,,,,,,,
,307,,,,,,,,,,-22,-18,-13,,,,,,,,,,
,-512,,,,,,,,,,,1,4,,,,,,,,,,
,-526,-27,,,,,,,,,-3,3,6,,,,,,,,,,
,2522,26,,,,,,,,,10,-1,-6,,,,,,,,,,
,-1824,,,,,,,,,,15,3,-1,,,,,,,,,,
,177,1,,,,,,,,,-13,16,6,,,,,,,,,,
,1691,-24,,,,,,,,,-18,-12,4,,,,,,,,,,
,-1695,4,,,,,,,,,9,-8,-3,,,,,,,,,,
,766,-27,,,,,,,,,-7,10,-18,,,,,,,,,,
,-581,6,,,,,,,,,12,-6,6,,,,,,,,,,
,1207,16,,,,,,,,,-4,-6,-2,,,,,,,,,,
,-2098,-16,,,,,,,,,1,8,-3,,,,,,,,,,
,776,4,,,,,,,,,3,,16,,,,,,,,,,
,3792,-22,,,,,,,,,-11,-6,-1,,,,,,,,,,
,-3272,1,,,,,,,,,-11,11,-5,,,,,,,,,,
,-364,1,,,,,,,,,6,2,,,,,,,,,,,
,11,-16,,,,,,,,,19,-7,-13,,,,,,,,,,
,425,-3,,,,,,,,,-8,,8,,,,,,,,,,
,-900,,,,,,,,,,3,2,6,,,,,,,,,,
,-175,,,,,,,,,,9,2,-4,,,,,,,,,,
,-92,-13,,,,,,,,,-1,-4,-14,,,,,,,,,,
,97,14,,,,,,,,,1,-6,11,,,,,,,,,,
,258,-12,,,,,,,,,1,3,11,,,,,,,,,,
,-207,-1,,,,,,,,,-13,3,2,,,,,,,,,,
,341,16,,,,,,,,,,6,-1,,,,,,,,,,
,-112,-15,,,,,,,,,4,9,-8,,,,,,,,,,
,-417,-18,,,,,,,,,-3,-18,-3,,,,,,,,,,
,-64,-5,,,,,,,,,-3,,2,,,,,,,,,,
,82,2,,,,,,,,,3,4,3,,,,,,,,,,
,650,1,,,,,,,,,6,8,-2,,,,,,,,,,
,1763,18,,,,,,,,,-4,-6,2,,,,,,,,,,
,-2455,-17,,,,,,,,,-2,-6,-1,,,,,,,,,,
,-535,,,,,,,,,,-7,,-11,,,,,,,,,,
,630,-9,,,,,,,,,5,-5,8,,,,,,,,,,
,-514,-5,,,,,,,,,1,-3,-1,,,,,,,,,,
,-105,6,,,,,,,,,4,1,10,,,,,,,,,,
,314,1,,,,,,,,,13,9,-7,,,,,,,,,,
,-336,-7,,,,,,,,,-13,10,2,,,,,,,,,,
,416,-5,,,,,,,,,,-2,-1,,,,,,,,,,
,-311,2,,,,,,,,,8,-2,-4,,,,,,,,,,
,205,9,,,,,,,,,-3,-1,-3,,,,,,,,,,
,-113,7,,,,,,,,,-15,-24,5,,,,,,,,,,
,387,,,,,,,,,,8,-5,9,,,,,,,,,,
,-28,-28,,,,,,,,,,17,2,,,,,,,,,,
,-370,-4,,,,,,,,,-1,7,-7,,,,,,,,,,
,114,22,,,,,,,,,-1,-19,-7,,,,,,,,,,
,467,-17,,,,,,,,,5,-5,3,,,,,,,,,,
,34,-4,,,,,,,,,-1,14,,,,,,,,,,,
,-396,2,,,,,,,,,8,11,,,,,,,,,,,
,-120,-2,,,,,,,,,-10,-5,6,,,,,,,,,,
,792,1,,,,,,,,,1,9,-4,,,,,,,,,,
,-124,,,,,,,,,,-3,6,1,,,,,,,,,,
,70,,,,,,,,,,5,-12,-2,,,,,,,,,,
,56,,,,,,,,,,2,1,-13,,,,,,,,,,
,-538,-26,,,,,,,,,-16,-4,-2,,,,,,,,,,
,608,26,,,,,,,,,19,6,17,,,,,,,,,,
,642,-47,,,,,,,,,9,-7,8,,,,,,,,,,
,-908,17,,,,,,,,,-11,1,-8,,,,,,,,,,
,-280,-3,,,,,,,,,-4,-6,4,,,,,,,,,,
,-435,-11,,,,,,,,,-7,5,-7,,,,,,,,,,
,-176,1,,,,,,,,,11,18,-9,,,,,,,,,,
,-204,9,,,,,,,,,5,2,9,,,,,,,,,,
,27,-26,,,,,,,,,-4,-12,6,,,,,,,,,,
,220,13,,,,,,,,,1,-2,-13,,,,,,,,,,
,217,,,,,,,,,,-5,6,5,,,,,,,,,,
,-40,-30,,,,,,,,,12,-4,12,,,,,,,,,,
,-269,17,,,,,,,,,-17,-10,-5,,,,,,,,,,
,813,-17,,,,,,,,,-6,5,-8,,,,,,,,,,
,345,13,,,,,,,,,6,1,8,,,,,,,,,,
,-1124,-10,,,,,,,,,7,-2,-3,,,,,,,,,,
,-182,,,,,,,,,,6,-6,-5,,,,,,,,,,
,1663,2,,,,,,,,,1,2,4,,,,,,,,,,
,-1527,-5,,,,,,,,,-12,10,,,,,,,,,,,
,665,-19,,,,,,,,,7,3,7,,,,,,,,,,
,-392,1,,,,,,,,,-12,,1,,,,,,,,,,
,455,,,,,,,,,,3,-11,-4,,,,,,,,,,
,-461,,,,,,,,,,5,10,1,,,,,,,,,,
,-251,5,,,,,,,,,5,5,12,,,,,,,,,,
,-59,-18,,,,,,,,,-5,-10,,,,,,,,,,,
,-38,3,,,,,,,,,7,3,-6,,,,,,,,,,
,1470,-16,,,,,,,,,-5,,-12,,,,,,,,,,
,-214,-4,,,,,,,,,-14,-18,5,,,,,,,,,,
,816,21,,,,,,,,,-4,16,-1,,,,,,,,,,
,-244,-21,,,,,,,,,11,9,-3,,,,,,,,,,
,-451,,,,,,,,,,9,-2,8,,,,,,,,,,
,-355,,,,,,,,,,-6,-2,-10,,,,,,,,,,
,390,-9,,,,,,,,,4,-8,-1,,,,,,,,,,
,-29,12,,,,,,,,,-3,8,-1,,,,,,,,,,
,-678,-12,,,,,,,,,2,3,3,,,,,,,,,,
,-189,-21,,,,,,,,,-13,-6,,,,,,,,,,,
,113,19,,,,,,,,,-5,4,-5,,,,,,,,,,
,474,-18,,,,,,,,,-7,-14,6,,,,,,,,,,
,-758,-1,,,,,,,,,12,-7,-8,,,,,,,,,,
,1110,1,,,,,,,,,2,12,8,,,,,,,,,,
,-312,-11,,,,,,,,,4,10,4,,,,,,,,,,
,119,10,,,,,,,,,17,-5,2,,,,,,,,,,
,-724,-11,,,,,,,,,-13,,3,,,,,,,,,,
,-89,-17,,,,,,,,,-15,-3,-9,,,,,,,,,,
,-194,18,,,,,,,,,20,-9,3,,,,,,,,,,
,-105,-22,,,,,,,,,-8,4,-10,,,,,,,,,,
,-211,,,,,,,,,,-5,13,7,,,,,,,,,,
,413,,,,,,,,,,-1,-20,2,,,,,,,,,,
,-315,-2,,,,,,,,,8,8,1,,,,,,,,,,
,1042,-11,,,,,,,,,-1,6,-4,,,,,,,,,,
,-728,13,,,,,,,,,-7,-14,-2,,,,,,,,,,
,654,-9,,,,,,,,,,17,3,,,,,,,,,,
,-688,12,,,,,,,,,15,-11,2,,,,,,,,,,
,2387,-16,,,,,,,,,9,14,-5,,,,,,,,,,
,-2769,13,,,,,,,,,-8,10,-6,,,,,,,,,,
,157,-10,,,,,,,,,-1,-3,6,,,,,,,,,,
,44,-21,,,,,,,,,,-5,5,,,,,,,,,,
,-37,3,,,,,,,,,-12,-16,-1,,,,,,,,,,
,-278,-7,,,,,,,,,-4,-12,9,,,,,,,,,,
,115,-6,,,,,,,,,17,4,-6,,,,,,,,,,
,-69,10,,,,,,,,,-9,7,7,,,,,,,,,,
,141,,,,,,,,,,-2,4,-7,,,,,,,,,,
,1968,-32,,,,,,,,,6,-9,-3,,,,,,,,,,
,-2188,16,,,,,,,,,-8,7,3,,,,,,,,,,
,280,-14,,,,,,,,,8,9,,,,,,,,,,,
,-154,20,,,,,,,,,-1,-3,-5,,,,,,,,,,
,10,-20,,,,,,,,,3,-5,-7,,,,,,,,,,
,57,-10,,,,,,,,,-14,-1,-6,,,,,,,,,,
,83,13,,,,,,,,,1,,12,,,,,,,,,,
,959,-16,,,,,,,,,10,-9,-1,,,,,,,,,,
,-692,13,,,,,,,,,-2,13,,,,,,,,,,,
,-140,-31,,,,,,,,,6,-9,-3,,,,,,,,,,
,1069,18,,,,,,,,,3,4,9,,,,,,,,,,
,-1281,-13,,,,,,,,,-8,5,3,,,,,,,,,,
,-12,-5,,,,,,,,,9,,-12,,,,,,,,,,
,1480,7,,,,,,,,,10,2,-1,,,,,,,,,,
,-1489,6,,,,,,,,,-13,-5,9,,,,,,,,,,
,232,-13,,,,,,,,,3,5,,,,,,,,,,,
,-77,,,,,,,,,,-5,9,8,,,,,,,,,,
,596,,,,,,,,,,1,12,-12,,,,,,,,,,
,-1021,-54,,,,,,,,,-6,-19,3,,,,,,,,,,
,-14,,,,,,,,,,-4,2,-5,,,,,,,,,,
,-37,,,,,,,,,,1,,-4,,,,,,,,,,
,223,59,,,,,,,,,-2,-17,,,,,,,,,,,
,196,-59,,,,,,,,,7,5,5,,,,,,,,,,
,-193,-10,,,,,,,,,1,3,14,,,,,,,,,,
,-245,-1,,,,,,,,,4,2,-9,,,,,,,,,,
,323,11,,,,,,,,,-14,5,-1,,,,,,,,,,
,80,-25,,,,,,,,,5,-9,11,,,,,,,,,,
,1395,24,,,,,,,,,,4,-2,,,,,,,,,,
,-877,-30,,,,,,,,,-5,,-10,,,,,,,,,,
,348,22,,,,,,,,,7,12,13,,,,,,,,,,
,-236,-1,,,,,,,,,5,-8,-8,,,,,,,,,,
,-762,-20,,,,,,,,,-15,2,2,,,,,,,,,,
,486,1,,,,,,,,,-1,9,,,,,,,,,,,
,-640,-12,,,,,,,,,19,-18,-16,,,,,,,,,,
,-142,11,,,,,,,,,4,3,1,,,,,,,,,,
,452,-11,,,,,,,,,-6,-8,,,,,,,,,,,
,-59,,,,,,,,,,-3,-5,17,,,,,,,,,,
,-227,,,,,,,,,,5,15,-5,,,,,,,,,,
,350,-20,,,,,,,,,,-7,,,,,,,,,,,
,1052,1,,,,,,,,,-5,6,-1,,,,,,,,,,
,-1635,-12,,,,,,,,,-12,9,-4,,,,,,,,,,
,3127,1,,,,,,,,,9,1,4,,,,,,,,,,
,-1913,-1,,,,,,,,,4,,-1,,,,,,,,,,
,1862,,,,,,,,,,-11,4,13,,,,,,,,,,
,-2694,1,,,,,,,,,7,-22,-3,,,,,,,,,,
,145,-21,,,,,,,,,8,9,-12,,,,,,,,,,
,-436,,,,,,,,,,-6,-5,-5,,,,,,,,,,
,503,18,,,,,,,,,-2,-20,-3,,,,,,,,,,
,-315,2,,,,,,,,,-5,6,1,,,,,,,,,,
,1142,-32,,,,,,,,,6,7,2,,,,,,,,,,
,-559,2,,,,,,,,,-8,12,,,,,,,,,,,
,3600,2,,,,,,,,,-6,20,-5,,,,,,,,,,
,-3337,6,,,,,,,,,8,-15,6,,,,,,,,,,
,-282,3,,,,,,,,,2,1,1,,,,,,,,,,
,-63,,,,,,,,,,-6,-11,3,,,,,,,,,,
,-32,-32,,,,,,,,,2,4,,,,,,,,,,,
,128,18,,,,,,,,,9,9,-2,,,,,,,,,,
,-539,3,,,,,,,,,11,10,-4,,,,,,,,,,
,1400,-20,,,,,,,,,-5,-2,-1,,,,,,,,,,
,-894,1,,,,,,,,,-11,-4,4,,,,,,,,,,
,592,-11,,,,,,,,,13,1,1,,,,,,,,,,
,-880,-1,,,,,,,,,,-17,1,,,,,,,,,,
,1323,11,,,,,,,,,-2,-4,1,,,,,,,,,,
,-799,,,,,,,,,,-2,5,2,,,,,,,,,,
,-218,-31,,,,,,,,,-9,-6,-2,,,,,,,,,,
,4739,1,,,,,,,,,1,13,2,,,,,,,,,,
,-3328,19,,,,,,,,,-14,-2,-2,,,,,,,,,,
,-1082,-2,,,,,,,,,-5,-10,,,,,,,,,,,
,1451,-18,,,,,,,,,18,8,10,,,,,,,,,,
,-1799,-9,,,,,,,,,-2,-2,-8,,,,,,,,,,
,1065,-2,,,,,,,,,7,18,-3,,,,,,,,,,
,-1034,,,,,,,,,,-9,-10,7,,,,,,,,,,
,-90,11,,,,,,,,,5,-23,-4,,,,,,,,,,
,705,-31,,,,,,,,,3,9,-5,,,,,,,,,,
,121,22,,,,,,,,,9,8,2,,,,,,,,,,
,-270,-1,,,,,,,,,-10,-7,6,,,,,,,,,,
,-536,-20,,,,,,,,,,-16,-3,,,,,,,,,,
,1646,-13,,,,,,,,,7,33,1,,,,,,,,,,
,257,14,,,,,,,,,-9,5,1,,,,,,,,,,
,-1813,-2,,,,,,,,,8,-17,1,,,,,,,,,,
,99,-9,,,,,,,,,1,9,1,,,,,,,,,,
,-439,-1,,,,,,,,,2,-8,-6,,,,,,,,,,
,1007,,,,,,,,,,-11,1,3,,,,,,,,,,
,1373,6,,,,,,,,,7,-2,1,,,,,,,,,,
,-1482,-14,,,,,,,,,-12,7,2,,,,,,,,,,
,-402,5,,,,,,,,,-3,-14,6,,,,,,,,,,
,77,-30,,,,,,,,,11,10,-16,,,,,,,,,,
,259,2,,,,,,,,,-4,9,11,,,,,,,,,,
,-1130,1,,,,,,,,,8,-12,7,,,,,,,,,,
,1189,-1,,,,,,,,,-12,-7,1,,,,,,,,,,
,-287,,,,,,,,,,-11,8,-10,,,,,,,,,,
,-26,9,,,,,,,,,32,16,-8,,,,,,,,,,
,-134,-30,,,,,,,,,5,-5,5,,,,,,,,,,
,402,1,,,,,,,,,-14,-7,-6,,,,,,,,,,
,343,,,,,,,,,,-2,-10,-2,,,,,,,,,,
,-865,-1,,,,,,,,,-5,15,2,,,,,,,,,,
,85,10,,,,,,,,,-2,4,1,,,,,,,,,,
,19,-19,,,,,,,,,-8,-17,-4,,,,,,,,,,
,650,10,,,,,,,,,15,18,9,,,,,,,,,,
,-1092,-11,,,,,,,,,4,-10,10,,,,,,,,,,
,-23,12,,,,,,,,,-4,-8,-3,,,,,,,,,,
,353,-31,,,,,,,,,4,2,-8,,,,,,,,,,
,4474,21,,,,,,,,,-10,,-11,,,,,,,,,,
,-3778,4,,,,,,,,,4,-3,9,,,,,,,,,,
,-799,-26,,,,,,,,,-2,6,7,,,,,,,,,,
,2884,-8,,,,,,,,,4,-5,-9,,,,,,,,,,
,-3527,-1,,,,,,,,,-10,18,,,,,,,,,,,
,904,-1,,,,,,,,,-5,-7,5,,,,,,,,,,
,391,8,,,,,,,,,,-18,5,,,,,,,,,,
,-815,-7,,,,,,,,,-1,-8,-13,,,,,,,,,,
,7,-20,,,,,,,,,8,20,6,,,,,,,,,,
,1263,18,,,,,,,,,12,-2,-7,,,,,,,,,,
,-799,1,,,,,,,,,-20,-10,5,,,,,,,,,,
,1329,-32,,,,,,,,,5,2,-1,,,,,,,,,,
,-1352,,,,,,,,,,13,3,-5,,,,,,,,,,
,173,1,,,,,,,,,-5,7,2,,,,,,,,,,
,-787,,,,,,,,,,-6,-2,1,,,,,,,,,,
,3,10,,,,,,,,,14,-2,15,,,,,,,,,,
,1380,-9,,,,,,,,,-15,-6,-10,,,,,,,,,,
,-316,9,,,,,,,,,-2,1,-1,,,,,,,,,,
,-1215,-31,,,,,,,,,1,1,,,,,,,,,,,
,134,46,,,,,,,,,-1,8,-6,,,,,,,,,,
,736,-25,,,,,,,,,7,16,2,,,,,,,,,,
,2388,-31,,,,,,,,,-1,-20,10,,,,,,,,,,
,-3055,30,,,,,,,,,7,10,-3,,,,,,,,,,
,1235,-29,,,,,,,,,-8,-2,13,,,,,,,,,,
,-1109,,,,,,,,,,1,2,-9,,,,,,,,,,
,473,,,,,,,,,,14,-5,-7,,,,,,,,,,
,-222,,,,,,,,,,-4,-8,16,,,,,,,,,,
,-2,-7,,,,,,,,,-10,-5,-18,,,,,,,,,,
,304,-4,,,,,,,,,,9,-15,,,,,,,,,,
,-511,1,,,,,,,,,7,6,13,,,,,,,,,,
,-561,,,,,,,,,,-12,-5,3,,,,,,,,,,
,-101,1,,,,,,,,,7,6,-1,,,,,,,,,,
,2208,6,,,,,,,,,-6,-6,1,,,,,,,,,,
,-1855,-28,,,,,,,,,8,-5,8,,,,,,,,,,
,-27,30,,,,,,,,,4,8,-11,,,,,,,,,,
,212,-30,,,,,,,,,-5,5,5,,,,,,,,,,
,-389,-6,,,,,,,,,-6,-2,2,,,,,,,,,,
,199,23,,,,,,,,,11,5,3,,,,,,,,,,
,253,2,,,,,,,,,-4,-2,-3,,,,,,,,,,
,-244,-17,,,,,,,,,11,9,2,,,,,,,,,,
,-92,,,,,,,,,,-10,-13,6,,,,,,,,,,
,-251,-9,,,,,,,,,4,-2,-3,,,,,,,,,,
,432,-17,,,,,,,,,-6,-3,-10,,,,,,,,,,
,1237,17,,,,,,,,,-3,-4,,,,,,,,,,,
,-296,-29,,,,,,,,,6,10,-3,,,,,,,,,,
,-1213,-11,,,,,,,,,-11,-8,-3,,,,,,,,,,
,180,2,,,,,,,,,1,4,5,,,,,,,,,,
,-681,20,,,,,,,,,2,7,-2,,,,,,,,,,
,179,-11,,,,,,,,,,-11,-2,,,,,,,,,,
,218,-19,,,,,,,,,10,3,5,,,,,,,,,,
,277,-3,,,,,,,,,,17,9,,,,,,,,,,
,4595,13,,,,,,,,,3,-6,-7,,,,,,,,,,
,-1944,-24,,,,,,,,,-16,-10,9,,,,,,,,,,
,-3193,10,,,,,,,,,13,4,-6,,,,,,,,,,
,215,-17,,,,,,,,,-14,-10,6,,,,,,,,,,
,932,2,,,,,,,,,-8,-7,-11,,,,,,,,,,
,-663,16,,,,,,,,,7,18,-7,,,,,,,,,,
,5,-18,,,,,,,,,1,-5,2,,,,,,,,,,
,296,13,,,,,,,,,8,-1,-5,,,,,,,,,,
,-317,-13,,,,,,,,,9,1,15,,,,,,,,,,
,345,-12,,,,,,,,,6,,4,,,,,,,,,,
,-257,-1,,,,,,,,,-9,-2,4,,,,,,,,,,
,1174,,,,,,,,,,-8,,-9,,,,,,,,,,
,-1443,-12,,,,,,,,,2,1,-6,,,,,,,,,,
,146,12,,,,,,,,,5,9,2,,,,,,,,,,
,-115,-18,,,,,,,,,-6,-12,2,,,,,,,,,,
,1202,,,,,,,,,,-13,3,-2,,,,,,,,,,
,-817,2,,,,,,,,,15,4,3,,,,,,,,,,
,2018,-15,,,,,,,,,1,-2,-1,,,,,,,,,,
,-432,26,,,,,,,,,5,,2,,,,,,,,,,
,-2237,-12,,,,,,,,,-8,-6,1,,,,,,,,,,
,255,,,,,,,,,,-3,5,-2,,,,,,,,,,
,-320,-31,,,,,,,,,,-11,-8,,,,,,,,,,
,1456,,,,,,,,,,-10,-12,8,,,,,,,,,,
,-1655,7,,,,,,,,,8,13,11,,,,,,,,,,
,233,-6,,,,,,,,,5,8,-4,,,,,,,,,,
,72,1,,,,,,,,,-16,-2,-3,,,,,,,,,,
,228,-1,,,,,,,,,16,-10,,,,,,,,,,,
,-59,1,,,,,,,,,-3,15,-4,,,,,,,,,,
,-121,,,,,,,,,,-10,7,-13,,,,,,,,,,
,-247,,,,,,,,,,12,-1,18,,,,,,,,,,
,693,-17,,,,,,,,,10,-8,8,,,,,,,,,,
,-40,-1,,,,,,,,,-5,-13,-12,,,,,,,,,,
,-363,,,,,,,,,,-6,10,6,,,,,,,,,,
,1106,-7,,,,,,,,,2,,,,,,,,,,,,
,-842,7,,,,,,,,,10,,-8,,,,,,,,,,
,-262,-8,,,,,,,,,-12,,-4,,,,,,,,,,
,-92,9,,,,,,,,,1,-1,1,,,,,,,,,,
,678,-1,,,,,,,,,6,17,2,,,,,,,,,,
,-544,2,,,,,,,,,-6,-4,-9,,,,,,,,,,
,-175,-48,,,,,,,,,6,-15,12,,,,,,,,,,
,481,21,,,,,,,,,-6,4,2,,,,,,,,,,
,-402,-21,,,,,,,,,12,2,8,,,,,,,,,,
,-171,21,,,,,,,,,1,-2,-8,,,,,,,,,,
,3229,-18,,,,,,,,,1,3,-5,,,,,,,,,,
,-2685,,,,,,,,,,-14,12,2,,,,,,,,,,
,239,-1,,,,,,,,,-5,-11,4,,,,,,,,,,
,-653,5,,,,,,,,,4,-8,-9,,,,,,,,,,
,1066,-6,,,,,,,,,4,-6,5,,,,,,,,,,
,-375,-2,,,,,,,,,-5,-1,6,,,,,,,,,,
,446,-30,,,,,,,,,7,,-1,,,,,,,,,,
,297,1,,,,,,,,,5,-1,2,,,,,,,,,,
,-1422,19,,,,,,,,,-10,23,-4,,,,,,,,,,
,2475,-17,,,,,,,,,6,-7,-3,,,,,,,,,,
,-1101,-14,,,,,,,,,-4,-6,7,,,,,,,,,,
,-636,14,,,,,,,,,-9,13,-3,,,,,,,,,,
,-223,-15,,,,,,,,,7,-5,-5,,,,,,,,,,
,1947,3,,,,,,,,,10,-2,,,,,,,,,,,
,-1379,-3,,,,,,,,,-1,5,3,,,,,,,,,,
,-678,-19,,,,,,,,,9,9,-5,,,,,,,,,,
,866,-4,,,,,,,,,-2,-12,1,,,,,,,,,,
,18,6,,,,,,,,,-13,-4,2,,,,,,,,,,
,-1060,17,,,,,,,,,,12,-4,,,,,,,,,,
,734,-3,,,,,,,,,12,-6,1,,,,,,,,,,
,1638,-15,,,,,,,,,-8,-10,-2,,,,,,,,,,
,-2401,-2,,,,,,,,,-1,6,10,,,,,,,,,,
,728,-11,,,,,,,,,15,10,-3,,,,,,,,,,
,-394,-4,,,,,,,,,-5,-15,-19,,,,,,,,,,
,-178,28,,,,,,,,,-9,,9,,,,,,,,,,
,101,-18,,,,,,,,,-6,7,2,,,,,,,,,,
,980,-11,,,,,,,,,-4,2,-4,,,,,,,,,,
,-911,12,,,,,,,,,-7,-5,14,,,,,,,,,,
,-156,-11,,,,,,,,,10,-1,-1,,,,,,,,,,
,218,18,,,,,,,,,,1,-3,,,,,,,,,,
,-148,-2,,,,,,,,,10,1,4,,,,,,,,,,
,-438,-28,,,,,,,,,9,7,,,,,,,,,,,
,-12,20,,,,,,,,,13,-2,5,,,,,,,,,,
,257,-21,,,,,,,,,-26,-6,-1,,,,,,,,,,
,4,,,,,,,,,,7,-9,-20,,,,,,,,,,
,-286,1,,,,,,,,,-10,8,6,,,,,,,,,,
,-31,3,,,,,,,,,-3,11,5,,,,,,,,,,
,643,-3,,,,,,,,,,-2,5,,,,,,,,,,
,-867,-2,,,,,,,,,-6,-9,-7,,,,,,,,,,
,-228,-24,,,,,,,,,6,-1,2,,,,,,,,,,
,258,27,,,,,,,,,-9,,,,,,,,,,,,
,2126,10,,,,,,,,,-1,-1,8,,,,,,,,,,
,-2007,-37,,,,,,,,,23,8,-4,,,,,,,,,,
,4,-7,,,,,,,,,5,18,-11,,,,,,,,,,
,841,,,,,,,,,,-10,-11,13,,,,,,,,,,
,344,,,,,,,,,,3,-10,-4,,,,,,,,,,
,-1398,,,,,,,,,,,-9,-4,,,,,,,,,,
,806,-11,,,,,,,,,,-3,7,,,,,,,,,,
,-691,11,,,,,,,,,-19,-5,-2,,,,,,,,,,
,281,-33,,,,,,,,,-4,20,,,,,,,,,,,
,-97,23,,,,,,,,,12,,2,,,,,,,,,,
,663,1,,,,,,,,,-5,3,-2,,,,,,,,,,
,-780,-22,,,,,,,,,18,-15,8,,,,,,,,,,
,321,,,,,,,,,,-10,-5,-6,,,,,,,,,,
,221,,,,,,,,,,-1,4,-6,,,,,,,,,,
,-365,-13,,,,,,,,,2,3,-2,,,,,,,,,,
,304,,,,,,,,,,-2,6,3,,,,,,,,,,
,-589,2,,,,,,,,,-4,-6,-1,,,,,,,,,,
,356,-15,,,,,,,,,5,8,-3,,,,,,,,,,
,528,13,,,,,,,,,9,-9,15,,,,,,,,,,
,2213,-19,,,,,,,,,-16,4,2,,,,,,,,,,
,-1404,25,,,,,,,,,7,-5,-11,,,,,,,,,,
,-932,-24,,,,,,,,,13,5,3,,,,,,,,,,
,537,-13,,,,,,,,,-13,4,-5,,,,,,,,,,
,-283,4,,,,,,,,,-7,-11,-2,,,,,,,,,,
,-171,9,,,,,,,,,2,,-1,,,,,,,,,,
,343,4,,,,,,,,,3,2,1,,,,,,,,,,
,13,-31,,,,,,,,,14,3,,,,,,,,,,,
,569,,,,,,,,,,-4,12,-2,,,,,,,,,,
,-753,14,,,,,,,,,4,2,7,,,,,,,,,,
,-812,,,,,,,,,,-6,-3,-2,,,,,,,,,,
,364,-27,,,,,,,,,-9,-16,,,,,,,,,,,
,373,10,,,,,,,,,2,-12,6,,,,,,,,,,
,74,-9,,,,,,,,,6,16,6,,,,,,,,,,
,-226,9,,,,,,,,,-3,,-12,,,,,,,,,,
,752,,,,,,,,,,3,8,7,,,,,,,,,,
,1500,,,,,,,,,,-8,5,6,,,,,,,,,,
,-626,-29,,,,,,,,,8,-5,-4,,,,,,,,,,
,-1792,20,,,,,,,,,-6,-2,-1,,,,,,,,,,
,731,-21,,,,,,,,,1,-5,8,,,,,,,,,,
,-737,-1,,,,,,,,,1,19,-13,,,,,,,,,,
,681,1,,,,,,,,,2,1,-6,,,,,,,,,,
,-637,-9,,,,,,,,,-1,-11,7,,,,,,,,,,
,186,-1,,,,,,,,,4,1,-2,,,,,,,,,,
,347,10,,,,,,,,,-4,-5,10,,,,,,,,,,
,569,-28,,,,,,,,,6,-1,-13,,,,,,,,,,
,-1076,-4,,,,,,,,,-4,2,-3,,,,,,,,,,
,1264,,,,,,,,,,-12,-4,-12,,,,,,,,,,
,-564,4,,,,,,,,,1,-3,3,,,,,,,,,,
,-553,17,,,,,,,,,10,4,11,,,,,,,,,,
,-610,-34,,,,,,,,,-8,4,4,,,,,,,,,,
,1254,3,,,,,,,,,,7,-1,,,,,,,,,,
,-262,13,,,,,,,,,13,-5,9,,,,,,,,,,
,196,-16,,,,,,,,,-11,-1,6,,,,,,,,,,
,-692,16,,,,,,,,,-9,-5,-9,,,,,,,,,,
,1049,-30,,,,,,,,,5,-1,-1,,,,,,,,,,
,-47,-4,,,,,,,,,15,3,-6,,,,,,,,,,
,-1313,,,,,,,,,,-10,-13,-15,,,,,,,,,,
,1371,,,,,,,,,,,7,5,,,,,,,,,,
,-1119,-13,,,,,,,,,9,-2,11,,,,,,,,,,
,47,13,,,,,,,,,,9,-9,,,,,,,,,,
,126,3,,,,,,,,,5,,12,,,,,,,,,,
,-748,-3,,,,,,,,,4,-9,6,,,,,,,,,,
,863,-27,,,,,,,,,-16,-12,1,,,,,,,,,,
,5978,27,,,,,,,,,-10,16,-5,,,,,,,,,,
,-3387,-10,,,,,,,,,6,-1,,,,,,,,,,,
,-3708,-12,,,,,,,,,3,10,-6,,,,,,,,,,
,2262,-4,,,,,,,,,2,-7,-1,,,,,,,,,,
,-1272,-15,,,,,,,,,-9,6,-6,,,,,,,,,,
,-428,-2,,,,,,,,,3,4,4,,,,,,,,,,
,-607,3,,,,,,,,,3,-16,2,,,,,,,,,,
,3812,,,,,,,,,,21,5,2,,,,,,,,,,
,-3218,4,,,,,,,,,-2,18,1,,,,,,,,,,
,301,6,,,,,,,,,-14,-12,-7,,,,,,,,,,
,-59,-13,,,,,,,,,-1,6,12,,,,,,,,,,
,1584,-22,,,,,,,,,8,-4,-5,,,,,,,,,,
,-1544,22,,,,,,,,,-10,-20,7,,,,,,,,,,
,218,,,,,,,,,,-5,11,-5,,,,,,,,,,
,-255,-19,,,,,,,,,-3,4,,,,,,,,,,,
,-294,-9,,,,,,,,,9,-2,4,,,,,,,,,,
,341,10,,,,,,,,,-4,-4,-6,,,,,,,,,,
,69,,,,,,,,,,1,,-7,,,,,,,,,,
,22,,,,,,,,,,-3,2,1,,,,,,,,,,
,-57,-24,,,,,,,,,3,4,6,,,,,,,,,,
,723,37,,,,,,,,,-3,3,-3,,,,,,,,,,
,-1084,-34,,,,,,,,,-7,4,-6,,,,,,,,,,
,1735,-42,,,,,,,,,17,-2,11,,,,,,,,,,
,-1825,11,,,,,,,,,4,1,-1,,,,,,,,,,
,350,-14,,,,,,,,,-13,-3,-3,,,,,,,,,,
,255,13,,,,,,,,,-1,-20,-4,,,,,,,,,,
,440,-9,,,,,,,,,5,7,3,,,,,,,,,,
,-905,-17,,,,,,,,,8,13,5,,,,,,,,,,
,1525,16,,,,,,,,,3,-8,-9,,,,,,,,,,
,-1702,-22,,,,,,,,,-8,-2,2,,,,,,,,,,
,548,22,,,,,,,,,6,-1,2,,,,,,,,,,
,-16,-20,,,,,,,,,-7,-10,5,,,,,,,,,,
,808,-1,,,,,,,,,,2,3,,,,,,,,,,
,-1244,1,,,,,,,,,5,5,-2,,,,,,,,,,
,1262,-12,,,,,,,,,-8,-4,-7,,,,,,,,,,
,-1349,11,,,,,,,,,8,22,-3,,,,,,,,,,
,404,-10,,,,,,,,,-6,-12,11,,,,,,,,,,
,-820,10,,,,,,,,,-4,2,-4,,,,,,,,,,
,1815,-11,,,,,,,,,4,,-7,,,,,,,,,,
,-1138,-22,,,,,,,,,-6,-7,4,,,,,,,,,,
,859,4,,,,,,,,,22,9,,,,,,,,,,,
,-715,17,,,,,,,,,-2,3,11,,,,,,,,,,
,602,-20,,,,,,,,,3,6,3,,,,,,,,,,
,-367,,,,,,,,,,-8,-18,-3,,,,,,,,,,
,793,1,,,,,,,,,-19,-3,-13,,,,,,,,,,
,-975,-9,,,,,,,,,6,1,5,,,,,,,,,,
,97,-1,,,,,,,,,2,6,,,,,,,,,,,
,695,9,,,,,,,,,2,6,-8,,,,,,,,,,
,-944,-31,,,,,,,,,-1,8,-2,,,,,,,,,,
,-79,22,,,,,,,,,2,-6,10,,,,,,,,,,
,1329,,,,,,,,,,-12,-15,6,,,,,,,,,,
,-1558,-20,,,,,,,,,10,13,-1,,,,,,,,,,
,509,,,,,,,,,,12,-1,-8,,,,,,,,,,
,77,,,,,,,,,,13,1,3,,,,,,,,,,
,1425,-11,,,,,,,,,-15,-7,-2,,,,,,,,,,
,-2067,-1,,,,,,,,,-7,5,7,,,,,,,,,,
,258,2,,,,,,,,,-11,5,-14,,,,,,,,,,
,530,-1,,,,,,,,,13,-4,-1,,,,,,,,,,
,-808,-2,,,,,,,,,3,3,,,,,,,,,,,
,310,2,,,,,,,,,-5,2,3,,,,,,,,,,
,375,-33,,,,,,,,,1,-9,6,,,,,,,,,,
,-338,1,,,,,,,,,-9,-5,-2,,,,,,,,,,
,-402,,,,,,,,,,9,5,-6,,,,,,,,,,
,465,2,,,,,,,,,-9,-8,9,,,,,,,,,,
,-617,1,,,,,,,,,-5,8,5,,,,,,,,,,
,1870,16,,,,,,,,,5,-8,-6,,,,,,,,,,
,-1275,-18,,,,,,,,,3,6,8,,,,,,,,,,
,137,,,,,,,,,,8,8,3,,,,,,,,,,
,-337,1,,,,,,,,,-11,-16,-1,,,,,,,,,,
,207,-2,,,,,,,,,2,21,1,,,,,,,,,,
,-528,-19,,,,,,,,,6,-6,-12,,,,,,,,,,
,496,-10,,,,,,,,,-1,8,-5,,,,,,,,,,
,-506,,,,,,,,,,2,-4,9,,,,,,,,,,
,369,,,,,,,,,,-1,-10,,,,,,,,,,,
,-19,,,,,,,,,,-6,3,-2,,,,,,,,,,
,-436,,,,,,,,,,-6,8,-2,,,,,,,,,,
,377,-21,,,,,,,,,-3,-5,2,,,,,,,,,,
,310,22,,,,,,,,,3,-7,-2,,,,,,,,,,
,-392,-2,,,,,,,,,6,4,2,,,,,,,,,,
,24,-31,,,,,,,,,4,,-5,,,,,,,,,,
,-505,-2,,,,,,,,,-1,-7,-3,,,,,,,,,,
,456,13,,,,,,,,,2,14,9,,,,,,,,,,
,-258,,,,,,,,,,-7,-10,1,,,,,,,,,,
,371,2,,,,,,,,,-8,-2,2,,,,,,,,,,
,-69,-11,,,,,,,,,-5,-2,,,,,,,,,,,
,-37,-2,,,,,,,,,5,5,-4,,,,,,,,,,
,1339,-22,,,,,,,,,10,7,-3,,,,,,,,,,
,-1499,23,,,,,,,,,3,-12,2,,,,,,,,,,
,527,-20,,,,,,,,,2,9,4,,,,,,,,,,
,-334,,,,,,,,,,5,2,2,,,,,,,,,,
,-112,-10,,,,,,,,,-1,8,-4,,,,,,,,,,
,1419,-1,,,,,,,,,-9,-2,,,,,,,,,,,
,-750,15,,,,,,,,,4,-14,6,,,,,,,,,,
,-1084,-4,,,,,,,,,-6,-1,-2,,,,,,,,,,
,1768,-31,,,,,,,,,3,-5,-7,,,,,,,,,,
,-1549,-2,,,,,,,,,,3,-8,,,,,,,,,,
,1562,3,,,,,,,,,-1,12,10,,,,,,,,,,
,-870,-12,,,,,,,,,2,-2,8,,,,,,,,,,
,-332,13,,,,,,,,,-5,-9,-11,,,,,,,,,,
,512,-12,,,,,,,,,7,-2,-6,,,,,,,,,,
,3290,,,,,,,,,,10,10,5,,,,,,,,,,
,-1614,,,,,,,,,,-3,11,-6,,,,,,,,,,
,-2150,-11,,,,,,,,,-1,-1,5,,,,,,,,,,
,75,-10,,,,,,,,,-13,-13,17,,,,,,,,,,
,-267,20,,,,,,,,,-5,4,1,,,,,,,,,,
,1266,1,,,,,,,,,-1,,1,,,,,,,,,,
,-112,-20,,,,,,,,,4,1,-12,,,,,,,,,,
,-788,,,,,,,,,,3,-1,-3,,,,,,,,,,
,-342,-11,,,,,,,,,13,2,-2,,,,,,,,,,
,-771,,,,,,,,,,5,-7,-2,,,,,,,,,,
,3143,9,,,,,,,,,-13,-1,8,,,,,,,,,,
,-2482,-15,,,,,,,,,-6,-2,,,,,,,,,,,
,622,-15,,,,,,,,,16,4,2,,,,,,,,,,
,-615,21,,,,,,,,,-18,19,-8,,,,,,,,,,
,712,1,,,,,,,,,-1,-3,-4,,,,,,,,,,
,-52,-21,,,,,,,,,9,-7,2,,,,,,,,,,
,-194,-2,,,,,,,,,4,-18,5,,,,,,,,,,
,370,6,,,,,,,,,2,-7,4,,,,,,,,,,
,-908,3,,,,,,,,,2,20,-9,,,,,,,,,,
,392,-18,,,,,,,,,-20,-1,1,,,,,,,,,,
,975,-1,,,,,,,,,5,-14,4,,,,,,,,,,
,-942,-19,,,,,,,,,-3,15,-5,,,,,,,,,,
,-205,20,,,,,,,,,15,15,,,,,,,,,,,
,369,1,,,,,,,,,4,-12,2,,,,,,,,,,
,-552,-34,,,,,,,,,-10,-5,-7,,,,,,,,,,
,846,14,,,,,,,,,-9,-6,7,,,,,,,,,,
,-405,-2,,,,,,,,,-4,19,-12,,,,,,,,,,
,1007,-9,,,,,,,,,-5,,8,,,,,,,,,,
,3393,,,,,,,,,,14,-12,1,,,,,,,,,,
,-3505,12,,,,,,,,,12,1,1,,,,,,,,,,
,-1142,-2,,,,,,,,,,-4,-5,,,,,,,,,,
,1103,-10,,,,,,,,,-5,12,16,,,,,,,,,,
,-1425,-12,,,,,,,,,2,-13,5,,,,,,,,,,
,831,,,,,,,,,,-8,8,2,,,,,,,,,,
,-561,,,,,,,,,,11,7,3,,,,,,,,,,
,328,9,,,,,,,,,-14,-13,-13,,,,,,,,,,
,-210,-9,,,,,,,,,-8,-7,,,,,,,,,,,
,563,-17,,,,,,,,,17,15,1,,,,,,,,,,
,-807,,,,,,,,,,7,8,-3,,,,,,,,,,
,1678,-1,,,,,,,,,-4,-18,-4,,,,,,,,,,
,-899,19,,,,,,,,,-19,1,-2,,,,,,,,,,
,57,-19,,,,,,,,,-2,,-4,,,,,,,,,,
,-955,-15,,,,,,,,,15,-7,-2,,,,,,,,,,
,-252,-17,,,,,,,,,1,3,10,,,,,,,,,,
,1064,32,,,,,,,,,7,4,1,,,,,,,,,,
,-347,-26,,,,,,,,,-15,-11,-5,,,,,,,,,,
,-264,2,,,,,,,,,-5,-3,-1,,,,,,,,,,
,-13,,,,,,,,,,12,10,3,,,,,,,,,,
,610,-9,,,,,,,,,-2,2,11,,,,,,,,,,
,-523,-12,,,,,,,,,-5,7,-11,,,,,,,,,,
,-33,4,,,,,,,,,,-1,10,,,,,,,,,,
,203,1,,,,,,,,,6,7,-10,,,,,,,,,,
,312,-4,,,,,,,,,14,,-7,,,,,,,,,,
,-248,4,,,,,,,,,9,,-4,,,,,,,,,,
,122,-16,,,,,,,,,-24,3,17,,,,,,,,,,
,-519,-4,,,,,,,,,-14,-8,,,,,,,,,,,
,32,4,,,,,,,,,9,9,-18,,,,,,,,,,
,597,-3,,,,,,,,,14,-9,-1,,,,,,,,,,
,-655,3,,,,,,,,,-5,-2,15,,,,,,,,,,
,616,-21,,,,,,,,,4,2,-1,,,,,,,,,,
,304,1,,,,,,,,,-1,5,-6,,,,,,,,,,
,1909,4,,,,,,,,,1,-10,-4,,,,,,,,,,
,-2770,19,,,,,,,,,7,-7,3,,,,,,,,,,
,318,-25,,,,,,,,,-4,8,2,,,,,,,,,,
,791,3,,,,,,,,,-6,4,7,,,,,,,,,,
,-731,-4,,,,,,,,,-2,4,-3,,,,,,,,,,
,154,-31,,,,,,,,,6,-3,-7,,,,,,,,,,
,-119,24,,,,,,,,,-3,-13,5,,,,,,,,,,
,306,-10,,,,,,,,,4,-5,,,,,,,,,,,
,-916,-13,,,,,,,,,-2,9,2,,,,,,,,,,
,-54,-14,,,,,,,,,-15,-12,9,,,,,,,,,,
,-101,16,,,,,,,,,10,17,1,,,,,,,,,,
,1463,-11,,,,,,,,,3,1,-14,,,,,,,,,,
,-954,12,,,,,,,,,5,-2,9,,,,,,,,,,
,382,-3,,,,,,,,,-1,-4,-3,,,,,,,,,,
,-208,-30,,,,,,,,,-10,6,-2,,,,,,,,,,
,-931,3,,,,,,,,,-3,-12,15,,,,,,,,,,
,327,3,,,,,,,,,12,25,-8,,,,,,,,,,
,2042,-5,,,,,,,,,-5,-12,-9,,,,,,,,,,
,-1545,12,,,,,,,,,4,-1,5,,,,,,,,,,
,-267,-11,,,,,,,,,2,8,-5,,,,,,,,,,
,181,,,,,,,,,,-2,3,7,,,,,,,,,,
,7,1,,,,,,,,,12,-1,3,,,,,,,,,,
,641,-2,,,,,,,,,-9,-6,-20,,,,,,,,,,
,-791,1,,,,,,,,,9,-11,13,,,,,,,,,,
,-116,-16,,,,,,,,,-4,1,4,,,,,,,,,,
,-13,-1,,,,,,,,,-5,12,-7,,,,,,,,,,
,198,1,,,,,,,,,9,1,-7,,,,,,,,,,
,-289,,,,,,,,,,6,2,9,,,,,,,,,,
,51,,,,,,,,,,-9,-2,4,,,,,,,,,,
,-272,-1,,,,,,,,,-4,-4,-2,,,,,,,,,,
,398,2,,,,,,,,,-6,-8,2,,,,,,,,,,
,-180,-1,,,,,,,,,-2,-1,-8,,,,,,,,,,
,2268,-46,,,,,,,,,-5,6,-2,,,,,,,,,,
,-2572,45,,,,,,,,,2,15,5,,,,,,,,,,
,488,-44,,,,,,,,,2,7,-2,,,,,,,,,,
,320,-1,,,,,,,,,-13,-29,2,,,,,,,,,,
,-280,-13,,,,,,,,,10,-11,6,,,,,,,,,,
,250,24,,,,,,,,,,18,4,,,,,,,,,,
,-356,-5,,,,,,,,,5,-1,,,,,,,,,,,
,185,-19,,,,,,,,,5,3,-5,,,,,,,,,,
,-158,3,,,,,,,,,-10,-1,-1,,,,,,,,,,
,113,-2,,,,,,,,,4,3,-2,,,,,,,,,,
,592,-21,,,,,,,,,-17,-13,3,,,,,,,,,,
,-547,2,,,,,,,,,5,13,3,,,,,,,,,,
,80,1,,,,,,,,,-2,-12,-1,,,,,,,,,,
,-41,-1,,,,,,,,,14,11,-16,,,,,,,,,,
,716,,,,,,,,,,-13,-8,6,,,,,,,,,,
,-355,-13,,,,,,,,,11,-6,9,,,,,,,,,,
,-354,,,,,,,,,,2,-8,-2,,,,,,,,,,
,-611,3,,,,,,,,,1,24,3,,,,,,,,,,
,-297,-19,,,,,,,,,7,-4,4,,,,,,,,,,
,4747,-2,,,,,,,,,-8,-9,6,,,,,,,,,,
,-1635,4,,,,,,,,,,2,-14,,,,,,,,,,
,-2159,-1,,,,,,,,,-8,-19,-6,,,,,,,,,,
,3046,7,,,,,,,,,3,14,4,,,,,,,,,,
,-3515,7,,,,,,,,,,2,6,,,,,,,,,,
,-87,-29,,,,,,,,,,-22,-8,,,,,,,,,,
,174,12,,,,,,,,,6,7,8,,,,,,,,,,
,567,-3,,,,,,,,,1,26,5,,,,,,,,,,
,-610,-4,,,,,,,,,6,2,-15,,,,,,,,,,
,-339,1,,,,,,,,,-10,-1,4,,,,,,,,,,
,556,3,,,,,,,,,-5,-8,6,,,,,,,,,,
,-427,22,,,,,,,,,7,9,-6,,,,,,,,,,
,107,-38,,,,,,,,,7,4,1,,,,,,,,,,
,-454,1,,,,,,,,,-8,-8,,,,,,,,,,,
,-360,17,,,,,,,,,-14,8,1,,,,,,,,,,
,1833,1,,,,,,,,,26,1,-2,,,,,,,,,,
,-550,-1,,,,,,,,,-10,11,-9,,,,,,,,,,
,-996,-29,,,,,,,,,-11,-16,3,,,,,,,,,,
,654,3,,,,,,,,,3,-19,-8,,,,,,,,,,
,-590,15,,,,,,,,,6,8,7,,,,,,,,,,
,369,-17,,,,,,,,,-3,4,13,,,,,,,,,,
,-344,,,,,,,,,,1,5,-3,,,,,,,,,,
,553,-1,,,,,,,,,-12,1,-1,,,,,,,,,,
,-621,1,,,,,,,,,9,-6,-7,,,,,,,,,,
,286,,,,,,,,,,,,,,,,,,,,,,
,577,1,,,,,,,,,-2,4,5,,,,,,,,,,
,1793,-30,,,,,,,,,16,-4,-9,,,,,,,,,,
,-1674,30,,,,,,,,,-6,8,4,,,,,,,,,,
,-315,-34,,,,,,,,,4,4,10,,,,,,,,,,
,88,,,,,,,,,,-2,-15,-2,,,,,,,,,,
,163,-1,,,,,,,,,-5,-6,1,,,,,,,,,,
,-194,-13,,,,,,,,,-5,5,4,,,,,,,,,,
,-405,14,,,,,,,,,,-8,-17,,,,,,,,,,
,675,-14,,,,,,,,,15,4,5,,,,,,,,,,
,-1030,,,,,,,,,,-1,6,15,,,,,,,,,,
,144,-17,,,,,,,,,-5,-4,-6,,,,,,,,,,
,-60,27,,,,,,,,,-7,-6,-5,,,,,,,,,,
,310,-10,,,,,,,,,8,5,-5,,,,,,,,,,
,26,-17,,,,,,,,,-2,,4,,,,,,,,,,
,229,,,,,,,,,,4,2,2,,,,,,,,,,
,-151,,,,,,,,,,2,,-1,,,,,,,,,,
,-293,,,,,,,,,,5,7,4,,,,,,,,,,
,-212,-10,,,,,,,,,-7,4,-2,,,,,,,,,,
,1377,-1,,,,,,,,,-2,-6,5,,,,,,,,,,
,-1136,-20,,,,,,,,,2,,-2,,,,,,,,,,
,-89,21,,,,,,,,,-11,3,,,,,,,,,,,
,196,1,,,,,,,,,4,4,4,,,,,,,,,,
,-90,-22,,,,,,,,,2,-9,-8,,,,,,,,,,
,-46,-1,,,,,,,,,-9,1,2,,,,,,,,,,
,134,1,,,,,,,,,-2,6,2,,,,,,,,,,
,530,-13,,,,,,,,,-7,2,5,,,,,,,,,,
,-1057,12,,,,,,,,,16,-9,-2,,,,,,,,,,
,887,1,,,,,,,,,1,1,3,,,,,,,,,,
,-327,-27,,,,,,,,,1,13,-8,,,,,,,,,,
,238,14,,,,,,,,,-5,-15,,,,,,,,,,,
,1558,-13,,,,,,,,,-8,-14,1,,,,,,,,,,
,-1907,-4,,,,,,,,,8,24,-3,,,,,,,,,,
,1620,,,,,,,,,,,,1,,,,,,,,,,
,-541,-2,,,,,,,,,6,-13,-2,,,,,,,,,,
,-446,2,,,,,,,,,2,-2,1,,,,,,,,,,
,-321,,,,,,,,,,-3,,5,,,,,,,,,,
,676,-23,,,,,,,,,,16,-10,,,,,,,,,,
,-80,22,,,,,,,,,2,,9,,,,,,,,,,
,-451,-10,,,,,,,,,-1,-5,1,,,,,,,,,,
,-36,-18,,,,,,,,,-7,-5,-8,,,,,,,,,,
,336,3,,,,,,,,,19,10,-4,,,,,,,,,,
,14,13,,,,,,,,,-15,-2,2,,,,,,,,,,
,464,-11,,,,,,,,,-6,-14,3,,,,,,,,,,
,-463,-5,,,,,,,,,3,6,,,,,,,,,,,
,444,-2,,,,,,,,,-2,4,6,,,,,,,,,,
,2219,-11,,,,,,,,,2,5,-7,,,,,,,,,,
,-2536,-16,,,,,,,,,,13,5,,,,,,,,,,
,101,-4,,,,,,,,,9,-15,8,,,,,,,,,,
,-1059,,,,,,,,,,2,-13,-3,,,,,,,,,,
,-185,,,,,,,,,,-31,-1,-1,,,,,,,,,,
,449,18,,,,,,,,,13,10,-6,,,,,,,,,,
,940,-15,,,,,,,,,9,-4,-4,,,,,,,,,,
,-1349,-13,,,,,,,,,-6,3,2,,,,,,,,,,
,637,-3,,,,,,,,,8,3,-1,,,,,,,,,,
,-137,,,,,,,,,,-9,1,7,,,,,,,,,,
,7,13,,,,,,,,,2,4,-10,,,,,,,,,,
,-210,-31,,,,,,,,,17,-2,-5,,,,,,,,,,
,1782,18,,,,,,,,,-3,-19,17,,,,,,,,,,
,-2007,15,,,,,,,,,-1,13,-1,,,,,,,,,,
,1376,-33,,,,,,,,,11,12,-1,,,,,,,,,,
,-653,-13,,,,,,,,,-11,-14,,,,,,,,,,,
,-269,22,,,,,,,,,-9,-3,1,,,,,,,,,,
,517,-22,,,,,,,,,7,5,-2,,,,,,,,,,
,-687,,,,,,,,,,-3,,-4,,,,,,,,,,
,-589,-13,,,,,,,,,1,5,-7,,,,,,,,,,
,1296,-4,,,,,,,,,-11,-5,,,,,,,,,,,
,503,17,,,,,,,,,-1,-8,12,,,,,,,,,,
,-1449,3,,,,,,,,,-2,,,,,,,,,,,,
,102,-30,,,,,,,,,5,8,-2,,,,,,,,,,
,2823,-3,,,,,,,,,1,7,7,,,,,,,,,,
,-2002,26,,,,,,,,,3,-6,-1,,,,,,,,,,
,-1352,-13,,,,,,,,,-16,-16,-8,,,,,,,,,,
,578,-13,,,,,,,,,2,18,-6,,,,,,,,,,
,641,3,,,,,,,,,8,10,10,,,,,,,,,,
,-54,-21,,,,,,,,,7,-15,2,,,,,,,,,,
,192,-4,,,,,,,,,6,-16,-22,,,,,,,,,,
,-176,4,,,,,,,,,-18,1,9,,,,,,,,,,
,-534,-10,,,,,,,,,12,11,9,,,,,,,,,,
,2516,10,,,,,,,,,-7,4,-5,,,,,,,,,,
,-3021,13,,,,,,,,,-5,-1,2,,,,,,,,,,
,858,-13,,,,,,,,,2,,-2,,,,,,,,,,
,-311,5,,,,,,,,,11,10,-2,,,,,,,,,,
,206,-5,,,,,,,,,6,4,3,,,,,,,,,,
,-366,-54,,,,,,,,,3,-6,-2,,,,,,,,,,
,-220,-2,,,,,,,,,-10,2,3,,,,,,,,,,
,621,4,,,,,,,,,-2,-4,-5,,,,,,,,,,
,-462,-10,,,,,,,,,-11,-1,1,,,,,,,,,,
,-450,-4,,,,,,,,,16,5,3,,,,,,,,,,
,529,3,,,,,,,,,-5,-4,4,,,,,,,,,,
,636,10,,,,,,,,,1,-3,-5,,,,,,,,,,
,-288,-3,,,,,,,,,6,2,5,,,,,,,,,,
,-317,-24,,,,,,,,,3,-7,,,,,,,,,,,
,-179,-3,,,,,,,,,4,13,-3,,,,,,,,,,
,191,18,,,,,,,,,7,7,10,,,,,,,,,,
,-396,-19,,,,,,,,,-12,-16,-6,,,,,,,,,,
,326,-14,,,,,,,,,-13,-4,-1,,,,,,,,,,
,761,14,,,,,,,,,3,-3,7,,,,,,,,,,
,-1446,,,,,,,,,,8,8,-9,,,,,,,,,,
,400,-11,,,,,,,,,5,20,6,,,,,,,,,,
,-55,11,,,,,,,,,-12,-11,-9,,,,,,,,,,
,-135,2,,,,,,,,,-1,-2,,,,,,,,,,,
,35,-13,,,,,,,,,10,-2,7,,,,,,,,,,
,882,-18,,,,,,,,,-7,-8,1,,,,,,,,,,
,-427,,,,,,,,,,13,6,7,,,,,,,,,,
,-441,-14,,,,,,,,,-8,-4,-3,,,,,,,,,,
,-93,-1,,,,,,,,,5,13,1,,,,,,,,,,
,179,2,,,,,,,,,-10,-14,-3,,,,,,,,,,
,-175,12,,,,,,,,,-4,1,,,,,,,,,,,
,50,-13,,,,,,,,,6,12,-7,,,,,,,,,,
,-24,,,,,,,,,,-14,6,-5,,,,,,,,,,
,259,6,,,,,,,,,9,,-1,,,,,,,,,,
,-233,-21,,,,,,,,,-2,-17,7,,,,,,,,,,
,-292,-3,,,,,,,,,-1,-13,-1,,,,,,,,,,
,38,17,,,,,,,,,8,9,-7,,,,,,,,,,
,374,-17,,,,,,,,,6,5,7,,,,,,,,,,
,-384,-1,,,,,,,,,4,16,4,,,,,,,,,,
,987,-10,,,,,,,,,1,-13,-3,,,,,,,,,,
,-915,-1,,,,,,,,,-10,-7,-8,,,,,,,,,,
,536,12,,,,,,,,,-6,7,6,,,,,,,,,,
,-501,-12,,,,,,,,,-4,-4,-1,,,,,,,,,,
,964,,,,,,,,,,16,-3,-7,,,,,,,,,,
,-354,1,,,,,,,,,-2,12,11,,,,,,,,,,
,1058,-31,,,,,,,,,-10,-11,9,,,,,,,,,,
,-1043,-2,,,,,,,,,1,3,-9,,,,,,,,,,
,239,3,,,,,,,,,-2,3,2,,,,,,,,,,
,222,11,,,,,,,,,-7,-2,3,,,,,,,,,,
,-386,-2,,,,,,,,,,,-3,,,,,,,,,,
,135,-10,,,,,,,,,1,10,-8,,,,,,,,,,
,-36,9,,,,,,,,,12,-14,13,,,,,,,,,,
,2300,-9,,,,,,,,,10,12,-2,,,,,,,,,,
,-1975,-5,,,,,,,,,-7,-24,-3,,,,,,,,,,
,-212,5,,,,,,,,,,4,-7,,,,,,,,,,
,207,-31,,,,,,,,,-20,4,13,,,,,,,,,,
,-331,11,,,,,,,,,3,3,-6,,,,,,,,,,
,-261,,,,,,,,,,14,3,1,,,,,,,,,,
,108,-11,,,,,,,,,,-4,,,,,,,,,,,
,353,29,,,,,,,,,6,9,-7,,,,,,,,,,
,-312,-27,,,,,,,,,-8,2,3,,,,,,,,,,
,-102,-1,,,,,,,,,,-7,3,,,,,,,,,,
,727,-20,,,,,,,,,6,-2,-3,,,,,,,,,,
,-487,20,,,,,,,,,-1,11,-11,,,,,,,,,,
,-50,-32,,,,,,,,,4,-3,7,,,,,,,,,,
,663,12,,,,,,,,,-5,-7,,,,,,,,,,,
,-132,-1,,,,,,,,,-10,3,-5,,,,,,,,,,
,-580,-10,,,,,,,,,13,-3,8,,,,,,,,,,
,-408,11,,,,,,,,,-2,,-9,,,,,,,,,,
,2293,,,,,,,,,,-11,6,4,,,,,,,,,,
,-1871,-26,,,,,,,,,4,-13,-3,,,,,,,,,,
,75,-7,,,,,,,,,5,2,,,,,,,,,,,
,999,22,,,,,,,,,4,12,8,,,,,,,,,,
,-742,-31,,,,,,,,,1,5,-2,,,,,,,,,,
,-346,11,,,,,,,,,,-8,-1,,,,,,,,,,
,-268,-10,,,,,,,,,-6,2,,,,,,,,,,,
,218,-2,,,,,,,,,1,-6,6,,,,,,,,,,
,-4,10,,,,,,,,,3,2,1,,,,,,,,,,
,88,-9,,,,,,,,,-13,-8,-1,,,,,,,,,,
,-12,-20,,,,,,,,,4,1,-6,,,,,,,,,,
,484,-2,,,,,,,,,6,9,,,,,,,,,,,
,-963,23,,,,,,,,,-2,,-1,,,,,,,,,,
,706,-32,,,,,,,,,-6,-8,13,,,,,,,,,,
,-363,12,,,,,,,,,-2,4,,,,,,,,,,,
,779,19,,,,,,,,,7,4,-12,,,,,,,,,,
,-1167,-30,,,,,,,,,,4,5,,,,,,,,,,
,669,11,,,,,,,,,2,-9,2,,,,,,,,,,
,217,-11,,,,,,,,,-2,-6,-7,,,,,,,,,,
,-17,,,,,,,,,,10,6,,,,,,,,,,,
,-25,-23,,,,,,,,,2,-5,2,,,,,,,,,,
,224,23,,,,,,,,,-2,-7,-2,,,,,,,,,,
,-275,-3,,,,,,,,,-9,15,-2,,,,,,,,,,
,-482,-30,,,,,,,,,1,4,8,,,,,,,,,,
,1998,19,,,,,,,,,-4,-10,-1,,,,,,,,,,
,-1614,12,,,,,,,,,4,5,1,,,,,,,,,,
,-264,-21,,,,,,,,,-4,5,-1,,,,,,,,,,
,336,3,,,,,,,,,,1,-3,,,,,,,,,,
,957,-12,,,,,,,,,-1,,7,,,,,,,,,,
,-1891,,,,,,,,,,-2,13,7,,,,,,,,,,
,-655,2,,,,,,,,,-1,-6,-13,,,,,,,,,,
,-152,-34,,,,,,,,,8,-5,5,,,,,,,,,,
,81,12,,,,,,,,,-5,-8,8,,,,,,,,,,
,368,-11,,,,,,,,,3,1,-5,,,,,,,,,,
,2940,12,,,,,,,,,2,-4,-5,,,,,,,,,,
,-3004,3,,,,,,,,,-4,-2,8,,,,,,,,,,
,-343,-1,,,,,,,,,4,4,-9,,,,,,,,,,
,-68,-12,,,,,,,,,4,-11,-3,,,,,,,,,,
,73,-23,,,,,,,,,-11,6,-1,,,,,,,,,,
,120,3,,,,,,,,,5,8,4,,,,,,,,,,
,-4,18,,,,,,,,,3,-11,,,,,,,,,,,
,993,-31,,,,,,,,,-12,-6,4,,,,,,,,,,
,-967,1,,,,,,,,,9,12,-1,,,,,,,,,,
,-60,12,,,,,,,,,9,4,-8,,,,,,,,,,
,-244,-11,,,,,,,,,-7,4,7,,,,,,,,,,
,162,10,,,,,,,,,-7,-3,-2,,,,,,,,,,
,-7,-10,,,,,,,,,-1,,-4,,,,,,,,,,
,156,,,,,,,,,,1,-12,6,,,,,,,,,,
,215,-12,,,,,,,,,,-3,4,,,,,,,,,,
,-243,-9,,,,,,,,,-7,4,-9,,,,,,,,,,
,-311,-3,,,,,,,,,-3,-6,-3,,,,,,,,,,
