Packet Number (n), App Timestamp (us),Sensor Timestamp (us),Disabled (uV),Disabled (uV),Disabled (uV),Disabled (uV),Disabled (uV),Disabled (uV),Disabled (uV),Cz (uV),Disabled (uV),Disabled (uV),Disabled (uV),Disabled (uV),Disabled (uV),Disabled (uV),Disabled (uV),Ref,AccX (mg),AccY (mg),AccZ (mg),Event A, Event B
1858,7853316,332857021,0.0,0.0,0.0,0.0,0.0,0.0,0.0,0.5811,0.0,0.0,0.0,0.0,0.0,0.0,0.0,-16.33785,0,0,0,0,0
,-490,,,,,,,,,-8,,,,,,,,2,,,,,
,491,10,,,,,,,,,,,,,,,,,,,,,
,-451,-31,,,,,,,,,,,,,,,,8,,,,,
,-908,22,,,,,,,,7,,,,,,,,-10,,,,,
,621,-1,,,,,,,,6,,,,,,,,-5,,,,,
,-160,-31,,,,,,,,-8,,,,,,,,10,,,,,
,406,-2,,,,,,,,4,,,,,,,,-11,,,,,
,-426,2,,,,,,,,1,,,,,,,,6,,,,,
,913,1,,,,,,,,13,,,,,,,,-5,,,,,
,-131,,,,,,,,,-2,,,,,,,,-2,,,,,
,152,13,,,,,,,,-3,,,,,,,,-5,,,,,
,908,-19,,,,,,,,,,,,,,,,11,,,,,
,-1428,5,,,,,,,,-15,,,,,,,,3,,,,,
,933,-3,,,,,,,,17,,,,,,,,,,,,,
,1460,-17,,,,,,,,-10,,,,,,,,-13,,,,,
,-2315,1,,,,,,,,-7,,,,,,,,,,,,,
,398,-1,,,,,,,,-3,,,,,,,,8,,,,,
,-426,1,,,,,,,,1,,,,,,,,-8,,,,,
,199,-11,,,,,,,,16,,,,,,,,8,,,,,
,896,8,,,,,,,,7,,,,,,,,-4,,,,,
,2811,-9,,,,,,,,-8,,,,,,,,9,,,,,
,-3186,1,,,,,,,,10,,,,,,,,,,,,,
,-626,,,,,,,,,-6,,,,,,,,-8,,,,,
,113,-20,,,,,,,,7,,,,,,,,1,,,,,
,-590,20,,,,,,,,-6,,,,,,,,,,,,,
,1162,-32,,,,,,,,-18,,,,,,,,-8,,,,,
,-1230,12,,,,,,,,,,,,,,,,8,,,,,
,3291,-10,,,,,,,,8,,,,,,,,-10,,,,,
,-3214,-1,,,,,,,,1,,,,,,,,11,,,,,
,3891,9,,,,,,,,3,,,,,,,,-1,,,,,
,-3229,-23,,,,,,,,2,,,,,,,,1,,,,,
,-688,-4,,,,,,,,-7,,,,,,,,-3,,,,,
,68,18,,,,,,,,-4,,,,,,,,9,,,,,
,718,,,,,,,,,5,,,,,,,,-2,,,,,
,-141,-1,,,,,,,,2,,,,,,,,5,,,,,
,2095,-18,,,,,,,,10,,,,,,,,1,,,,,
,-2897,,,,,,,,,7,,,,,,,,-5,,,,,
,457,-12,,,,,,,,-17,,,,,,,,-11,,,,,
,611,11,,,,,,,,-11,,,,,,,,2,,,,,
,2375,-3,,,,,,,,14,,,,,,,,-2,,,,,
,-3585,-6,,,,,,,,-5,,,,,,,,4,,,,,
,236,-2,,,,,,,,5,,,,,,,,,,,,,
,-113,-21,,,,,,,,-8,,,,,,,,1,,,,,
,227,1,,,,,,,,7,,,,,,,,-8,,,,,
,590,20,,,,,,,,-4,,,,,,,,10,,,,,
,-677,-20,,,,,,,,,,,,,,,,13,,,,,
,2359,,,,,,,,,-3,,,,,,,,-10,,,,,
,-1805,-9,,,,,,,,17,,,,,,,,-5,,,,,
,-349,9,,,,,,,,6,,,,,,,,-10,,,,,
,22,-10,,,,,,,,-11,,,,,,,,14,,,,,
,741,10,,,,,,,,-10,,,,,,,,4,,,,,
,-763,-10,,,,,,,,8,,,,,,,,2,,,,,
,-151,-6,,,,,,,,4,,,,,,,,-6,,,,,
,426,-21,,,,,,,,-9,,,,,,,,10,,,,,
,134,5,,,,,,,,10,,,,,,,,-7,,,,,
,130,21,,,,,,,,-28,,,,,,,,-2,,,,,
,-776,-11,,,,,,,,17,,,,,,,,5,,,,,
,87,10,,,,,,,,8,,,,,,,,-7,,,,,
,148,-10,,,,,,,,-5,,,,,,,,-7,,,,,
,109,-18,,,,,,,,10,,,,,,,,-2,,,,,
,26,1,,,,,,,,-12,,,,,,,,6,,,,,
,338,-5,,,,,,,,-2,,,,,,,,-3,,,,,
,255,21,,,,,,,,-8,,,,,,,,7,,,,,
,-480,-24,,,,,,,,2,,,,,,,,-3,,,,,
,2338,8,,,,,,,,10,,,,,,,,-10,,,,,
,-3154,,,,,,,,,-2,,,,,,,,-2,,,,,
,1231,-25,,,,,,,,-7,,,,,,,,10,,,,,
,-619,-3,,,,,,,,,,,,,,,,6,,,,,
,3235,27,,,,,,,,28,,,,,,,,3,,,,,
,-3193,-27,,,,,,,,-3,,,,,,,,-6,,,,,
,-345,-21,,,,,,,,-15,,,,,,,,-1,,,,,
,905,2,,,,,,,,-23,,,,,,,,11,,,,,
,-623,20,,,,,,,,10,,,,,,,,-10,,,,,
,-79,-20,,,,,,,,3,,,,,,,,-3,,,,,
,-22,,,,,,,,,-10,,,,,,,,8,,,,,
,148,,,,,,,,,9,,,,,,,,5,,,,,
,310,,,,,,,,,7,,,,,,,,-8,,,,,
,-639,-3,,,,,,,,-7,,,,,,,,1,,,,,
,183,-11,,,,,,,,8,,,,,,,,-3,,,,,
,-77,-16,,,,,,,,12,,,,,,,,7,,,,,
,6193,2,,,,,,,,-17,,,,,,,,-17,,,,,
,-3550,8,,,,,,,,2,,,,,,,,10,,,,,
,-3254,-23,,,,,,,,1,,,,,,,,6,,,,,
,1764,28,,,,,,,,10,,,,,,,,-4,,,,,
,-1177,-15,,,,,,,,-4,,,,,,,,3,,,,,
,1177,3,,,,,,,,-6,,,,,,,,-3,,,,,
,-1242,9,,,,,,,,-10,,,,,,,,1,,,,,
,751,3,,,,,,,,-8,,,,,,,,,,,,,
,-549,-43,,,,,,,,14,,,,,,,,,,,,,
,1813,15,,,,,,,,6,,,,,,,,-9,,,,,
,-2072,-20,,,,,,,,-8,,,,,,,,-4,,,,,
,322,3,,,,,,,,-5,,,,,,,,5,,,,,
,149,-1,,,,,,,,8,,,,,,,,10,,,,,
,-131,-1,,,,,,,,2,,,,,,,,1,,,,,
,998,-14,,,,,,,,-14,,,,,,,,-1,,,,,
,-1377,16,,,,,,,,14,,,,,,,,-4,,,,,
,206,-1,,,,,,,,-2,,,,,,,,-1,,,,,
,202,2,,,,,,,,-3,,,,,,,,6,,,,,
,617,-2,,,,,,,,,,,,,,,,-1,,,,,
,-829,-11,,,,,,,,8,,,,,,,,4,,,,,
,-95,-21,,,,,,,,-2,,,,,,,,-14,,,,,
,4509,2,,,,,,,,-6,,,,,,,,-7,,,,,
,-3451,1,,,,,,,,13,,,,,,,,10,,,,,
,-480,3,,,,,,,,-2,,,,,,,,10,,,,,
,232,-3,,,,,,,,3,,,,,,,,-4,,,,,
,-584,1,,,,,,,,-7,,,,,,,,-5,,,,,
,59,3,,,,,,,,,,,,,,,,16,,,,,
,-140,-22,,,,,,,,3,,,,,,,,-3,,,,,
,1018,17,,,,,,,,-6,,,,,,,,-9,,,,,
,3049,-16,,,,,,,,1,,,,,,,,,,,,,
,-3225,17,,,,,,,,,,,,,,,,15,,,,,
,-406,-20,,,,,,,,6,,,,,,,,-10,,,,,
,-264,-21,,,,,,,,-11,,,,,,,,-13,,,,,
,3441,23,,,,,,,,11,,,,,,,,5,,,,,
,-2834,1,,,,,,,,-3,,,,,,,,-3,,,,,
,-469,-1,,,,,,,,-4,,,,,,,,3,,,,,
,158,-7,,,,,,,,1,,,,,,,,-2,,,,,
,-368,6,,,,,,,,2,,,,,,,,3,,,,,
,-8,1,,,,,,,,10,,,,,,,,-4,,,,,
,-254,-26,,,,,,,,19,,,,,,,,3,,,,,
,-485,-17,,,,,,,,-23,,,,,,,,3,,,,,
,862,-2,,,,,,,,-11,,,,,,,,10,,,,,
,8,19,,,,,,,,,,,,,,,,-3,,,,,
,1521,-21,,,,,,,,13,,,,,,,,2,,,,,
,-1833,-1,,,,,,,,8,,,,,,,,-5,,,,,
,480,2,,,,,,,,-2,,,,,,,,-3,,,,,
,212,-12,,,,,,,,,,,,,,,,-4,,,,,
,-1040,13,,,,,,,,8,,,,,,,,-8,,,,,
,-28,-31,,,,,,,,-5,,,,,,,,8,,,,,
,279,,,,,,,,,-23,,,,,,,,-2,,,,,
,-336,5,,,,,,,,10,,,,,,,,2,,,,,
,566,-2,,,,,,,,-3,,,,,,,,5,,,,,
,844,1,,,,,,,,-3,,,,,,,,-3,,,,,
,-756,7,,,,,,,,1,,,,,,,,-8,,,,,
,-629,-21,,,,,,,,2,,,,,,,,8,,,,,
,388,-3,,,,,,,,-8,,,,,,,,7,,,,,
,-256,16,,,,,,,,-6,,,,,,,,-11,,,,,
,797,-1,,,,,,,,-16,,,,,,,,-1,,,,,
,206,-32,,,,,,,,25,,,,,,,,4,,,,,
,-961,26,,,,,,,,5,,,,,,,,-2,,,,,
,-102,-27,,,,,,,,-12,,,,,,,,6,,,,,
,93,-11,,,,,,,,11,,,,,,,,3,,,,,
,387,9,,,,,,,,-6,,,,,,,,-6,,,,,
,-151,,,,,,,,,-5,,,,,,,,-2,,,,,
,507,,,,,,,,,11,,,,,,,,6,,,,,
,-187,,,,,,,,,-4,,,,,,,,-5,,,,,
,-123,-5,,,,,,,,-10,,,,,,,,-6,,,,,
,-138,22,,,,,,,,13,,,,,,,,,,,,,
,-386,-21,,,,,,,,3,,,,,,,,4,,,,,
,522,1,,,,,,,,-5,,,,,,,,8,,,,,
,362,,,,,,,,,-6,,,,,,,,1,,,,,
,3,-2,,,,,,,,20,,,,,,,,1,,,,,
,-438,1,,,,,,,,-8,,,,,,,,-9,,,,,
,-246,5,,,,,,,,3,,,,,,,,-8,,,,,
,391,5,,,,,,,,7,,,,,,,,7,,,,,
,-297,-6,,,,,,,,1,,,,,,,,3,,,,,
,276,-27,,,,,,,,-13,,,,,,,,,,,,,
,-27,-1,,,,,,,,2,,,,,,,,2,,,,,
,-197,20,,,,,,,,6,,,,,,,,,,,,,
,-290,-18,,,,,,,,-10,,,,,,,,6,,,,,
,985,-1,,,,,,,,-5,,,,,,,,-12,,,,,
,-1024,,,,,,,,,2,,,,,,,,4,,,,,
,-243,-1,,,,,,,,-6,,,,,,,,-7,,,,,
,547,1,,,,,,,,6,,,,,,,,11,,,,,
,617,-1,,,,,,,,1,,,,,,,,-5,,,,,
,-1001,-1,,,,,,,,4,,,,,,,,-1,,,,,
,93,2,,,,,,,,,,,,,,,,-7,,,,,
,1810,-1,,,,,,,,2,,,,,,,,-4,,,,,
,-1714,-32,,,,,,,,5,,,,,,,,18,,,,,
,577,26,,,,,,,,,,,,,,,,-7,,,,,
,-231,-26,,,,,,,,-1,,,,,,,,-4,,,,,
,2454,,,,,,,,,-6,,,,,,,,11,,,,,
,-2689,,,,,,,,,11,,,,,,,,5,,,,,
,338,-14,,,,,,,,3,,,,,,,,-11,,,,,
,1468,14,,,,,,,,-6,,,,,,,,1,,,,,
,1531,-11,,,,,,,,-5,,,,,,,,-2,,,,,
,-3581,,,,,,,,,-7,,,,,,,,3,,,,,
,943,1,,,,,,,,11,,,,,,,,5,,,,,
,-198,-17,,,,,,,,,,,,,,,,2,,,,,
,-620,,,,,,,,,-10,,,,,,,,-12,,,,,
,917,-4,,,,,,,,-14,,,,,,,,-1,,,,,
,-526,,,,,,,,,7,,,,,,,,-1,,,,,
,-114,-13,,,,,,,,5,,,,,,,,,,,,,
,1414,3,,,,,,,,-6,,,,,,,,9,,,,,
,552,10,,,,,,,,-2,,,,,,,,-5,,,,,
,-2506,-10,,,,,,,,5,,,,,,,,,,,,,
,295,-21,,,,,,,,,,,,,,,,4,,,,,
,296,9,,,,,,,,5,,,,,,,,1,,,,,
,358,-4,,,,,,,,6,,,,,,,,-5,,,,,
,-966,-18,,,,,,,,-11,,,,,,,,-2,,,,,
,558,4,,,,,,,,15,,,,,,,,-9,,,,,
,1644,9,,,,,,,,-2,,,,,,,,2,,,,,
,-2326,,,,,,,,,-9,,,,,,,,10,,,,,
,207,-9,,,,,,,,7,,,,,,,,-1,,,,,
,395,8,,,,,,,,-13,,,,,,,,-10,,,,,
,163,-30,,,,,,,,3,,,,,,,,12,,,,,
,787,1,,,,,,,,9,,,,,,,,-2,,,,,
,-767,,,,,,,,,,,,,,,,,-8,,,,,
,393,-1,,,,,,,,3,,,,,,,,,,,,,
,-61,-10,,,,,,,,-2,,,,,,,,6,,,,,
,5751,11,,,,,,,,-8,,,,,,,,10,,,,,
,-2854,-1,,,,,,,,1,,,,,,,,-14,,,,,
,-3546,36,,,,,,,,11,,,,,,,,6,,,,,
,437,-45,,,,,,,,-9,,,,,,,,4,,,,,
,-469,-20,,,,,,,,-10,,,,,,,,8,,,,,
,-214,-1,,,,,,,,-2,,,,,,,,-8,,,,,
,181,1,,,,,,,,9,,,,,,,,-1,,,,,
,522,21,,,,,,,,11,,,,,,,,-5,,,,,
,-856,-21,,,,,,,,13,,,,,,,,-3,,,,,
,1649,-12,,,,,,,,-19,,,,,,,,5,,,,,
,-1198,1,,,,,,,,4,,,,,,,,-12,,,,,
,2243,11,,,,,,,,14,,,,,,,,4,,,,,
,-1977,5,,,,,,,,-20,,,,,,,,6,,,,,
,-288,-5,,,,,,,,4,,,,,,,,11,,,,,
,-317,-29,,,,,,,,1,,,,,,,,,,,,,
,538,9,,,,,,,,-1,,,,,,,,-7,,,,,
,-682,-9,,,,,,,,-9,,,,,,,,-3,,,,,
,1161,19,,,,,,,,-10,,,,,,,,-4,,,,,
,-1355,-22,,,,,,,,12,,,,,,,,-3,,,,,
,486,-9,,,,,,,,15,,,,,,,,5,,,,,
,490,-4,,,,,,,,-13,,,,,,,,11,,,,,
,582,17,,,,,,,,4,,,,,,,,-8,,,,,
,-726,-1,,,,,,,,-5,,,,,,,,8,,,,,
,-917,-3,,,,,,,,7,,,,,,,,-3,,,,,
,668,-31,,,,,,,,-8,,,,,,,,-10,,,,,
,2746,-1,,,,,,,,-6,,,,,,,,-6,,,,,
,-2582,4,,,,,,,,-2,,,,,,,,4,,,,,
,-302,-3,,,,,,,,4,,,,,,,,-7,,,,,
,815,-13,,,,,,,,11,,,,,,,,6,,,,,
,-374,13,,,,,,,,3,,,,,,,,13,,,,,
,-57,,,,,,,,,-13,,,,,,,,-2,,,,,
,-187,-13,,,,,,,,,,,,,,,,5,,,,,
,-379,13,,,,,,,,,,,,,,,,-11,,,,,
,583,-30,,,,,,,,-5,,,,,,,,-9,,,,,
,2810,17,,,,,,,,18,,,,,,,,12,,,,,
,-3713,7,,,,,,,,-5,,,,,,,,-5,,,,,
,515,-24,,,,,,,,-23,,,,,,,,9,,,,,
,-144,8,,,,,,,,20,,,,,,,,-3,,,,,
,379,-21,,,,,,,,20,,,,,,,,,,,,,
,-170,,,,,,,,,-9,,,,,,,,7,,,,,
,691,13,,,,,,,,-15,,,,,,,,-1,,,,,
,-64,-2,,,,,,,,4,,,,,,,,2,,,,,
,-333,2,,,,,,,,9,,,,,,,,-6,,,,,
,142,-31,,,,,,,,,,,,,,,,-5,,,,,
,-525,-4,,,,,,,,-10,,,,,,,,4,,,,,
,927,4,,,,,,,,-3,,,,,,,,4,,,,,
,-490,18,,,,,,,,-1,,,,,,,,-2,,,,,
,-419,-19,,,,,,,,7,,,,,,,,-1,,,,,
,414,6,,,,,,,,-7,,,,,,,,-2,,,,,
,-579,-15,,,,,,,,-9,,,,,,,,1,,,,,
,1585,9,,,,,,,,7,,,,,,,,3,,,,,
,1813,-8,,,,,,,,-7,,,,,,,,,,,,,
,-2248,,,,,,,,,9,,,,,,,,-3,,,,,
,-1177,-45,,,,,,,,,,,,,,,,,,,,,
,2327,2,,,,,,,,16,,,,,,,,,,,,,
,-2340,-2,,,,,,,,-13,,,,,,,,5,,,,,
,688,29,,,,,,,,-3,,,,,,,,-10,,,,,
,-674,-37,,,,,,,,2,,,,,,,,-4,,,,,
,-263,-2,,,,,,,,-1,,,,,,,,11,,,,,
,718,12,,,,,,,,-12,,,,,,,,-2,,,,,
,88,27,,,,,,,,2,,,,,,,,-3,,,,,
,-465,-27,,,,,,,,17,,,,,,,,,,,,,
,70,-24,,,,,,,,8,,,,,,,,9,,,,,
,77,-8,,,,,,,,9,,,,,,,,,,,,,
,-348,21,,,,,,,,-13,,,,,,,,-8,,,,,
,232,-1,,,,,,,,5,,,,,,,,1,,,,,
,-281,-32,,,,,,,,-6,,,,,,,,-4,,,,,
,1827,2,,,,,,,,-3,,,,,,,,-4,,,,,
,-1367,9,,,,,,,,2,,,,,,,,3,,,,,
,835,-10,,,,,,,,-5,,,,,,,,1,,,,,
,34,1,,,,,,,,-12,,,,,,,,5,,,,,
,91,,,,,,,,,15,,,,,,,,,,,,,
,-494,-21,,,,,,,,7,,,,,,,,1,,,,,
,-240,19,,,,,,,,-7,,,,,,,,-3,,,,,
,-591,2,,,,,,,,-14,,,,,,,,-3,,,,,
,457,-20,,,,,,,,,,,,,,,,11,,,,,
,47,-1,,,,,,,,11,,,,,,,,2,,,,,
,283,,,,,,,,,-1,,,,,,,,-7,,,,,
,-744,-10,,,,,,,,-3,,,,,,,,-10,,,,,
,583,-1,,,,,,,,-1,,,,,,,,5,,,,,
,-313,1,,,,,,,,5,,,,,,,,-2,,,,,
,-218,,,,,,,,,11,,,,,,,,,,,,,
,-28,-21,,,,,,,,3,,,,,,,,-2,,,,,
,-175,21,,,,,,,,1,,,,,,,,9,,,,,
,-347,-21,,,,,,,,-27,,,,,,,,-3,,,,,
,5744,-10,,,,,,,,23,,,,,,,,5,,,,,
,-2989,22,,,,,,,,-9,,,,,,,,2,,,,,
,-2348,-7,,,,,,,,-3,,,,,,,,-5,,,,,
,17,-4,,,,,,,,1,,,,,,,,10,,,,,
,904,-12,,,,,,,,-4,,,,,,,,1,,,,,
,-788,,,,,,,,,3,,,,,,,,-21,,,,,
,-321,1,,,,,,,,-3,,,,,,,,-4,,,,,
,1415,-6,,,,,,,,24,,,,,,,,11,,,,,
,-648,-14,,,,,,,,6,,,,,,,,-1,,,,,
,-546,20,,,,,,,,-15,,,,,,,,-3,,,,,
,1679,-32,,,,,,,,-25,,,,,,,,,,,,,
,-1573,2,,,,,,,,7,,,,,,,,7,,,,,
,-160,10,,,,,,,,3,,,,,,,,9,,,,,
,-677,-11,,,,,,,,7,,,,,,,,-18,,,,,
,12,11,,,,,,,,5,,,,,,,,-7,,,,,
,2047,-11,,,,,,,,-10,,,,,,,,11,,,,,
,-1576,1,,,,,,,,,,,,,,,,3,,,,,
,305,,,,,,,,,9,,,,,,,,,,,,,
,-40,-1,,,,,,,,-3,,,,,,,,,,,,,
,52,-20,,,,,,,,-11,,,,,,,,2,,,,,
,333,9,,,,,,,,-10,,,,,,,,-4,,,,,
,60,-20,,,,,,,,5,,,,,,,,15,,,,,
,-424,1,,,,,,,,18,,,,,,,,-8,,,,,
,-536,9,,,,,,,,12,,,,,,,,-3,,,,,
,821,-10,,,,,,,,-7,,,,,,,,6,,,,,
,460,10,,,,,,,,-12,,,,,,,,-4,,,,,
,-554,-9,,,,,,,,-14,,,,,,,,-11,,,,,
,921,-15,,,,,,,,1,,,,,,,,12,,,,,
,-1149,14,,,,,,,,12,,,,,,,,10,,,,,
,196,-31,,,,,,,,6,,,,,,,,-4,,,,,
,629,1,,,,,,,,-8,,,,,,,,-6,,,,,
,430,11,,,,,,,,5,,,,,,,,-8,,,,,
,-1531,-11,,,,,,,,8,,,,,,,,-2,,,,,
,1669,,,,,,,,,4,,,,,,,,15,,,,,
,-1757,-2,,,,,,,,-26,,,,,,,,3,,,,,
,485,3,,,,,,,,8,,,,,,,,2,,,,,
,73,-4,,,,,,,,5,,,,,,,,-8,,,,,
,140,4,,,,,,,,16,,,,,,,,-9,,,,,
,142,-34,,,,,,,,-7,,,,,,,,2,,,,,
,-546,11,,,,,,,,-6,,,,,,,,8,,,,,
,-185,1,,,,,,,,-8,,,,,,,,10,,,,,
,-173,1,,,,,,,,-5,,,,,,,,-12,,,,,
,700,,,,,,,,,10,,,,,,,,-2,,,,,
,591,,,,,,,,,13,,,,,,,,9,,,,,
,-1064,-10,,,,,,,,-10,,,,,,,,6,,,,,
,68,-2,,,,,,,,-19,,,,,,,,-17,,,,,
,31,2,,,,,,,,5,,,,,,,,-9,,,,,
,-437,-21,,,,,,,,13,,,,,,,,7,,,,,
,603,-1,,,,,,,,3,,,,,,,,9,,,,,
,278,2,,,,,,,,1,,,,,,,,-10,,,,,
,-530,-11,,,,,,,,-6,,,,,,,,5,,,,,
,572,2,,,,,,,,-9,,,,,,,,7,,,,,
,-1088,9,,,,,,,,10,,,,,,,,-12,,,,,
,-85,-11,,,,,,,,14,,,,,,,,-14,,,,,
,1236,-23,,,,,,,,-8,,,,,,,,17,,,,,
,-416,22,,,,,,,,-6,,,,,,,,5,,,,,
,-208,-19,,,,,,,,-11,,,,,,,,-11,,,,,
,279,18,,,,,,,,10,,,,,,,,-4,,,,,
,513,-12,,,,,,,,10,,,,,,,,15,,,,,
,-572,-4,,,,,,,,-13,,,,,,,,-14,,,,,
,-162,-1,,,,,,,,-5,,,,,,,,4,,,,,
,-227,-12,,,,,,,,1,,,,,,,,1,,,,,
,620,,,,,,,,,20,,,,,,,,-2,,,,,
,-960,,,,,,,,,-3,,,,,,,,4,,,,,
,1385,,,,,,,,,1,,,,,,,,-1,,,,,
,-147,-2,,,,,,,,-1,,,,,,,,-1,,,,,
,508,3,,,,,,,,-6,,,,,,,,5,,,,,
,-1564,-3,,,,,,,,2,,,,,,,,-6,,,,,
,3329,-31,,,,,,,,-5,,,,,,,,-10,,,,,
,-1383,3,,,,,,,,-3,,,,,,,,14,,,,,
,-1734,-1,,,,,,,,-5,,,,,,,,-6,,,,,
,596,1,,,,,,,,16,,,,,,,,,,,,,
,-24,10,,,,,,,,9,,,,,,,,-1,,,,,
,-992,-11,,,,,,,,-16,,,,,,,,4,,,,,
,1328,-20,,,,,,,,-22,,,,,,,,4,,,,,
,68,21,,,,,,,,23,,,,,,,,1,,,,,
,-1071,-21,,,,,,,,-7,,,,,,,,-3,,,,,
,745,11,,,,,,,,10,,,,,,,,2,,,,,
,-596,-23,,,,,,,,-2,,,,,,,,6,,,,,
,355,12,,,,,,,,-23,,,,,,,,-5,,,,,
,-940,-10,,,,,,,,10,,,,,,,,-6,,,,,
,680,10,,,,,,,,2,,,,,,,,-1,,,,,
,306,-10,,,,,,,,4,,,,,,,,7,,,,,
,-613,,,,,,,,,8,,,,,,,,-8,,,,,
,579,-10,,,,,,,,-6,,,,,,,,-5,,,,,
,-287,3,,,,,,,,6,,,,,,,,2,,,,,
,140,-16,,,,,,,,,,,,,,,,18,,,,,
,-318,13,,,,,,,,6,,,,,,,,-6,,,,,
,-9,-1,,,,,,,,-13,,,,,,,,-1,,,,,
,1299,10,,,,,,,,-2,,,,,,,,-2,,,,,
,-936,-1,,,,,,,,-7,,,,,,,,-2,,,,,
,-453,-27,,,,,,,,20,,,,,,,,4,,,,,
,990,17,,,,,,,,8,,,,,,,,4,,,,,
,-148,-2,,,,,,,,-2,,,,,,,,-5,,,,,
,1662,1,,,,,,,,-4,,,,,,,,-3,,,,,
,-2204,-17,,,,,,,,-8,,,,,,,,-6,,,,,
,-666,,,,,,,,,2,,,,,,,,10,,,,,
,840,,,,,,,,,6,,,,,,,,-5,,,,,
,377,1,,,,,,,,-6,,,,,,,,8,,,,,
,-694,-1,,,,,,,,,,,,,,,,-1,,,,,
,2343,-47,,,,,,,,-4,,,,,,,,-2,,,,,
,-2994,20,,,,,,,,1,,,,,,,,-4,,,,,
,938,4,,,,,,,,-6,,,,,,,,,,,,,
,1283,-23,,,,,,,,9,,,,,,,,-11,,,,,
,-2140,5,,,,,,,,,,,,,,,,6,,,,,
,2522,-18,,,,,,,,-14,,,,,,,,16,,,,,
,-2287,18,,,,,,,,,,,,,,,,-5,,,,,
,530,-5,,,,,,,,14,,,,,,,,3,,,,,
,-388,1,,,,,,,,-7,,,,,,,,5,,,,,
,-197,-15,,,,,,,,-8,,,,,,,,-12,,,,,
,1677,6,,,,,,,,5,,,,,,,,-1,,,,,
,-1341,-22,,,,,,,,-4,,,,,,,,10,,,,,
,152,17,,,,,,,,15,,,,,,,,-17,,,,,
,191,-17,,,,,,,,-4,,,,,,,,-1,,,,,
,239,1,,,,,,,,-4,,,,,,,,5,,,,,
,-417,-13,,,,,,,,18,,,,,,,,7,,,,,
,-27,-4,,,,,,,,-11,,,,,,,,-7,,,,,
,-327,6,,,,,,,,-2,,,,,,,,-7,,,,,
,555,12,,,,,,,,3,,,,,,,,13,,,,,
,-352,-2,,,,,,,,,,,,,,,,10,,,,,
,404,-31,,,,,,,,-1,,,,,,,,-4,,,,,
,-520,3,,,,,,,,-7,,,,,,,,-4,,,,,
,-149,14,,,,,,,,17,,,,,,,,10,,,,,
,210,-16,,,,,,,,-13,,,,,,,,-7,,,,,
,599,15,,,,,,,,-14,,,,,,,,-13,,,,,
,-578,-26,,,,,,,,18,,,,,,,,10,,,,,
,1641,-1,,,,,,,,1,,,,,,,,-10,,,,,
,-1723,7,,,,,,,,14,,,,,,,,3,,,,,
,723,-10,,,,,,,,-22,,,,,,,,11,,,,,
,-256,3,,,,,,,,-3,,,,,,,,-10,,,,,
,-268,-20,,,,,,,,19,,,,,,,,3,,,,,
,96,21,,,,,,,,1,,,,,,,,2,,,,,
,-290,1,,,,,,,,-3,,,,,,,,-11,,,,,
,-320,-19,,,,,,,,-9,,,,,,,,1,,,,,
,595,-1,,,,,,,,7,,,,,,,,9,,,,,
,23,12,,,,,,,,7,,,,,,,,9,,,,,
,57,-13,,,,,,,,-17,,,,,,,,-5,,,,,
,-228,1,,,,,,,,1,,,,,,,,2,,,,,
,-33,,,,,,,,,1,,,,,,,,3,,,,,
,603,-18,,,,,,,,2,,,,,,,,-15,,,,,
,-310,1,,,,,,,,8,,,,,,,,-6,,,,,
,-253,-7,,,,,,,,-6,,,,,,,,4,,,,,
,-608,8,,,,,,,,-9,,,,,,,,13,,,,,
,488,,,,,,,,,5,,,,,,,,-13,,,,,
,116,-1,,,,,,,,3,,,,,,,,-5,,,,,
,246,-28,,,,,,,,-13,,,,,,,,8,,,,,
,619,28,,,,,,,,7,,,,,,,,-7,,,,,
,-1321,-27,,,,,,,,9,,,,,,,,13,,,,,
,391,26,,,,,,,,-13,,,,,,,,3,,,,,
,2391,-26,,,,,,,,14,,,,,,,,-4,,,,,
,-2509,19,,,,,,,,2,,,,,,,,10,,,,,
,99,-39,,,,,,,,1,,,,,,,,-2,,,,,
,-663,23,,,,,,,,-3,,,,,,,,-10,,,,,
,2410,-21,,,,,,,,-15,,,,,,,,-3,,,,,
,2924,-1,,,,,,,,8,,,,,,,,6,,,,,
,-3170,17,,,,,,,,1,,,,,,,,1,,,,,
,-1247,-18,,,,,,,,-9,,,,,,,,4,,,,,
,4,1,,,,,,,,16,,,,,,,,-2,,,,,
,114,-13,,,,,,,,-1,,,,,,,,-12,,,,,
,2082,-18,,,,,,,,-5,,,,,,,,5,,,,,
,-2035,2,,,,,,,,2,,,,,,,,6,,,,,
,-88,-2,,,,,,,,-8,,,,,,,,,,,,,
,-223,-9,,,,,,,,,,,,,,,,4,,,,,
,1231,-3,,,,,,,,,,,,,,,,,,,,,
,-1440,-2,,,,,,,,-4,,,,,,,,4,,,,,
,-110,5,,,,,,,,5,,,,,,,,-7,,,,,
,-696,13,,,,,,,,,,,,,,,,-8,,,,,
,599,-32,,,,,,,,18,,,,,,,,1,,,,,
,374,27,,,,,,,,-15,,,,,,,,-4,,,,,
,-245,-30,,,,,,,,8,,,,,,,,1,,,,,
,236,-1,,,,,,,,-16,,,,,,,,-4,,,,,
,3228,17,,,,,,,,-3,,,,,,,,2,,,,,
,-3436,-6,,,,,,,,-1,,,,,,,,8,,,,,
,120,-23,,,,,,,,29,,,,,,,,5,,,,,
,406,29,,,,,,,,-7,,,,,,,,-10,,,,,
,52,-18,,,,,,,,-32,,,,,,,,4,,,,,
,-773,,,,,,,,,4,,,,,,,,-2,,,,,
,718,1,,,,,,,,11,,,,,,,,-2,,,,,
,-452,-17,,,,,,,,5,,,,,,,,,,,,,
,754,29,,,,,,,,2,,,,,,,,10,,,,,
,-217,-28,,,,,,,,2,,,,,,,,-11,,,,,
,-1007,11,,,,,,,,1,,,,,,,,8,,,,,
,576,-1,,,,,,,,8,,,,,,,,-3,,,,,
,-510,2,,,,,,,,-2,,,,,,,,-4,,,,,
,654,-9,,,,,,,,-13,,,,,,,,5,,,,,
,-977,-13,,,,,,,,-6,,,,,,,,-6,,,,,
,-18,-2,,,,,,,,,,,,,,,,-5,,,,,
,1743,18,,,,,,,,-12,,,,,,,,15,,,,,
,-568,-17,,,,,,,,26,,,,,,,,-1,,,,,
,485,-2,,,,,,,,-3,,,,,,,,-6,,,,,
,-369,,,,,,,,,-11,,,,,,,,7,,,,,
,-584,-5,,,,,,,,,,,,,,,,-5,,,,,
,321,6,,,,,,,,15,,,,,,,,3,,,,,
,-461,-1,,,,,,,,,,,,,,,,-2,,,,,
,-453,,,,,,,,,9,,,,,,,,-6,,,,,
,797,1,,,,,,,,-19,,,,,,,,8,,,,,
,-222,-33,,,,,,,,-3,,,,,,,,-2,,,,,
,401,-4,,,,,,,,16,,,,,,,,4,,,,,
,-361,4,,,,,,,,-1,,,,,,,,-9,,,,,
,480,,,,,,,,,-20,,,,,,,,7,,,,,
,-889,-1,,,,,,,,6,,,,,,,,-5,,,,,
,-27,-9,,,,,,,,12,,,,,,,,,,,,,
,-3,10,,,,,,,,-3,,,,,,,,-2,,,,,
,33,,,,,,,,,,,,,,,,,1,,,,,
,2402,-11,,,,,,,,-7,,,,,,,,6,,,,,
,1996,11,,,,,,,,-3,,,,,,,,-5,,,,,
,-3307,-27,,,,,,,,5,,,,,,,,-3,,,,,
,-761,13,,,,,,,,-5,,,,,,,,5,,,,,
,-584,,,,,,,,,11,,,,,,,,3,,,,,
,996,-30,,,,,,,,-8,,,,,,,,-3,,,,,
,-173,,,,,,,,,-3,,,,,,,,-2,,,,,
,66,13,,,,,,,,11,,,,,,,,2,,,,,
,42,-14,,,,,,,,-3,,,,,,,,3,,,,,
,-31,1,,,,,,,,-10,,,,,,,,4,,,,,
,-56,,,,,,,,,10,,,,,,,,-7,,,,,
,-25,3,,,,,,,,3,,,,,,,,1,,,,,
,-51,-22,,,,,,,,8,,,,,,,,-1,,,,,
,197,6,,,,,,,,-14,,,,,,,,-7,,,,,
,-635,16,,,,,,,,-12,,,,,,,,3,,,,,
,728,-22,,,,,,,,-2,,,,,,,,-3,,,,,
,-383,6,,,,,,,,9,,,,,,,,,,,,,
,604,-15,,,,,,,,6,,,,,,,,10,,,,,
,-673,1,,,,,,,,-5,,,,,,,,1,,,,,
,774,14,,,,,,,,10,,,,,,,,-8,,,,,
,-1199,-32,,,,,,,,-4,,,,,,,,,,,,,
,1652,23,,,,,,,,,,,,,,,,11,,,,,
,-1366,-9,,,,,,,,7,,,,,,,,1,,,,,
,-259,,,,,,,,,1,,,,,,,,1,,,,,
,413,,,,,,,,,-23,,,,,,,,-7,,,,,
,-784,-17,,,,,,,,1,,,,,,,,-3,,,,,
,1114,,,,,,,,,1,,,,,,,,-4,,,,,
,23,,,,,,,,,24,,,,,,,,6,,,,,
,-197,-11,,,,,,,,-2,,,,,,,,-1,,,,,
,-412,11,,,,,,,,-11,,,,,,,,7,,,,,
,399,-10,,,,,,,,-5,,,,,,,,,,,,,
,-812,-20,,,,,,,,5,,,,,,,,3,,,,,
,645,2,,,,,,,,10,,,,,,,,,,,,,
,166,-1,,,,,,,,8,,,,,,,,3,,,,,
,-296,-1,,,,,,,,-2,,,,,,,,-11,,,,,
,252,-12,,,,,,,,15,,,,,,,,-9,,,,,
,-62,13,,,,,,,,-23,,,,,,,,5,,,,,
,-326,-1,,,,,,,,-5,,,,,,,,-2,,,,,
,581,-11,,,,,,,,7,,,,,,,,-2,,,,,
,-359,12,,,,,,,,-19,,,,,,,,1,,,,,
,600,-10,,,,,,,,-7,,,,,,,,,,,,,
,2030,-23,,,,,,,,9,,,,,,,,3,,,,,
,-2598,,,,,,,,,25,,,,,,,,-10,,,,,
,-271,,,,,,,,,5,,,,,,,,1,,,,,
,1043,-10,,,,,,,,-3,,,,,,,,3,,,,,
,836,23,,,,,,,,-12,,,,,,,,11,,,,,
,-1972,-22,,,,,,,,-16,,,,,,,,-5,,,,,
,284,9,,,,,,,,8,,,,,,,,-3,,,,,
,273,-10,,,,,,,,6,,,,,,,,4,,,,,
,-133,10,,,,,,,,-3,,,,,,,,1,,,,,
,-471,-28,,,,,,,,-3,,,,,,,,-1,,,,,
,1371,15,,,,,,,,-10,,,,,,,,1,,,,,
,-1371,-13,,,,,,,,13,,,,,,,,3,,,,,
,94,15,,,,,,,,3,,,,,,,,-3,,,,,
,-599,-20,,,,,,,,5,,,,,,,,-13,,,,,
,1545,,,,,,,,,1,,,,,,,,3,,,,,
,-695,,,,,,,,,-12,,,,,,,,-1,,,,,
,-98,-10,,,,,,,,1,,,,,,,,1,,,,,
,-143,-3,,,,,,,,,,,,,,,,8,,,,,
,706,32,,,,,,,,-3,,,,,,,,5,,,,,
,317,-49,,,,,,,,-15,,,,,,,,1,,,,,
,-560,-5,,,,,,,,12,,,,,,,,6,,,,,
,-321,22,,,,,,,,13,,,,,,,,-8,,,,,
,407,-17,,,,,,,,2,,,,,,,,9,,,,,
,-543,,,,,,,,,-15,,,,,,,,-8,,,,,
,264,,,,,,,,,13,,,,,,,,7,,,,,
,-11,,,,,,,,,-7,,,,,,,,-2,,,,,
,-263,-13,,,,,,,,1,,,,,,,,-7,,,,,
,-762,3,,,,,,,,4,,,,,,,,-3,,,,,
,1289,-3,,,,,,,,,,,,,,,,-4,,,,,
,947,-15,,,,,,,,-7,,,,,,,,-1,,,,,
,-1363,15,,,,,,,,-6,,,,,,,,15,,,,,
,422,3,,,,,,,,3,,,,,,,,-5,,,,,
,4480,-3,,,,,,,,-1,,,,,,,,-14,,,,,
,-3406,-18,,,,,,,,-11,,,,,,,,4,,,,,
,-2503,,,,,,,,,13,,,,,,,,17,,,,,
,914,-1,,,,,,,,2,,,,,,,,-7,,,,,
,-73,1,,,,,,,,-1,,,,,,,,2,,,,,
,-8,,,,,,,,,-5,,,,,,,,-5,,,,,
,364,-52,,,,,,,,5,,,,,,,,-4,,,,,
,-414,-3,,,,,,,,,,,,,,,,11,,,,,
,169,3,,,,,,,,-7,,,,,,,,-9,,,,,
,338,,,,,,,,,,,,,,,,,-1,,,,,
,30,,,,,,,,,8,,,,,,,,-2,,,,,
,-583,-1,,,,,,,,-1,,,,,,,,10,,,,,
,1187,-1,,,,,,,,7,,,,,,,,,,,,,
,-670,1,,,,,,,,-4,,,,,,,,,,,,,
,1408,28,,,,,,,,4,,,,,,,,3,,,,,
,-2471,-55,,,,,,,,13,,,,,,,,-8,,,,,
,265,25,,,,,,,,-15,,,,,,,,-7,,,,,
,286,-30,,,,,,,,-14,,,,,,,,-5,,,,,
,2717,20,,,,,,,,10,,,,,,,,10,,,,,
,-2867,1,,,,,,,,4,,,,,,,,-8,,,,,
,649,-20,,,,,,,,10,,,,,,,,7,,,,,
,-307,1,,,,,,,,-16,,,,,,,,2,,,,,
,2576,-12,,,,,,,,,,,,,,,,-6,,,,,
,-2444,3,,,,,,,,8,,,,,,,,-1,,,,,
,143,10,,,,,,,,1,,,,,,,,-6,,,,,
,-750,-31,,,,,,,,5,,,,,,,,15,,,,,
,1083,-2,,,,,,,,-6,,,,,,,,-1,,,,,
,-399,1,,,,,,,,-12,,,,,,,,-7,,,,,
,-270,20,,,,,,,,15,,,,,,,,,,,,,
,1119,-21,,,,,,,,-1,,,,,,,,,,,,,
,-682,1,,,,,,,,-5,,,,,,,,-3,,,,,
,1016,1,,,,,,,,-7,,,,,,,,13,,,,,
,-1299,,,,,,,,,-3,,,,,,,,9,,,,,
,629,1,,,,,,,,5,,,,,,,,-7,,,,,
,2911,-14,,,,,,,,15,,,,,,,,-4,,,,,
,-3243,1,,,,,,,,3,,,,,,,,9,,,,,
,-49,,,,,,,,,-5,,,,,,,,-7,,,,,
,2473,-1,,,,,,,,-11,,,,,,,,,,,,,
,-2904,-14,,,,,,,,1,,,,,,,,-5,,,,,
,451,-17,,,,,,,,-1,,,,,,,,6,,,,,
,367,12,,,,,,,,-1,,,,,,,,-12,,,,,
,-872,-9,,,,,,,,7,,,,,,,,-1,,,,,
,-226,-2,,,,,,,,5,,,,,,,,9,,,,,
,1145,,,,,,,,,-7,,,,,,,,3,,,,,
,-1799,,,,,,,,,6,,,,,,,,-5,,,,,
,1656,,,,,,,,,-15,,,,,,,,5,,,,,
,-486,1,,,,,,,,-2,,,,,,,,5,,,,,
,-656,-21,,,,,,,,7,,,,,,,,-8,,,,,
,984,,,,,,,,,-11,,,,,,,,-14,,,,,
,-303,-1,,,,,,,,18,,,,,,,,-1,,,,,
,1353,-10,,,,,,,,-2,,,,,,,,11,,,,,
,855,-4,,,,,,,,-8,,,,,,,,9,,,,,
,-3197,3,,,,,,,,-12,,,,,,,,-14,,,,,
,1560,12,,,,,,,,2,,,,,,,,,,,,,
,-907,-11,,,,,,,,20,,,,,,,,7,,,,,
,91,-1,,,,,,,,-2,,,,,,,,8,,,,,
,-472,-19,,,,,,,,2,,,,,,,,4,,,,,
,741,1,,,,,,,,-10,,,,,,,,-9,,,,,
,-614,-12,,,,,,,,-10,,,,,,,,2,,,,,
,2757,2,,,,,,,,5,,,,,,,,-3,,,,,
,-3198,10,,,,,,,,5,,,,,,,,-1,,,,,
,830,-12,,,,,,,,-6,,,,,,,,6,,,,,
,-280,1,,,,,,,,13,,,,,,,,1,,,,,
,614,7,,,,,,,,8,,,,,,,,-14,,,,,
,-914,-6,,,,,,,,-16,,,,,,,,2,,,,,
,814,-23,,,,,,,,1,,,,,,,,7,,,,,
,3647,2,,,,,,,,10,,,,,,,,-4,,,,,
,-3622,,,,,,,,,-12,,,,,,,,-6,,,,,
,-594,2,,,,,,,,9,,,,,,,,13,,,,,
,627,-13,,,,,,,,-2,,,,,,,,7,,,,,
,-285,2,,,,,,,,-1,,,,,,,,-3,,,,,
,758,-1,,,,,,,,5,,,,,,,,-5,,,,,
,-726,-2,,,,,,,,-6,,,,,,,,2,,,,,
,-211,1,,,,,,,,-11,,,,,,,,-4,,,,,
,1269,,,,,,,,,8,,,,,,,,-1,,,,,
,1039,-20,,,,,,,,7,,,,,,,,4,,,,,
,-2943,12,,,,,,,,-1,,,,,,,,1,,,,,
,773,-23,,,,,,,,-7,,,,,,,,-10,,,,,
,-55,11,,,,,,,,4,,,,,,,,,,,,,
,-490,,,,,,,,,6,,,,,,,,6,,,,,
,622,-12,,,,,,,,-8,,,,,,,,-4,,,,,
,254,-1,,,,,,,,-11,,,,,,,,-7,,,,,
,1859,2,,,,,,,,9,,,,,,,,-1,,,,,
,-2712,6,,,,,,,,13,,,,,,,,12,,,,,
,1538,-29,,,,,,,,7,,,,,,,,3,,,,,
,-1019,4,,,,,,,,-11,,,,,,,,-1,,,,,
,-302,17,,,,,,,,-5,,,,,,,,,,,,,
,929,-19,,,,,,,,-5,,,,,,,,8,,,,,
,-818,-9,,,,,,,,-5,,,,,,,,-5,,,,,
,-113,16,,,,,,,,4,,,,,,,,7,,,,,
,1002,-17,,,,,,,,14,,,,,,,,-12,,,,,
,-1193,12,,,,,,,,-3,,,,,,,,-11,,,,,
,2276,-11,,,,,,,,-4,,,,,,,,12,,,,,
,-31,-22,,,,,,,,-2,,,,,,,,-5,,,,,
,-1747,3,,,,,,,,7,,,,,,,,5,,,,,
,-873,19,,,,,,,,8,,,,,,,,-4,,,,,
,1875,13,,,,,,,,-9,,,,,,,,-6,,,,,
,-1520,-33,,,,,,,,-9,,,,,,,,8,,,,,
,1153,-11,,,,,,,,6,,,,,,,,-2,,,,,
,-510,,,,,,,,,12,,,,,,,,,,,,,
,-20,9,,,,,,,,-1,,,,,,,,-9,,,,,
,-222,-25,,,,,,,,-7,,,,,,,,9,,,,,
,21,16,,,,,,,,1,,,,,,,,-7,,,,,
,-109,-1,,,,,,,,-3,,,,,,,,5,,,,,
,283,2,,,,,,,,-2,,,,,,,,9,,,,,
,308,-3,,,,,,,,,,,,,,,,4,,,,,
,-374,-19,,,,,,,,-9,,,,,,,,-8,,,,,
,-96,-13,,,,,,,,2,,,,,,,,-8,,,,,
,-318,3,,,,,,,,11,,,,,,,,7,,,,,
,574,-1,,,,,,,,2,,,,,,,,2,,,,,
,-499,1,,,,,,,,-20,,,,,,,,1,,,,,
,227,1,,,,,,,,-1,,,,,,,,-2,,,,,
,-432,-1,,,,,,,,20,,,,,,,,-1,,,,,
,1341,-1,,,,,,,,-6,,,,,,,,1,,,,,
,-1364,-19,,,,,,,,-6,,,,,,,,-11,,,,,
,908,1,,,,,,,,9,,,,,,,,-4,,,,,
,-642,-14,,,,,,,,-8,,,,,,,,6,,,,,
,1277,14,,,,,,,,-12,,,,,,,,6,,,,,
,-1096,-11,,,,,,,,9,,,,,,,,1,,,,,
,-345,10,,,,,,,,9,,,,,,,,-3,,,,,
,195,-2,,,,,,,,-3,,,,,,,,-6,,,,,
,386,-3,,,,,,,,1,,,,,,,,8,,,,,
,-537,3,,,,,,,,-10,,,,,,,,4,,,,,
,185,-14,,,,,,,,-11,,,,,,,,-9,,,,,
,-75,-15,,,,,,,,14,,,,,,,,3,,,,,
,584,11,,,,,,,,14,,,,,,,,-6,,,,,
,-734,-20,,,,,,,,-10,,,,,,,,7,,,,,
,412,29,,,,,,,,,,,,,,,,1,,,,,
,199,-11,,,,,,,,14,,,,,,,,-1,,,,,
,-531,-18,,,,,,,,-8,,,,,,,,8,,,,,
,-434,-1,,,,,,,,-3,,,,,,,,-11,,,,,
,355,17,,,,,,,,,,,,,,,,-6,,,,,
,31,2,,,,,,,,2,,,,,,,,5,,,,,
,4269,-19,,,,,,,,4,,,,,,,,8,,,,,
,-3362,-7,,,,,,,,-4,,,,,,,,,,,,,
,-381,,,,,,,,,7,,,,,,,,11,,,,,
,-498,-19,,,,,,,,-7,,,,,,,,-7,,,,,
,12,27,,,,,,,,-3,,,,,,,,-5,,,,,
,88,,,,,,,,,5,,,,,,,,,,,,,
,-517,-44,,,,,,,,,,,,,,,,-12,,,,,
,-100,9,,,,,,,,,,,,,,,,2,,,,,
,1127,9,,,,,,,,1,,,,,,,,3,,,,,
,-531,-19,,,,,,,,-20,,,,,,,,6,,,,,
,-70,-11,,,,,,,,-1,,,,,,,,-6,,,,,
,-196,10,,,,,,,,17,,,,,,,,11,,,,,
,555,-15,,,,,,,,-15,,,,,,,,-4,,,,,
,980,2,,,,,,,,15,,,,,,,,5,,,,,
,-1861,12,,,,,,,,-7,,,,,,,,2,,,,,
,1188,-12,,,,,,,,-22,,,,,,,,-14,,,,,
,-656,-16,,,,,,,,14,,,,,,,,-1,,,,,
,5695,-3,,,,,,,,14,,,,,,,,13,,,,,
,-3344,10,,,,,,,,-6,,,,,,,,-1,,,,,
,2862,-4,,,,,,,,9,,,,,,,,-6,,,,,
,7078,-4,,,,,,,,-1,,,,,,,,-3,,,,,
,-3671,3,,,,,,,,6,,,,,,,,3,,,,,
,-3609,,,,,,,,,-9,,,,,,,,11,,,,,
,-3605,-2,,,,,,,,6,,,,,,,,-6,,,,,
,-2244,-15,,,,,,,,-10,,,,,,,,-3,,,,,
,941,14,,,,,,,,,,,,,,,,-6,,,,,
,402,-11,,,,,,,,12,,,,,,,,-3,,,,,
,-959,-3,,,,,,,,2,,,,,,,,1,,,,,
,312,4,,,,,,,,-2,,,,,,,,-4,,,,,
,1158,-19,,,,,,,,-1,,,,,,,,14,,,,,
,-1442,-1,,,,,,,,3,,,,,,,,1,,,,,
,827,-2,,,,,,,,1,,,,,,,,-2,,,,,
,-256,-13,,,,,,,,-14,,,,,,,,-10,,,,,
,3039,-8,,,,,,,,2,,,,,,,,9,,,,,
,-2811,9,,,,,,,,9,,,,,,,,-2,,,,,
,-886,13,,,,,,,,-8,,,,,,,,-3,,,,,
,107,-10,,,,,,,,-2,,,,,,,,5,,,,,
,563,,,,,,,,,-15,,,,,,,,3,,,,,
,1414,-20,,,,,,,,7,,,,,,,,-2,,,,,
,-1293,,,,,,,,,7,,,,,,,,1,,,,,
,-691,,,,,,,,,3,,,,,,,,2,,,,,
,79,-1,,,,,,,,1,,,,,,,,-8,,,,,
,1550,3,,,,,,,,4,,,,,,,,1,,,,,
,553,-2,,,,,,,,-9,,,,,,,,-2,,,,,
,-1890,-7,,,,,,,,-8,,,,,,,,8,,,,,
,463,6,,,,,,,,14,,,,,,,,-10,,,,,
,153,-16,,,,,,,,6,,,,,,,,2,,,,,
,-838,18,,,,,,,,3,,,,,,,,,,,,,
,1177,-17,,,,,,,,-14,,,,,,,,13,,,,,
,-1309,-25,,,,,,,,7,,,,,,,,-2,,,,,
,1433,17,,,,,,,,9,,,,,,,,-15,,,,,
,3669,7,,,,,,,,1,,,,,,,,-10,,,,,
,-3088,-25,,,,,,,,-14,,,,,,,,7,,,,,
,-2271,,,,,,,,,11,,,,,,,,14,,,,,
,1378,1,,,,,,,,-9,,,,,,,,-3,,,,,
,1070,25,,,,,,,,-5,,,,,,,,-3,,,,,
,-2060,-19,,,,,,,,16,,,,,,,,4,,,,,
,252,-9,,,,,,,,2,,,,,,,,-5,,,,,
,2638,-23,,,,,,,,-14,,,,,,,,5,,,,,
,-3236,3,,,,,,,,-14,,,,,,,,1,,,,,
,523,9,,,,,,,,5,,,,,,,,-13,,,,,
,69,-2,,,,,,,,13,,,,,,,,8,,,,,
,-408,-5,,,,,,,,9,,,,,,,,8,,,,,
,105,-26,,,,,,,,-12,,,,,,,,-10,,,,,
,615,16,,,,,,,,-2,,,,,,,,2,,,,,
,-223,-19,,,,,,,,6,,,,,,,,-8,,,,,
,50,18,,,,,,,,-1,,,,,,,,3,,,,,
,393,-19,,,,,,,,-8,,,,,,,,2,,,,,
,227,17,,,,,,,,8,,,,,,,,13,,,,,
,21,-13,,,,,,,,-12,,,,,,,,1,,,,,
,-646,-5,,,,,,,,5,,,,,,,,-20,,,,,
,434,1,,,,,,,,4,,,,,,,,1,,,,,
,-901,-10,,,,,,,,11,,,,,,,,11,,,,,
,456,8,,,,,,,,5,,,,,,,,3,,,,,
,-47,-27,,,,,,,,-17,,,,,,,,-1,,,,,
,-475,-1,,,,,,,,-1,,,,,,,,-7,,,,,
,-9,-1,,,,,,,,10,,,,,,,,-3,,,,,
,746,-2,,,,,,,,-25,,,,,,,,-3,,,,,
,-357,18,,,,,,,,7,,,,,,,,17,,,,,
,2288,-17,,,,,,,,7,,,,,,,,-3,,,,,
,-2514,-11,,,,,,,,-2,,,,,,,,-5,,,,,
,202,-2,,,,,,,,15,,,,,,,,7,,,,,
,-445,11,,,,,,,,-3,,,,,,,,-5,,,,,
,1108,18,,,,,,,,7,,,,,,,,10,,,,,
,-209,-5,,,,,,,,-13,,,,,,,,-10,,,,,
,-606,-12,,,,,,,,-3,,,,,,,,-3,,,,,
,1079,-5,,,,,,,,17,,,,,,,,9,,,,,
,-252,-13,,,,,,,,-8,,,,,,,,-4,,,,,
,1322,12,,,,,,,,-11,,,,,,,,-2,,,,,
,-2177,-11,,,,,,,,7,,,,,,,,-4,,,,,
,1211,23,,,,,,,,-9,,,,,,,,1,,,,,
,1120,-4,,,,,,,,4,,,,,,,,-5,,,,,
,-2698,-30,,,,,,,,-2,,,,,,,,10,,,,,
,1105,7,,,,,,,,18,,,,,,,,-1,,,,,
,1944,-8,,,,,,,,-15,,,,,,,,5,,,,,
,-3499,19,,,,,,,,4,,,,,,,,-11,,,,,
,564,-19,,,,,,,,5,,,,,,,,2,,,,,
,-36,,,,,,,,,-6,,,,,,,,-3,,,,,
,557,1,,,,,,,,-14,,,,,,,,13,,,,,
,-13,1,,,,,,,,-9,,,,,,,,-1,,,,,
,12,-1,,,,,,,,12,,,,,,,,-10,,,,,
,916,-1,,,,,,,,17,,,,,,,,10,,,,,
,-715,-32,,,,,,,,-11,,,,,,,,-7,,,,,
,-277,3,,,,,,,,6,,,,,,,,8,,,,,
,1037,30,,,,,,,,-6,,,,,,,,2,,,,,
,-983,-33,,,,,,,,14,,,,,,,,-13,,,,,
,-444,7,,,,,,,,-1,,,,,,,,6,,,,,
,456,-7,,,,,,,,-15,,,,,,,,-3,,,,,
,3233,-11,,,,,,,,,,,,,,,,2,,,,,
,-3120,1,,,,,,,,6,,,,,,,,-3,,,,,
,-204,-13,,,,,,,,-20,,,,,,,,2,,,,,
,-76,14,,,,,,,,21,,,,,,,,-7,,,,,
,-423,-23,,,,,,,,1,,,,,,,,6,,,,,
,1196,5,,,,,,,,-2,,,,,,,,6,,,,,
,-267,-4,,,,,,,,5,,,,,,,,-3,,,,,
,-661,-13,,,,,,,,-5,,,,,,,,-4,,,,,
,2195,17,,,,,,,,-8,,,,,,,,4,,,,,
,-2618,-4,,,,,,,,,,,,,,,,12,,,,,
,714,7,,,,,,,,9,,,,,,,,-7,,,,,
,554,-17,,,,,,,,5,,,,,,,,-10,,,,,
,-1098,-18,,,,,,,,-4,,,,,,,,-3,,,,,
,124,-7,,,,,,,,4,,,,,,,,4,,,,,
,739,4,,,,,,,,2,,,,,,,,-6,,,,,
,-560,5,,,,,,,,-6,,,,,,,,14,,,,,
,100,-5,,,,,,,,11,,,,,,,,-8,,,,,
,-171,,,,,,,,,-8,,,,,,,,2,,,,,
,-83,,,,,,,,,-9,,,,,,,,2,,,,,
,578,-13,,,,,,,,13,,,,,,,,-3,,,,,
,-425,13,,,,,,,,-11,,,,,,,,-5,,,,,
,-2,,,,,,,,,-5,,,,,,,,11,,,,,
,-117,-32,,,,,,,,-11,,,,,,,,-7,,,,,
,1033,1,,,,,,,,16,,,,,,,,3,,,,,
,-1067,1,,,,,,,,-6,,,,,,,,3,,,,,
,-232,,,,,,,,,6,,,,,,,,2,,,,,
,163,,,,,,,,,-2,,,,,,,,-9,,,,,
,1402,-10,,,,,,,,9,,,,,,,,7,,,,,
,-903,10,,,,,,,,-1,,,,,,,,-7,,,,,
,1021,-9,,,,,,,,-6,,,,,,,,1,,,,,
,-1493,5,,,,,,,,-3,,,,,,,,1,,,,,
,469,-20,,,,,,,,10,,,,,,,,-4,,,,,
,-1,-5,,,,,,,,-5,,,,,,,,4,,,,,
,194,-2,,,,,,,,4,,,,,,,,-8,,,,,
,-998,1,,,,,,,,5,,,,,,,,19,,,,,
,709,-7,,,,,,,,-25,,,,,,,,-4,,,,,
,-271,-5,,,,,,,,-6,,,,,,,,-12,,,,,
,-357,3,,,,,,,,11,,,,,,,,-2,,,,,
,801,-2,,,,,,,,5,,,,,,,,14,,,,,
,-824,,,,,,,,,1,,,,,,,,-6,,,,,
,742,11,,,,,,,,15,,,,,,,,1,,,,,
,39,-10,,,,,,,,-4,,,,,,,,-4,,,,,
,-445,,,,,,,,,-4,,,,,,,,2,,,,,
,492,-24,,,,,,,,3,,,,,,,,-1,,,,,
,-449,25,,,,,,,,3,,,,,,,,1,,,,,
,-101,-19,,,,,,,,-3,,,,,,,,-1,,,,,
,3290,-4,,,,,,,,-2,,,,,,,,1,,,,,
,-3354,50,,,,,,,,12,,,,,,,,3,,,,,
,629,-50,,,,,,,,-11,,,,,,,,2,,,,,
,-396,3,,,,,,,,-3,,,,,,,,-2,,,,,
,-310,-29,,,,,,,,-5,,,,,,,,11,,,,,
,-19,13,,,,,,,,-2,,,,,,,,,,,,,
,251,-18,,,,,,,,33,,,,,,,,-6,,,,,
,1113,,,,,,,,,-17,,,,,,,,11,,,,,
,-1314,,,,,,,,,-1,,,,,,,,-22,,,,,
,253,-13,,,,,,,,-12,,,,,,,,-5,,,,,
,243,16,,,,,,,,-7,,,,,,,,2,,,,,
,-447,-3,,,,,,,,26,,,,,,,,-2,,,,,
,-243,5,,,,,,,,-13,,,,,,,,9,,,,,
,-501,-5,,,,,,,,-10,,,,,,,,5,,,,,
,1841,-19,,,,,,,,-2,,,,,,,,-3,,,,,
,-404,-7,,,,,,,,4,,,,,,,,2,,,,,
,-981,13,,,,,,,,19,,,,,,,,-6,,,,,
,2571,-17,,,,,,,,-3,,,,,,,,-2,,,,,
,-2409,-9,,,,,,,,-11,,,,,,,,,,,,,
,-332,-4,,,,,,,,-10,,,,,,,,9,,,,,
,129,17,,,,,,,,7,,,,,,,,-9,,,,,
,545,-14,,,,,,,,7,,,,,,,,-6,,,,,
,-163,10,,,,,,,,-2,,,,,,,,12,,,,,
,-238,,,,,,,,,-15,,,,,,,,5,,,,,
,1836,-31,,,,,,,,10,,,,,,,,,,,,,
,-1444,-1,,,,,,,,2,,,,,,,,-3,,,,,
,-444,19,,,,,,,,,,,,,,,,-10,,,,,
,431,-14,,,,,,,,-1,,,,,,,,15,,,,,
,-599,-14,,,,,,,,2,,,,,,,,-7,,,,,
,632,-1,,,,,,,,-5,,,,,,,,1,,,,,
,-873,14,,,,,,,,-13,,,,,,,,-2,,,,,
,1712,-3,,,,,,,,7,,,,,,,,-4,,,,,
,2187,31,,,,,,,,13,,,,,,,,-15,,,,,
,-3104,-31,,,,,,,,-5,,,,,,,,19,,,,,
,-336,-9,,,,,,,,13,,,,,,,,10,,,,,
,393,-43,,,,,,,,-13,,,,,,,,-15,,,,,
,-28,43,,,,,,,,5,,,,,,,,1,,,,,
,-298,-43,,,,,,,,10,,,,,,,,-7,,,,,
,-257,28,,,,,,,,-20,,,,,,,,4,,,,,
,74,-30,,,,,,,,-9,,,,,,,,-4,,,,,
,412,2,,,,,,,,12,,,,,,,,12,,,,,
,-58,-2,,,,,,,,-4,,,,,,,,5,,,,,
,648,1,,,,,,,,-3,,,,,,,,-12,,,,,
,-235,-2,,,,,,,,7,,,,,,,,-6,,,,,
,-794,-10,,,,,,,,1,,,,,,,,12,,,,,
,104,2,,,,,,,,-1,,,,,,,,4,,,,,
,98,-20,,,,,,,,12,,,,,,,,1,,,,,
,6,-1,,,,,,,,3,,,,,,,,-4,,,,,
,-142,,,,,,,,,,,,,,,,,2,,,,,
,-243,-12,,,,,,,,-15,,,,,,,,-6,,,,,
,186,,,,,,,,,7,,,,,,,,4,,,,,
,5006,9,,,,,,,,2,,,,,,,,-3,,,,,
,-3506,,,,,,,,,-11,,,,,,,,-5,,,,,
,773,-27,,,,,,,,7,,,,,,,,8,,,,,
,-2305,-4,,,,,,,,-10,,,,,,,,,,,,,
,932,3,,,,,,,,8,,,,,,,,-8,,,,,
,-325,20,,,,,,,,-1,,,,,,,,5,,,,,
,-712,-18,,,,,,,,-7,,,,,,,,2,,,,,
,564,-12,,,,,,,,14,,,,,,,,2,,,,,
,93,12,,,,,,,,3,,,,,,,,3,,,,,
,-319,-1,,,,,,,,-12,,,,,,,,1,,,,,
,-482,-11,,,,,,,,-3,,,,,,,,-6,,,,,
,1401,,,,,,,,,4,,,,,,,,-5,,,,,
,13,-21,,,,,,,,-6,,,,,,,,8,,,,,
,-85,18,,,,,,,,5,,,,,,,,-13,,,,,
,-793,-17,,,,,,,,6,,,,,,,,15,,,,,
,94,-1,,,,,,,,-7,,,,,,,,-5,,,,,
,736,-12,,,,,,,,6,,,,,,,,-4,,,,,
,1744,2,,,,,,,,10,,,,,,,,2,,,,,
,-211,11,,,,,,,,-3,,,,,,,,2,,,,,
,-2555,-2,,,,,,,,-3,,,,,,,,3,,,,,
,1250,3,,,,,,,,6,,,,,,,,-7,,,,,
,-63,-3,,,,,,,,-1,,,,,,,,7,,,,,
,-1002,-30,,,,,,,,-2,,,,,,,,-4,,,,,
,668,1,,,,,,,,2,,,,,,,,,,,,,
,295,19,,,,,,,,-14,,,,,,,,-3,,,,,
,-387,-19,,,,,,,,5,,,,,,,,-3,,,,,
,-643,-11,,,,,,,,4,,,,,,,,,,,,,
,819,11,,,,,,,,2,,,,,,,,8,,,,,
,226,,,,,,,,,-2,,,,,,,,-5,,,,,
,-623,-11,,,,,,,,-9,,,,,,,,4,,,,,
,-275,1,,,,,,,,7,,,,,,,,-6,,,,,
,703,-22,,,,,,,,10,,,,,,,,-3,,,,,
,-510,22,,,,,,,,15,,,,,,,,12,,,,,
,201,,,,,,,,,-7,,,,,,,,-2,,,,,
,-187,-19,,,,,,,,-23,,,,,,,,-5,,,,,
,2521,-2,,,,,,,,2,,,,,,,,14,,,,,
,-2745,-10,,,,,,,,-8,,,,,,,,-10,,,,,
,-466,,,,,,,,,14,,,,,,,,2,,,,,
,709,27,,,,,,,,6,,,,,,,,5,,,,,
,1665,-29,,,,,,,,-5,,,,,,,,-12,,,,,
,-1508,-18,,,,,,,,9,,,,,,,,1,,,,,
,-540,18,,,,,,,,-10,,,,,,,,8,,,,,
,270,1,,,,,,,,-1,,,,,,,,2,,,,,
,282,-32,,,,,,,,1,,,,,,,,-9,,,,,
,1091,,,,,,,,,-12,,,,,,,,-2,,,,,
,-1370,13,,,,,,,,18,,,,,,,,8,,,,,
,-146,-12,,,,,,,,-3,,,,,,,,,,,,,
,260,,,,,,,,,4,,,,,,,,1,,,,,
,-293,1,,,,,,,,-22,,,,,,,,-8,,,,,
,-250,-1,,,,,,,,2,,,,,,,,-2,,,,,
,1059,1,,,,,,,,13,,,,,,,,-6,,,,,
,2579,,,,,,,,,1,,,,,,,,3,,,,,
,-3495,-10,,,,,,,,-6,,,,,,,,3,,,,,
,139,-21,,,,,,,,5,,,,,,,,10,,,,,
,-48,-3,,,,,,,,-6,,,,,,,,-4,,,,,
,159,4,,,,,,,,1,,,,,,,,15,,,,,
,-461,10,,,,,,,,-5,,,,,,,,-14,,,,,
,-190,,,,,,,,,8,,,,,,,,3,,,,,
,731,17,,,,,,,,-5,,,,,,,,-4,,,,,
,881,-49,,,,,,,,-2,,,,,,,,5,,,,,
,-1215,19,,,,,,,,6,,,,,,,,3,,,,,
,-526,-18,,,,,,,,-18,,,,,,,,-7,,,,,
,948,19,,,,,,,,3,,,,,,,,-1,,,,,
,178,-19,,,,,,,,14,,,,,,,,6,,,,,
,947,-10,,,,,,,,1,,,,,,,,2,,,,,
,-1883,12,,,,,,,,13,,,,,,,,-10,,,,,
,355,-12,,,,,,,,-8,,,,,,,,-3,,,,,
,-191,,,,,,,,,-8,,,,,,,,5,,,,,
,174,9,,,,,,,,-7,,,,,,,,-4,,,,,
,51,-30,,,,,,,,8,,,,,,,,2,,,,,
,347,21,,,,,,,,-3,,,,,,,,12,,,,,
,-328,-20,,,,,,,,-6,,,,,,,,-4,,,,,
,2382,-11,,,,,,,,-1,,,,,,,,-10,,,,,
,-2968,13,,,,,,,,,,,,,,,,4,,,,,
,-362,-2,,,,,,,,2,,,,,,,,-2,,,,,
,1742,-11,,,,,,,,5,,,,,,,,4,,,,,
,-1384,,,,,,,,,-10,,,,,,,,-1,,,,,
,168,,,,,,,,,-8,,,,,,,,-9,,,,,
,2238,,,,,,,,,11,,,,,,,,8,,,,,
,-1978,6,,,,,,,,6,,,,,,,,5,,,,,
,934,-6,,,,,,,,8,,,,,,,,-4,,,,,
,-1444,-3,,,,,,,,-9,,,,,,,,4,,,,,
,682,-30,,,,,,,,-6,,,,,,,,-17,,,,,
,-1188,1,,,,,,,,9,,,,,,,,5,,,,,
,1548,2,,,,,,,,11,,,,,,,,2,,,,,
,-1002,,,,,,,,,-3,,,,,,,,5,,,,,
,1262,-1,,,,,,,,-6,,,,,,,,-10,,,,,
,-555,1,,,,,,,,-13,,,,,,,,3,,,,,
,114,-8,,,,,,,,2,,,,,,,,-2,,,,,
,-168,8,,,,,,,,1,,,,,,,,-5,,,,,
,-4,-2,,,,,,,,5,,,,,,,,5,,,,,
,-281,-20,,,,,,,,15,,,,,,,,-1,,,,,
,-214,2,,,,,,,,9,,,,,,,,3,,,,,
,-114,-11,,,,,,,,-6,,,,,,,,-6,,,,,
,2539,10,,,,,,,,-13,,,,,,,,13,,,,,
,-2653,6,,,,,,,,5,,,,,,,,3,,,,,
,483,-11,,,,,,,,-6,,,,,,,,2,,,,,
,405,2,,,,,,,,-3,,,,,,,,-4,,,,,
,-391,-7,,,,,,,,-16,,,,,,,,1,,,,,
,241,-26,,,,,,,,1,,,,,,,,,,,,,
,-340,13,,,,,,,,33,,,,,,,,-1,,,,,
,-129,10,,,,,,,,,,,,,,,,-7,,,,,
,298,3,,,,,,,,-15,,,,,,,,-1,,,,,
,2698,-30,,,,,,,,-13,,,,,,,,5,,,,,
,-3144,1,,,,,,,,13,,,,,,,,10,,,,,
,2923,,,,,,,,,8,,,,,,,,2,,,,,
,-2501,15,,,,,,,,-5,,,,,,,,-3,,,,,
,-280,-16,,,,,,,,-8,,,,,,,,-9,,,,,
,349,1,,,,,,,,6,,,,,,,,3,,,,,
,-253,,,,,,,,,8,,,,,,,,-7,,,,,
,399,-31,,,,,,,,2,,,,,,,,-1,,,,,
,-590,22,,,,,,,,-23,,,,,,,,2,,,,,
,-84,,,,,,,,,17,,,,,,,,6,,,,,
,499,-14,,,,,,,,-5,,,,,,,,-1,,,,,
,-482,-5,,,,,,,,6,,,,,,,,-16,,,,,
,1,3,,,,,,,,2,,,,,,,,4,,,,,
,-132,-22,,,,,,,,-3,,,,,,,,13,,,,,
,245,,,,,,,,,-4,,,,,,,,-3,,,,,
,-337,-1,,,,,,,,-10,,,,,,,,2,,,,,
,1091,2,,,,,,,,19,,,,,,,,-8,,,,,
,-106,-10,,,,,,,,-9,,,,,,,,,,,,,
,501,15,,,,,,,,-13,,,,,,,,6,,,,,
,-820,-4,,,,,,,,-5,,,,,,,,-3,,,,,
,-184,-12,,,,,,,,-3,,,,,,,,-4,,,,,
,-56,-19,,,,,,,,19,,,,,,,,-2,,,,,
,-211,-3,,,,,,,,1,,,,,,,,14,,,,,
,857,18,,,,,,,,2,,,,,,,,6,,,,,
,-670,-10,,,,,,,,1,,,,,,,,-8,,,,,
,-148,,,,,,,,,-8,,,,,,,,,,,,,
,165,-5,,,,,,,,3,,,,,,,,-10,,,,,
,493,-15,,,,,,,,2,,,,,,,,2,,,,,
,-773,15,,,,,,,,-5,,,,,,,,2,,,,,
,715,-12,,,,,,,,1,,,,,,,,5,,,,,
,-975,,,,,,,,,8,,,,,,,,11,,,,,
,974,-21,,,,,,,,9,,,,,,,,-1,,,,,
,144,1,,,,,,,,-13,,,,,,,,-9,,,,,
,-636,,,,,,,,,-8,,,,,,,,-2,,,,,
,647,-11,,,,,,,,8,,,,,,,,7,,,,,
,-476,15,,,,,,,,1,,,,,,,,,,,,,
,325,-5,,,,,,,,,,,,,,,,-7,,,,,
,-707,7,,,,,,,,-1,,,,,,,,-2,,,,,
,710,-33,,,,,,,,5,,,,,,,,-2,,,,,
,616,27,,,,,,,,-8,,,,,,,,-3,,,,,
,-1377,-32,,,,,,,,-2,,,,,,,,11,,,,,
,38,,,,,,,,,5,,,,,,,,-13,,,,,
,291,22,,,,,,,,5,,,,,,,,1,,,,,
,-118,-19,,,,,,,,-17,,,,,,,,-4,,,,,
,-379,,,,,,,,,-5,,,,,,,,13,,,,,
,146,-1,,,,,,,,12,,,,,,,,-8,,,,,
,881,,,,,,,,,12,,,,,,,,5,,,,,
,-175,,,,,,,,,-11,,,,,,,,9,,,,,
,-442,,,,,,,,,2,,,,,,,,-10,,,,,
,-125,-16,,,,,,,,-5,,,,,,,,-6,,,,,
,748,,,,,,,,,5,,,,,,,,1,,,,,
,1930,17,,,,,,,,7,,,,,,,,9,,,,,
,-2410,16,,,,,,,,-7,,,,,,,,7,,,,,
,73,-24,,,,,,,,9,,,,,,,,1,,,,,
,88,-9,,,,,,,,-7,,,,,,,,-12,,,,,
,43,,,,,,,,,-10,,,,,,,,2,,,,,
,-6,,,,,,,,,,,,,,,,,-4,,,,,
,-571,-2,,,,,,,,24,,,,,,,,4,,,,,
,1009,-33,,,,,,,,-14,,,,,,,,2,,,,,
,-735,-8,,,,,,,,,,,,,,,,-4,,,,,
,2481,18,,,,,,,,3,,,,,,,,8,,,,,
,-2609,17,,,,,,,,5,,,,,,,,-3,,,,,
,-83,-35,,,,,,,,-11,,,,,,,,2,,,,,
,-667,2,,,,,,,,-6,,,,,,,,-5,,,,,
,-11,-5,,,,,,,,9,,,,,,,,-7,,,,,
,1045,1,,,,,,,,8,,,,,,,,4,,,,,
,128,-15,,,,,,,,2,,,,,,,,8,,,,,
,-385,17,,,,,,,,-7,,,,,,,,2,,,,,
,2244,-3,,,,,,,,-16,,,,,,,,-20,,,,,
,-2079,-20,,,,,,,,6,,,,,,,,10,,,,,
,-35,-12,,,,,,,,-5,,,,,,,,7,,,,,
,1137,3,,,,,,,,-5,,,,,,,,9,,,,,
,-1138,3,,,,,,,,15,,,,,,,,-1,,,,,
,-282,-18,,,,,,,,,,,,,,,,-17,,,,,
,-29,3,,,,,,,,-9,,,,,,,,,,,,,
,228,11,,,,,,,,-7,,,,,,,,-4,,,,,
,-274,2,,,,,,,,21,,,,,,,,6,,,,,
,-29,-2,,,,,,,,5,,,,,,,,8,,,,,
,1,-31,,,,,,,,,,,,,,,,-7,,,,,
,449,20,,,,,,,,-9,,,,,,,,7,,,,,
,-138,-22,,,,,,,,10,,,,,,,,-2,,,,,
,-284,-1,,,,,,,,-6,,,,,,,,1,,,,,
,3875,2,,,,,,,,-12,,,,,,,,-3,,,,,
,-3002,17,,,,,,,,-2,,,,,,,,11,,,,,
,-562,-18,,,,,,,,23,,,,,,,,-12,,,,,
,1241,5,,,,,,,,-8,,,,,,,,-4,,,,,
,-949,-4,,,,,,,,-6,,,,,,,,10,,,,,
,160,-7,,,,,,,,2,,,,,,,,-1,,,,,
,82,1,,,,,,,,4,,,,,,,,,,,,,
,-815,-12,,,,,,,,2,,,,,,,,-11,,,,,
,131,12,,,,,,,,-5,,,,,,,,-4,,,,,
,713,,,,,,,,,1,,,,,,,,-3,,,,,
,-620,5,,,,,,,,8,,,,,,,,13,,,,,
,1324,-12,,,,,,,,-5,,,,,,,,10,,,,,
,-574,2,,,,,,,,-7,,,,,,,,-2,,,,,
,-909,10,,,,,,,,-5,,,,,,,,-7,,,,,
,10,-24,,,,,,,,11,,,,,,,,-3,,,,,
,-594,-5,,,,,,,,-4,,,,,,,,5,,,,,
,1039,,,,,,,,,-7,,,,,,,,,,,,,
,-730,1,,,,,,,,6,,,,,,,,-8,,,,,
,69,,,,,,,,,-14,,,,,,,,11,,,,,
,230,,,,,,,,,11,,,,,,,,6,,,,,
,4038,,,,,,,,,7,,,,,,,,-9,,,,,
,-3484,-1,,,,,,,,-6,,,,,,,,-13,,,,,
,-763,-32,,,,,,,,-9,,,,,,,,,,,,,
,2686,33,,,,,,,,,,,,,,,,7,,,,,
,-2625,,,,,,,,,10,,,,,,,,10,,,,,
,217,,,,,,,,,7,,,,,,,,-9,,,,,
,-75,-44,,,,,,,,-5,,,,,,,,9,,,,,
,707,18,,,,,,,,5,,,,,,,,-3,,,,,
,746,-17,,,,,,,,6,,,,,,,,-3,,,,,
,-1065,17,,,,,,,,6,,,,,,,,6,,,,,
,-164,-21,,,,,,,,-14,,,,,,,,-9,,,,,
,3726,14,,,,,,,,-12,,,,,,,,4,,,,,
,-3329,-27,,,,,,,,2,,,,,,,,-8,,,,,
,-823,13,,,,,,,,4,,,,,,,,8,,,,,
,1582,,,,,,,,,13,,,,,,,,2,,,,,
,-1256,,,,,,,,,-15,,,,,,,,-4,,,,,
,1386,-17,,,,,,,,10,,,,,,,,9,,,,,
,634,-13,,,,,,,,3,,,,,,,,-7,,,,,
,-1508,3,,,,,,,,-18,,,,,,,,6,,,,,
,-456,-3,,,,,,,,2,,,,,,,,-3,,,,,
,1197,13,,,,,,,,9,,,,,,,,2,,,,,
,-1793,-31,,,,,,,,-2,,,,,,,,-6,,,,,
,1019,,,,,,,,,5,,,,,,,,-4,,,,,
,-273,18,,,,,,,,1,,,,,,,,4,,,,,
,-564,-18,,,,,,,,8,,,,,,,,6,,,,,
,-273,-1,,,,,,,,-9,,,,,,,,3,,,,,
,1149,1,,,,,,,,-9,,,,,,,,,,,,,
,-590,-1,,,,,,,,15,,,,,,,,-9,,,,,
,238,-12,,,,,,,,-7,,,,,,,,-2,,,,,
,-232,,,,,,,,,-2,,,,,,,,-5,,,,,
,163,13,,,,,,,,4,,,,,,,,-5,,,,,
,13,-30,,,,,,,,-4,,,,,,,,,,,,,
,-124,-4,,,,,,,,-3,,,,,,,,12,,,,,
,18,24,,,,,,,,5,,,,,,,,4,,,,,
,141,-16,,,,,,,,16,,,,,,,,-5,,,,,
,-916,-13,,,,,,,,-18,,,,,,,,5,,,,,
,1913,9,,,,,,,,-5,,,,,,,,6,,,,,
,-1136,-11,,,,,,,,-8,,,,,,,,-6,,,,,
,-28,3,,,,,,,,20,,,,,,,,3,,,,,
,204,-2,,,,,,,,10,,,,,,,,-2,,,,,
,219,-19,,,,,,,,-10,,,,,,,,-7,,,,,
,-826,4,,,,,,,,1,,,,,,,,-3,,,,,
,-122,,,,,,,,,-12,,,,,,,,6,,,,,
,1212,15,,,,,,,,-2,,,,,,,,5,,,,,
,29,-30,,,,,,,,6,,,,,,,,-15,,,,,
,-694,16,,,,,,,,-8,,,,,,,,-12,,,,,
,,-6,,,,,,,,-2,,,,,,,,2,,,,,
,256,1,,,,,,,,13,,,,,,,,3,,,,,
,-615,-1,,,,,,,,2,,,,,,,,14,,,,,
,1484,1,,,,,,,,-12,,,,,,,,-7,,,,,
,-1949,-33,,,,,,,,13,,,,,,,,8,,,,,
,6649,,,,,,,,,-9,,,,,,,,4,,,,,
,-1554,7,,,,,,,,-3,,,,,,,,-6,,,,,
,-1894,17,,,,,,,,15,,,,,,,,5,,,,,
,-2811,-37,,,,,,,,-6,,,,,,,,-1,,,,,
,902,29,,,,,,,,8,,,,,,,,-2,,,,,
,577,-12,,,,,,,,-6,,,,,,,,10,,,,,
,-636,-13,,,,,,,,-5,,,,,,,,-4,,,,,
,-96,26,,,,,,,,-3,,,,,,,,-8,,,,,
,-243,-26,,,,,,,,2,,,,,,,,-2,,,,,
,-62,-24,,,,,,,,3,,,,,,,,4,,,,,
,-333,2,,,,,,,,-3,,,,,,,,7,,,,,
,1338,4,,,,,,,,-4,,,,,,,,1,,,,,
,-173,-4,,,,,,,,3,,,,,,,,-11,,,,,
,-1271,,,,,,,,,1,,,,,,,,-4,,,,,
,-12,,,,,,,,,,,,,,,,,-5,,,,,
,197,,,,,,,,,-10,,,,,,,,12,,,,,
,703,4,,,,,,,,4,,,,,,,,13,,,,,
,-163,-4,,,,,,,,3,,,,,,,,-14,,,,,
,2088,-13,,,,,,,,15,,,,,,,,-11,,,,,
,-2605,-22,,,,,,,,-12,,,,,,,,7,,,,,
,-114,5,,,,,,,,-1,,,,,,,,2,,,,,
,304,-13,,,,,,,,-9,,,,,,,,14,,,,,
,-156,,,,,,,,,-4,,,,,,,,-6,,,,,
,-16,,,,,,,,,10,,,,,,,,-9,,,,,
,-104,13,,,,,,,,-1,,,,,,,,1,,,,,
,219,-13,,,,,,,,-3,,,,,,,,-3,,,,,
,241,3,,,,,,,,-9,,,,,,,,8,,,,,
,-431,-3,,,,,,,,,,,,,,,,,,,,,
,-44,-22,,,,,,,,10,,,,,,,,-4,,,,,
,-142,25,,,,,,,,-6,,,,,,,,4,,,,,
,712,-16,,,,,,,,-2,,,,,,,,1,,,,,
,72,,,,,,,,,17,,,,,,,,,,,,,
,-481,-5,,,,,,,,3,,,,,,,,3,,,,,
,122,,,,,,,,,10,,,,,,,,-2,,,,,
,-569,,,,,,,,,-4,,,,,,,,-2,,,,,
,1691,-10,,,,,,,,-13,,,,,,,,5,,,,,
,-1452,-44,,,,,,,,3,,,,,,,,6,,,,,
,1673,,,,,,,,,-1,,,,,,,,-14,,,,,
,-1632,,,,,,,,,1,,,,,,,,1,,,,,
,336,2,,,,,,,,-1,,,,,,,,4,,,,,
,-827,23,,,,,,,,-9,,,,,,,,-1,,,,,
,1965,-35,,,,,,,,7,,,,,,,,7,,,,,
,-929,,,,,,,,,-10,,,,,,,,-3,,,,,
,2015,9,,,,,,,,-4,,,,,,,,1,,,,,
,-2817,2,,,,,,,,2,,,,,,,,-7,,,,,
,-374,-30,,,,,,,,13,,,,,,,,-4,,,,,
,761,-3,,,,,,,,11,,,,,,,,5,,,,,
,-279,2,,,,,,,,-16,,,,,,,,-4,,,,,
,-183,18,,,,,,,,-8,,,,,,,,-2,,,,,
,1242,-16,,,,,,,,4,,,,,,,,-1,,,,,
,-848,3,,,,,,,,15,,,,,,,,13,,,,,
,476,-4,,,,,,,,5,,,,,,,,9,,,,,
,-499,-2,,,,,,,,-5,,,,,,,,-9,,,,,
,-3,-10,,,,,,,,7,,,,,,,,2,,,,,
,456,10,,,,,,,,-14,,,,,,,,-2,,,,,
,-951,-11,,,,,,,,-10,,,,,,,,-10,,,,,
,513,2,,,,,,,,14,,,,,,,,,,,,,
,-281,,,,,,,,,16,,,,,,,,,,,,,
,544,-32,,,,,,,,-5,,,,,,,,4,,,,,
,-432,12,,,,,,,,-5,,,,,,,,,,,,,
,-134,2,,,,,,,,,,,,,,,,1,,,,,
,313,-14,,,,,,,,-14,,,,,,,,12,,,,,
,105,1,,,,,,,,7,,,,,,,,-12,,,,,
,-202,,,,,,,,,-6,,,,,,,,-5,,,,,
,1041,,,,,,,,,5,,,,,,,,-4,,,,,
,-906,,,,,,,,,-12,,,,,,,,-6,,,,,
,-97,-20,,,,,,,,5,,,,,,,,8,,,,,
,-58,-11,,,,,,,,14,,,,,,,,7,,,,,
,812,-3,,,,,,,,-2,,,,,,,,2,,,,,
,-565,5,,,,,,,,-2,,,,,,,,2,,,,,
,189,-3,,,,,,,,-3,,,,,,,,-2,,,,,
,-692,13,,,,,,,,5,,,,,,,,4,,,,,
,357,-1,,,,,,,,1,,,,,,,,-1,,,,,
,-423,-11,,,,,,,,5,,,,,,,,-3,,,,,
,281,-22,,,,,,,,1,,,,,,,,-2,,,,,
,-307,22,,,,,,,,-1,,,,,,,,4,,,,,
,44,-20,,,,,,,,-17,,,,,,,,3,,,,,
,479,-12,,,,,,,,-3,,,,,,,,-15,,,,,
,38,1,,,,,,,,15,,,,,,,,-5,,,,,
,-401,11,,,,,,,,-8,,,,,,,,10,,,,,
,114,-12,,,,,,,,-6,,,,,,,,3,,,,,
,292,13,,,,,,,,1,,,,,,,,-1,,,,,
,-409,-12,,,,,,,,3,,,,,,,,-9,,,,,
,239,-4,,,,,,,,,,,,,,,,3,,,,,
,3124,4,,,,,,,,-9,,,,,,,,9,,,,,
,-3243,-18,,,,,,,,26,,,,,,,,-2,,,,,
,636,-13,,,,,,,,-24,,,,,,,,-10,,,,,
,-904,,,,,,,,,2,,,,,,,,4,,,,,
,2968,1,,,,,,,,1,,,,,,,,3,,,,,
,-1976,,,,,,,,,9,,,,,,,,8,,,,,
,-580,,,,,,,,,-3,,,,,,,,-3,,,,,
,541,9,,,,,,,,-8,,,,,,,,3,,,,,
,3277,-9,,,,,,,,8,,,,,,,,-7,,,,,
,-3690,-1,,,,,,,,13,,,,,,,,,,,,,
,37,-20,,,,,,,,-6,,,,,,,,-5,,,,,
,340,-12,,,,,,,,-14,,,,,,,,12,,,,,
,-1081,2,,,,,,,,-5,,,,,,,,-9,,,,,
,858,11,,,,,,,,21,,,,,,,,-2,,,,,
,103,-11,,,,,,,,-1,,,,,,,,-3,,,,,
,-445,11,,,,,,,,-8,,,,,,,,-4,,,,,
,423,,,,,,,,,-10,,,,,,,,7,,,,,
,-276,-32,,,,,,,,18,,,,,,,,-10,,,,,
,416,3,,,,,,,,4,,,,,,,,,,,,,
,3013,19,,,,,,,,-10,,,,,,,,15,,,,,
,-3628,-14,,,,,,,,-17,,,,,,,,5,,,,,
,3779,-17,,,,,,,,6,,,,,,,,-14,,,,,
,-3367,,,,,,,,,11,,,,,,,,3,,,,,
,131,-1,,,,,,,,6,,,,,,,,20,,,,,
,-330,11,,,,,,,,6,,,,,,,,-3,,,,,
,206,1,,,,,,,,-24,,,,,,,,-8,,,,,
,117,-31,,,,,,,,-1,,,,,,,,-9,,,,,
,-771,-1,,,,,,,,14,,,,,,,,9,,,,,
,923,,,,,,,,,7,,,,,,,,-7,,,,,
,-1059,17,,,,,,,,-7,,,,,,,,-3,,,,,
,986,-29,,,,,,,,,,,,,,,,2,,,,,
,-801,2,,,,,,,,2,,,,,,,,1,,,,,
,-84,,,,,,,,,-10,,,,,,,,10,,,,,
,3077,-1,,,,,,,,2,,,,,,,,4,,,,,
,-3167,12,,,,,,,,3,,,,,,,,-12,,,,,
,273,-11,,,,,,,,15,,,,,,,,-4,,,,,
,1299,-22,,,,,,,,-2,,,,,,,,10,,,,,
,-1441,2,,,,,,,,-8,,,,,,,,-8,,,,,
,309,,,,,,,,,-8,,,,,,,,7,,,,,
,-344,-1,,,,,,,,17,,,,,,,,-1,,,,,
,791,-10,,,,,,,,-4,,,,,,,,-10,,,,,
,137,1,,,,,,,,-9,,,,,,,,14,,,,,
,-732,-1,,,,,,,,-4,,,,,,,,-3,,,,,
,-344,,,,,,,,,3,,,,,,,,-8,,,,,
,589,2,,,,,,,,3,,,,,,,,-2,,,,,
,-724,-23,,,,,,,,-6,,,,,,,,-4,,,,,
,588,22,,,,,,,,3,,,,,,,,6,,,,,
,-491,-21,,,,,,,,-3,,,,,,,,5,,,,,
,-5,-14,,,,,,,,3,,,,,,,,-2,,,,,
,733,23,,,,,,,,5,,,,,,,,10,,,,,
,-455,-21,,,,,,,,8,,,,,,,,-13,,,,,
,552,20,,,,,,,,-10,,,,,,,,-5,,,,,
,-756,-6,,,,,,,,-5,,,,,,,,11,,,,,
,815,-13,,,,,,,,7,,,,,,,,3,,,,,
,-590,-1,,,,,,,,9,,,,,,,,-3,,,,,
,-402,-20,,,,,,,,-7,,,,,,,,-4,,,,,
,1195,22,,,,,,,,1,,,,,,,,2,,,,,
,-745,-2,,,,,,,,2,,,,,,,,9,,,,,
,114,-31,,,,,,,,5,,,,,,,,-11,,,,,
,101,12,,,,,,,,-15,,,,,,,,,,,,,
,-112,-10,,,,,,,,6,,,,,,,,-6,,,,,
,-362,,,,,,,,,-6,,,,,,,,9,,,,,
,-210,,,,,,,,,6,,,,,,,,8,,,,,
,114,,,,,,,,,-4,,,,,,,,-4,,,,,
,-348,,,,,,,,,9,,,,,,,,-4,,,,,
,879,4,,,,,,,,-14,,,,,,,,-10,,,,,
,-55,-29,,,,,,,,3,,,,,,,,1,,,,,
,-356,15,,,,,,,,12,,,,,,,,7,,,,,
,251,-2,,,,,,,,-10,,,,,,,,8,,,,,
,-339,11,,,,,,,,-4,,,,,,,,8,,,,,
,4428,1,,,,,,,,8,,,,,,,,-17,,,,,
,-3280,-33,,,,,,,,-4,,,,,,,,-13,,,,,
,-738,3,,,,,,,,-15,,,,,,,,19,,,,,
,459,19,,,,,,,,28,,,,,,,,-3,,,,,
,-917,-23,,,,,,,,,,,,,,,,-7,,,,,
,11,-20,,,,,,,,-17,,,,,,,,1,,,,,
,407,-3,,,,,,,,-7,,,,,,,,-1,,,,,
,39,27,,,,,,,,19,,,,,,,,-3,,,,,
,-153,1,,,,,,,,4,,,,,,,,3,,,,,
,-82,-27,,,,,,,,-4,,,,,,,,-2,,,,,
,366,26,,,,,,,,-23,,,,,,,,,,,,,
,-609,-41,,,,,,,,13,,,,,,,,13,,,,,
,-369,-4,,,,,,,,-10,,,,,,,,-1,,,,,
,-370,-1,,,,,,,,8,,,,,,,,-4,,,,,
,184,,,,,,,,,12,,,,,,,,-5,,,,,
,798,,,,,,,,,-10,,,,,,,,9,,,,,
,263,1,,,,,,,,-10,,,,,,,,-9,,,,,
,1900,-11,,,,,,,,8,,,,,,,,-8,,,,,
,-2031,6,,,,,,,,9,,,,,,,,4,,,,,
,81,4,,,,,,,,-10,,,,,,,,26,,,,,
,-726,-28,,,,,,,,8,,,,,,,,-8,,,,,
,2448,15,,,,,,,,-11,,,,,,,,-10,,,,,
,-2372,-18,,,,,,,,-18,,,,,,,,-2,,,,,
,338,-10,,,,,,,,22,,,,,,,,5,,,,,
,201,9,,,,,,,,12,,,,,,,,-5,,,,,
,-32,-14,,,,,,,,-3,,,,,,,,6,,,,,
,-261,15,,,,,,,,-14,,,,,,,,1,,,,,
,601,,,,,,,,,4,,,,,,,,,,,,,
,-477,-26,,,,,,,,10,,,,,,,,-11,,,,,
,2228,39,,,,,,,,-9,,,,,,,,11,,,,,
,-2452,-26,,,,,,,,7,,,,,,,,12,,,,,
,-223,-16,,,,,,,,-7,,,,,,,,-12,,,,,
,791,-1,,,,,,,,8,,,,,,,,,,,,,
,686,-3,,,,,,,,8,,,,,,,,-2,,,,,
,-1075,-7,,,,,,,,-4,,,,,,,,-9,,,,,
,683,12,,,,,,,,-5,,,,,,,,-4,,,,,
,-1115,-3,,,,,,,,9,,,,,,,,12,,,,,
,476,-1,,,,,,,,-1,,,,,,,,1,,,,,
,318,1,,,,,,,,-3,,,,,,,,-11,,,,,
,290,-10,,,,,,,,9,,,,,,,,5,,,,,
,-128,-21,,,,,,,,-4,,,,,,,,16,,,,,
,-239,23,,,,,,,,-8,,,,,,,,-2,,,,,
,-18,-21,,,,,,,,1,,,,,,,,1,,,,,
,248,-1,,,,,,,,-3,,,,,,,,,,,,,
,-257,1,,,,,,,,6,,,,,,,,-14,,,,,
,-814,6,,,,,,,,4,,,,,,,,-4,,,,,
,1249,-1,,,,,,,,-3,,,,,,,,6,,,,,
,-999,-4,,,,,,,,-9,,,,,,,,1,,,,,
,-17,-18,,,,,,,,-3,,,,,,,,-4,,,,,
,758,,,,,,,,,,,,,,,,,10,,,,,
,1094,,,,,,,,,-8,,,,,,,,-12,,,,,
,1602,10,,,,,,,,-2,,,,,,,,-5,,,,,
,-2608,-10,,,,,,,,4,,,,,,,,11,,,,,
,-397,-26,,,,,,,,10,,,,,,,,13,,,,,
,2670,4,,,,,,,,-9,,,,,,,,-11,,,,,
,-3239,22,,,,,,,,-8,,,,,,,,-1,,,,,
,87,,,,,,,,,7,,,,,,,,1,,,,,
,423,1,,,,,,,,2,,,,,,,,14,,,,,
,2924,-35,,,,,,,,11,,,,,,,,-14,,,,,
,-3484,9,,,,,,,,8,,,,,,,,-1,,,,,
,651,-19,,,,,,,,-8,,,,,,,,-1,,,,,
,657,-1,,,,,,,,-7,,,,,,,,4,,,,,
,-829,2,,,,,,,,7,,,,,,,,6,,,,,
,1589,-1,,,,,,,,9,,,,,,,,-4,,,,,
,-1517,-11,,,,,,,,-13,,,,,,,,-15,,,,,
,-198,9,,,,,,,,-4,,,,,,,,10,,,,,
,546,1,,,,,,,,7,,,,,,,,,,,,,
,-941,-29,,,,,,,,-9,,,,,,,,6,,,,,
,318,3,,,,,,,,13,,,,,,,,-6,,,,,
,536,-4,,,,,,,,-22,,,,,,,,3,,,,,
,-558,17,,,,,,,,12,,,,,,,,11,,,,,
,109,-18,,,,,,,,3,,,,,,,,-12,,,,,
,75,-14,,,,,,,,-1,,,,,,,,2,,,,,
,34,4,,,,,,,,-7,,,,,,,,-3,,,,,
,298,11,,,,,,,,-6,,,,,,,,1,,,,,
,1739,-2,,,,,,,,4,,,,,,,,4,,,,,
,1425,-25,,,,,,,,-1,,,,,,,,4,,,,,
,-2747,16,,,,,,,,-7,,,,,,,,-15,,,,,
,-582,-1,,,,,,,,13,,,,,,,,-2,,,,,
,-193,-17,,,,,,,,5,,,,,,,,5,,,,,
,-961,-5,,,,,,,,-5,,,,,,,,-2,,,,,
,714,,,,,,,,,-7,,,,,,,,-9,,,,,
,29,17,,,,,,,,6,,,,,,,,-7,,,,,
,575,-17,,,,,,,,10,,,,,,,,10,,,,,
,-171,4,,,,,,,,-5,,,,,,,,13,,,,,
,-351,-15,,,,,,,,-4,,,,,,,,-7,,,,,
,387,6,,,,,,,,-4,,,,,,,,-6,,,,,
,301,-11,,,,,,,,,,,,,,,,,,,,,
,137,,,,,,,,,10,,,,,,,,14,,,,,
,-771,12,,,,,,,,1,,,,,,,,-6,,,,,
,84,-2,,,,,,,,-5,,,,,,,,5,,,,,
,-136,3,,,,,,,,3,,,,,,,,5,,,,,
,253,-7,,,,,,,,2,,,,,,,,-13,,,,,
,447,,,,,,,,,-14,,,,,,,,1,,,,,
,1213,-19,,,,,,,,-3,,,,,,,,10,,,,,
,-1898,10,,,,,,,,9,,,,,,,,8,,,,,
,669,-8,,,,,,,,-10,,,,,,,,-12,,,,,
,-832,19,,,,,,,,,,,,,,,,-6,,,,,
,659,-20,,,,,,,,23,,,,,,,,-10,,,,,
,2231,1,,,,,,,,-2,,,,,,,,4,,,,,
,-2755,,,,,,,,,-14,,,,,,,,10,,,,,
,199,,,,,,,,,-1,,,,,,,,7,,,,,
,662,1,,,,,,,,6,,,,,,,,-1,,,,,
,-931,-2,,,,,,,,8,,,,,,,,-6,,,,,
,220,-32,,,,,,,,,,,,,,,,10,,,,,
,62,33,,,,,,,,-12,,,,,,,,-2,,,,,
,357,-33,,,,,,,,17,,,,,,,,-8,,,,,
,-392,-11,,,,,,,,-10,,,,,,,,3,,,,,
,-335,-3,,,,,,,,6,,,,,,,,3,,,,,
,811,22,,,,,,,,-9,,,,,,,,-2,,,,,
,-542,-4,,,,,,,,-2,,,,,,,,1,,,,,
,738,-4,,,,,,,,10,,,,,,,,-10,,,,,
,-92,,,,,,,,,-7,,,,,,,,5,,,,,
,-198,-11,,,,,,,,-12,,,,,,,,-15,,,,,
,-85,,,,,,,,,16,,,,,,,,9,,,,,
,-254,-20,,,,,,,,1,,,,,,,,-1,,,,,
,-29,17,,,,,,,,-2,,,,,,,,-4,,,,,
,18,-27,,,,,,,,3,,,,,,,,20,,,,,
,488,10,,,,,,,,-1,,,,,,,,-5,,,,,
,-868,,,,,,,,,-4,,,,,,,,,,,,,
,2224,,,,,,,,,-4,,,,,,,,-11,,,,,
,-1884,-26,,,,,,,,7,,,,,,,,1,,,,,
,-369,24,,,,,,,,2,,,,,,,,12,,,,,
,-53,-8,,,,,,,,11,,,,,,,,-3,,,,,
,795,-22,,,,,,,,3,,,,,,,,-8,,,,,
,-309,1,,,,,,,,-18,,,,,,,,-2,,,,,
,-431,-13,,,,,,,,6,,,,,,,,3,,,,,
,997,-1,,,,,,,,15,,,,,,,,8,,,,,
,2115,19,,,,,,,,-5,,,,,,,,-1,,,,,
,-3119,-5,,,,,,,,-8,,,,,,,,-5,,,,,
,-60,-9,,,,,,,,-7,,,,,,,,-2,,,,,
,1087,-4,,,,,,,,-3,,,,,,,,9,,,,,
,-943,,,,,,,,,-2,,,,,,,,-7,,,,,
,746,-18,,,,,,,,11,,,,,,,,-5,,,,,
,-381,18,,,,,,,,-2,,,,,,,,17,,,,,
,242,-9,,,,,,,,-13,,,,,,,,-12,,,,,
,-849,-8,,,,,,,,-1,,,,,,,,2,,,,,
,232,-9,,,,,,,,15,,,,,,,,6,,,,,
,112,-1,,,,,,,,5,,,,,,,,-5,,,,,
,3057,,,,,,,,,-11,,,,,,,,4,,,,,
,-3185,-1,,,,,,,,-2,,,,,,,,,,,,,
,-106,11,,,,,,,,-2,,,,,,,,,,,,,
,1438,-30,,,,,,,,,,,,,,,,-6,,,,,
,-929,18,,,,,,,,11,,,,,,,,6,,,,,
,-412,-12,,,,,,,,1,,,,,,,,-2,,,,,
,562,-6,,,,,,,,-19,,,,,,,,-10,,,,,
,333,1,,,,,,,,-1,,,,,,,,3,,,,,
,-675,4,,,,,,,,8,,,,,,,,-4,,,,,
,427,-5,,,,,,,,-8,,,,,,,,9,,,,,
,2274,,,,,,,,,7,,,,,,,,2,,,,,
,-2658,-9,,,,,,,,16,,,,,,,,-2,,,,,
,235,-28,,,,,,,,7,,,,,,,,-5,,,,,
,272,27,,,,,,,,-11,,,,,,,,7,,,,,
,-400,-22,,,,,,,,11,,,,,,,,-5,,,,,
,3051,4,,,,,,,,-9,,,,,,,,-6,,,,,
,-2873,-17,,,,,,,,-28,,,,,,,,-1,,,,,
,-427,,,,,,,,,12,,,,,,,,5,,,,,
,2457,13,,,,,,,,13,,,,,,,,,,,,,
,-3436,-13,,,,,,,,-3,,,,,,,,-1,,,,,
,557,3,,,,,,,,-5,,,,,,,,-5,,,,,
,1085,,,,,,,,,-11,,,,,,,,13,,,,,
,-759,1,,,,,,,,-6,,,,,,,,-3,,,,,
,-125,-17,,,,,,,,22,,,,,,,,-3,,,,,
,1219,47,,,,,,,,-3,,,,,,,,-9,,,,,
,-1409,-52,,,,,,,,3,,,,,,,,4,,,,,
,702,-14,,,,,,,,-4,,,,,,,,8,,,,,
,-535,1,,,,,,,,-13,,,,,,,,-2,,,,,
,681,13,,,,,,,,13,,,,,,,,8,,,,,
,-913,,,,,,,,,14,,,,,,,,4,,,,,
,1120,-13,,,,,,,,-20,,,,,,,,1,,,,,
,-556,3,,,,,,,,3,,,,,,,,-8,,,,,
,792,-3,,,,,,,,7,,,,,,,,-6,,,,,
,-826,-13,,,,,,,,-10,,,,,,,,-1,,,,,
,332,-4,,,,,,,,-10,,,,,,,,-2,,,,,
,-684,,,,,,,,,2,,,,,,,,2,,,,,
,391,-13,,,,,,,,4,,,,,,,,2,,,,,
,622,13,,,,,,,,9,,,,,,,,,,,,,
,-586,,,,,,,,,15,,,,,,,,-2,,,,,
,-705,,,,,,,,,-18,,,,,,,,2,,,,,
,869,-13,,,,,,,,-2,,,,,,,,-1,,,,,
,286,-19,,,,,,,,3,,,,,,,,13,,,,,
,219,-3,,,,,,,,-7,,,,,,,,-1,,,,,
,-1498,25,,,,,,,,12,,,,,,,,-8,,,,,
,843,-30,,,,,,,,-3,,,,,,,,-3,,,,,
,-532,5,,,,,,,,-1,,,,,,,,-1,,,,,
,479,4,,,,,,,,-11,,,,,,,,2,,,,,
,-129,10,,,,,,,,13,,,,,,,,-1,,,,,
,-346,-20,,,,,,,,-2,,,,,,,,-11,,,,,
,407,2,,,,,,,,1,,,,,,,,17,,,,,
,3050,-47,,,,,,,,,,,,,,,,4,,,,,
,-1424,1,,,,,,,,,,,,,,,,-3,,,,,
,-1691,46,,,,,,,,-13,,,,,,,,6,,,,,
,-169,-15,,,,,,,,11,,,,,,,,-16,,,,,
,231,,,,,,,,,4,,,,,,,,,,,,,
,,-43,,,,,,,,-5,,,,,,,,-1,,,,,
,458,13,,,,,,,,,,,,,,,,2,,,,,
,-914,-1,,,,,,,,8,,,,,,,,5,,,,,
,480,-10,,,,,,,,8,,,,,,,,2,,,,,
,-317,1,,,,,,,,-1,,,,,,,,-4,,,,,
,-228,-1,,,,,,,,-2,,,,,,,,6,,,,,
,218,-2,,,,,,,,-2,,,,,,,,1,,,,,
,-27,3,,,,,,,,-6,,,,,,,,-7,,,,,
,-3,-2,,,,,,,,-9,,,,,,,,-6,,,,,
,-244,-14,,,,,,,,9,,,,,,,,11,,,,,
,368,-18,,,,,,,,-12,,,,,,,,-1,,,,,
,3268,3,,,,,,,,11,,,,,,,,-10,,,,,
,-3043,20,,,,,,,,-1,,,,,,,,3,,,,,
,-620,-22,,,,,,,,9,,,,,,,,7,,,,,
,1128,2,,,,,,,,2,,,,,,,,7,,,,,
,-1159,-21,,,,,,,,1,,,,,,,,-2,,,,,
,257,1,,,,,,,,-9,,,,,,,,,,,,,
,29,-1,,,,,,,,-5,,,,,,,,-18,,,,,
,335,-11,,,,,,,,4,,,,,,,,13,,,,,
,256,12,,,,,,,,5,,,,,,,,-1,,,,,
,-95,-1,,,,,,,,-12,,,,,,,,-4,,,,,
,278,2,,,,,,,,-14,,,,,,,,6,,,,,
,-88,-12,,,,,,,,6,,,,,,,,3,,,,,
,-591,11,,,,,,,,25,,,,,,,,-4,,,,,
,183,-12,,,,,,,,9,,,,,,,,3,,,,,
,-843,-22,,,,,,,,-6,,,,,,,,,,,,,
,552,3,,,,,,,,-5,,,,,,,,-20,,,,,
,-71,18,,,,,,,,2,,,,,,,,10,,,,,
,2214,-19,,,,,,,,-12,,,,,,,,7,,,,,
,-2591,10,,,,,,,,14,,,,,,,,-2,,,,,
,580,-20,,,,,,,,-5,,,,,,,,2,,,,,
,-354,10,,,,,,,,-16,,,,,,,,-8,,,,,
,584,-10,,,,,,,,-5,,,,,,,,4,,,,,
,-579,1,,,,,,,,,,,,,,,,9,,,,,
,-208,-22,,,,,,,,2,,,,,,,,-8,,,,,
,-65,,,,,,,,,3,,,,,,,,-2,,,,,
,754,4,,,,,,,,-8,,,,,,,,2,,,,,
,346,-14,,,,,,,,4,,,,,,,,-12,,,,,
,-434,-3,,,,,,,,8,,,,,,,,10,,,,,
,-56,4,,,,,,,,12,,,,,,,,-9,,,,,
,-397,-1,,,,,,,,4,,,,,,,,,,,,,
,834,9,,,,,,,,-13,,,,,,,,14,,,,,
,-958,-9,,,,,,,,-3,,,,,,,,2,,,,,
,746,-20,,,,,,,,-4,,,,,,,,1,,,,,
,582,4,,,,,,,,25,,,,,,,,-11,,,,,
,-926,-4,,,,,,,,-10,,,,,,,,5,,,,,
,2052,-11,,,,,,,,-19,,,,,,,,4,,,,,
,-2294,-2,,,,,,,,13,,,,,,,,-16,,,,,
,1160,12,,,,,,,,10,,,,,,,,5,,,,,
,-694,-10,,,,,,,,-1,,,,,,,,7,,,,,
,1641,1,,,,,,,,11,,,,,,,,2,,,,,
,-2372,11,,,,,,,,-3,,,,,,,,-9,,,,,
,532,7,,,,,,,,-16,,,,,,,,-8,,,,,
,150,-39,,,,,,,,-5,,,,,,,,8,,,,,
,2919,,,,,,,,,10,,,,,,,,12,,,,,
,-3310,3,,,,,,,,-5,,,,,,,,2,,,,,
,83,-14,,,,,,,,-6,,,,,,,,-1,,,,,
,143,12,,,,,,,,12,,,,,,,,,,,,,
,300,-1,,,,,,,,9,,,,,,,,-4,,,,,
,296,-10,,,,,,,,-13,,,,,,,,-2,,,,,
,-39,12,,,,,,,,-5,,,,,,,,-2,,,,,
,-600,-13,,,,,,,,2,,,,,,,,5,,,,,
,4661,,,,,,,,,2,,,,,,,,-5,,,,,
,-3327,27,,,,,,,,-1,,,,,,,,12,,,,,
,-1652,-25,,,,,,,,5,,,,,,,,-9,,,,,
,486,-4,,,,,,,,-5,,,,,,,,-21,,,,,
,-51,-29,,,,,,,,-2,,,,,,,,19,,,,,
,827,12,,,,,,,,4,,,,,,,,3,,,,,
,-124,1,,,,,,,,-2,,,,,,,,1,,,,,
,-687,-22,,,,,,,,4,,,,,,,,-9,,,,,
,3751,-5,,,,,,,,-10,,,,,,,,4,,,,,
,-3677,-5,,,,,,,,2,,,,,,,,-3,,,,,
,-717,-2,,,,,,,,-4,,,,,,,,6,,,,,
,-311,2,,,,,,,,7,,,,,,,,-8,,,,,
,969,-13,,,,,,,,3,,,,,,,,-2,,,,,
,-1006,1,,,,,,,,-3,,,,,,,,6,,,,,
,1303,11,,,,,,,,10,,,,,,,,9,,,,,
,-251,-10,,,,,,,,-15,,,,,,,,-6,,,,,
,-132,10,,,,,,,,-9,,,,,,,,1,,,,,
,1658,-9,,,,,,,,10,,,,,,,,-5,,,,,
,-2118,9,,,,,,,,-3,,,,,,,,-5,,,,,
,790,-10,,,,,,,,3,,,,,,,,,,,,,
,-842,1,,,,,,,,7,,,,,,,,1,,,,,
,6,,,,,,,,,7,,,,,,,,1,,,,,
,203,-20,,,,,,,,-8,,,,,,,,16,,,,,
,-204,-11,,,,,,,,-4,,,,,,,,1,,,,,
,911,12,,,,,,,,-2,,,,,,,,,,,,,
,-207,-12,,,,,,,,,,,,,,,,-2,,,,,
,-375,-1,,,,,,,,22,,,,,,,,-3,,,,,
,-196,1,,,,,,,,-4,,,,,,,,-3,,,,,
,-169,-1,,,,,,,,-16,,,,,,,,-3,,,,,
,397,-19,,,,,,,,-5,,,,,,,,-8,,,,,
,168,,,,,,,,,-3,,,,,,,,5,,,,,
,108,-11,,,,,,,,12,,,,,,,,2,,,,,
,-55,11,,,,,,,,,,,,,,,,5,,,,,
,260,-9,,,,,,,,-5,,,,,,,,-7,,,,,
,-333,11,,,,,,,,,,,,,,,,-1,,,,,
,-69,-12,,,,,,,,9,,,,,,,,3,,,,,
,-1,10,,,,,,,,2,,,,,,,,8,,,,,
,2876,-11,,,,,,,,-13,,,,,,,,5,,,,,
,-3762,-21,,,,,,,,-11,,,,,,,,-5,,,,,
,1600,21,,,,,,,,1,,,,,,,,-3,,,,,
,-1120,-20,,,,,,,,6,,,,,,,,-2,,,,,
,-454,-1,,,,,,,,-3,,,,,,,,9,,,,,
,595,-10,,,,,,,,7,,,,,,,,-4,,,,,
,1023,1,,,,,,,,11,,,,,,,,-11,,,,,
,-1357,10,,,,,,,,-10,,,,,,,,5,,,,,
,703,-10,,,,,,,,-5,,,,,,,,-7,,,,,
,1360,9,,,,,,,,21,,,,,,,,1,,,,,
,-1049,-16,,,,,,,,4,,,,,,,,4,,,,,
,-730,12,,,,,,,,-21,,,,,,,,1,,,,,
,124,-11,,,,,,,,-4,,,,,,,,7,,,,,
,807,-16,,,,,,,,14,,,,,,,,-1,,,,,
,-1118,-3,,,,,,,,-2,,,,,,,,-12,,,,,
,1053,22,,,,,,,,-5,,,,,,,,2,,,,,
,-751,-9,,,,,,,,3,,,,,,,,-3,,,,,
,3122,12,,,,,,,,6,,,,,,,,1,,,,,
,-3026,-12,,,,,,,,-9,,,,,,,,,,,,,
,-440,-18,,,,,,,,-3,,,,,,,,-1,,,,,
,766,18,,,,,,,,3,,,,,,,,4,,,,,
,1251,-13,,,,,,,,10,,,,,,,,-8,,,,,
,-1859,-5,,,,,,,,-8,,,,,,,,-4,,,,,
,604,-26,,,,,,,,-2,,,,,,,,15,,,,,
,-90,27,,,,,,,,-5,,,,,,,,-7,,,,,
,-166,-1,,,,,,,,-9,,,,,,,,6,,,,,
,931,-24,,,,,,,,-3,,,,,,,,11,,,,,
,-1423,-22,,,,,,,,-5,,,,,,,,4,,,,,
,-182,2,,,,,,,,15,,,,,,,,-7,,,,,
,2572,3,,,,,,,,10,,,,,,,,-10,,,,,
,-2645,-15,,,,,,,,2,,,,,,,,-5,,,,,
,571,1,,,,,,,,-6,,,,,,,,-4,,,,,
,401,8,,,,,,,,7,,,,,,,,14,,,,,
,145,2,,,,,,,,1,,,,,,,,-1,,,,,
,122,-2,,,,,,,,-2,,,,,,,,-5,,,,,
,-870,-12,,,,,,,,-3,,,,,,,,5,,,,,
,234,3,,,,,,,,15,,,,,,,,-5,,,,,
,698,-12,,,,,,,,-15,,,,,,,,6,,,,,
,6,-9,,,,,,,,-11,,,,,,,,,,,,,
,-1129,21,,,,,,,,11,,,,,,,,-2,,,,,
,722,-20,,,,,,,,2,,,,,,,,1,,,,,
,339,-10,,,,,,,,-4,,,,,,,,4,,,,,
,-248,10,,,,,,,,-4,,,,,,,,-3,,,,,
,-468,-14,,,,,,,,-5,,,,,,,,-19,,,,,
,152,16,,,,,,,,7,,,,,,,,4,,,,,
,201,-2,,,,,,,,7,,,,,,,,17,,,,,
,-226,-11,,,,,,,,3,,,,,,,,-4,,,,,
,-8,-22,,,,,,,,-5,,,,,,,,,,,,,
,-423,1,,,,,,,,2,,,,,,,,12,,,,,
,-574,1,,,,,,,,2,,,,,,,,-15,,,,,
,1581,-14,,,,,,,,-4,,,,,,,,,,,,,
,-1381,13,,,,,,,,-13,,,,,,,,4,,,,,
,952,-9,,,,,,,,3,,,,,,,,3,,,,,
,-636,14,,,,,,,,,,,,,,,,,,,,,
,239,-4,,,,,,,,9,,,,,,,,-4,,,,,
,-141,-29,,,,,,,,5,,,,,,,,7,,,,,
,1639,3,,,,,,,,-12,,,,,,,,-6,,,,,
,782,-5,,,,,,,,-7,,,,,,,,-2,,,,,
,-1537,5,,,,,,,,12,,,,,,,,,,,,,
,-1281,-4,,,,,,,,7,,,,,,,,-6,,,,,
,545,1,,,,,,,,-4,,,,,,,,5,,,,,
,-368,,,,,,,,,-1,,,,,,,,7,,,,,
,2600,,,,,,,,,-5,,,,,,,,4,,,,,
,-1897,-18,,,,,,,,3,,,,,,,,-3,,,,,
,14,17,,,,,,,,-6,,,,,,,,-5,,,,,
,-635,-15,,,,,,,,-4,,,,,,,,-2,,,,,
,3526,15,,,,,,,,1,,,,,,,,-4,,,,,
,-3219,-7,,,,,,,,17,,,,,,,,3,,,,,
,-193,8,,,,,,,,,,,,,,,,1,,,,,
,273,-42,,,,,,,,-1,,,,,,,,2,,,,,
,-84,24,,,,,,,,-12,,,,,,,,6,,,,,
,393,1,,,,,,,,3,,,,,,,,-7,,,,,
,-771,,,,,,,,,3,,,,,,,,1,,,,,
,331,-27,,,,,,,,-11,,,,,,,,12,,,,,
,-222,27,,,,,,,,18,,,,,,,,-5,,,,,
,499,-8,,,,,,,,-8,,,,,,,,-1,,,,,
,-338,-40,,,,,,,,-3,,,,,,,,-1,,,,,
,51,40,,,,,,,,6,,,,,,,,-10,,,,,
,468,-33,,,,,,,,-19,,,,,,,,3,,,,,
,1021,-7,,,,,,,,15,,,,,,,,5,,,,,
,-1839,-8,,,,,,,,,,,,,,,,5,,,,,
,184,12,,,,,,,,3,,,,,,,,-11,,,,,
,175,-13,,,,,,,,-4,,,,,,,,1,,,,,
,1620,11,,,,,,,,5,,,,,,,,8,,,,,
,-1711,-28,,,,,,,,14,,,,,,,,-4,,,,,
,307,-4,,,,,,,,-12,,,,,,,,-5,,,,,
,-167,6,,,,,,,,-19,,,,,,,,3,,,,,
,1360,,,,,,,,,2,,,,,,,,-7,,,,,
,-930,-6,,,,,,,,19,,,,,,,,-4,,,,,
,-583,-9,,,,,,,,3,,,,,,,,17,,,,,
,930,15,,,,,,,,-12,,,,,,,,4,,,,,
,-1032,-5,,,,,,,,-8,,,,,,,,-6,,,,,
,216,-1,,,,,,,,17,,,,,,,,-11,,,,,
,29,3,,,,,,,,4,,,,,,,,10,,,,,
,27,-31,,,,,,,,12,,,,,,,,-5,,,,,
,-461,-3,,,,,,,,-11,,,,,,,,-2,,,,,
,582,18,,,,,,,,-17,,,,,,,,-4,,,,,
,-43,-19,,,,,,,,-3,,,,,,,,8,,,,,
,1179,18,,,,,,,,25,,,,,,,,6,,,,,
,-1083,-29,,,,,,,,10,,,,,,,,-6,,,,,
,-264,12,,,,,,,,-23,,,,,,,,3,,,,,
,51,-1,,,,,,,,6,,,,,,,,,,,,,
,881,-5,,,,,,,,3,,,,,,,,-8,,,,,
,-16,-11,,,,,,,,,,,,,,,,6,,,,,
,-917,29,,,,,,,,-15,,,,,,,,-5,,,,,
,282,-29,,,,,,,,-5,,,,,,,,1,,,,,
,542,12,,,,,,,,-3,,,,,,,,-2,,,,,
,-453,-1,,,,,,,,13,,,,,,,,8,,,,,
,-135,7,,,,,,,,1,,,,,,,,-5,,,,,
,-513,-1,,,,,,,,-16,,,,,,,,3,,,,,
,2104,1,,,,,,,,1,,,,,,,,2,,,,,
,-1391,-2,,,,,,,,4,,,,,,,,-10,,,,,
,-403,-13,,,,,,,,10,,,,,,,,2,,,,,
,2179,-16,,,,,,,,,,,,,,,,2,,,,,
,-2388,29,,,,,,,,-1,,,,,,,,-1,,,,,
,-228,-24,,,,,,,,-3,,,,,,,,-7,,,,,
,330,-2,,,,,,,,3,,,,,,,,,,,,,
,1978,-1,,,,,,,,-8,,,,,,,,-1,,,,,
,-2020,4,,,,,,,,8,,,,,,,,,,,,,
,-133,-4,,,,,,,,7,,,,,,,,-3,,,,,
,-508,,,,,,,,,-4,,,,,,,,13,,,,,
,476,-33,,,,,,,,-2,,,,,,,,1,,,,,
,-304,33,,,,,,,,-11,,,,,,,,2,,,,,
,1176,-33,,,,,,,,16,,,,,,,,5,,,,,
,-672,,,,,,,,,-5,,,,,,,,2,,,,,
,1396,-14,,,,,,,,16,,,,,,,,-7,,,,,
,-1773,10,,,,,,,,-7,,,,,,,,-2,,,,,
,1217,4,,,,,,,,-4,,,,,,,,1,,,,,
,2741,,,,,,,,,-5,,,,,,,,-7,,,,,
,-2862,,,,,,,,,2,,,,,,,,5,,,,,
,-87,,,,,,,,,-13,,,,,,,,,,,,,
,933,-14,,,,,,,,13,,,,,,,,1,,,,,
,-1444,3,,,,,,,,-8,,,,,,,,-6,,,,,
,40,-3,,,,,,,,-1,,,,,,,,-11,,,,,
,1500,-32,,,,,,,,11,,,,,,,,12,,,,,
,-2100,47,,,,,,,,1,,,,,,,,3,,,,,
,-130,-32,,,,,,,,-3,,,,,,,,14,,,,,
,180,-9,,,,,,,,-12,,,,,,,,-4,,,,,
,259,12,,,,,,,,4,,,,,,,,-7,,,,,
,991,-16,,,,,,,,-2,,,,,,,,-4,,,,,
,-788,,,,,,,,,-4,,,,,,,,13,,,,,
,-314,-22,,,,,,,,-3,,,,,,,,-1,,,,,
,614,25,,,,,,,,3,,,,,,,,-13,,,,,
,-127,-21,,,,,,,,8,,,,,,,,-8,,,,,
,-174,-1,,,,,,,,5,,,,,,,,19,,,,,
,891,1,,,,,,,,16,,,,,,,,2,,,,,
,-1335,5,,,,,,,,-22,,,,,,,,5,,,,,
,106,-18,,,,,,,,-9,,,,,,,,-4,,,,,
,668,,,,,,,,,9,,,,,,,,-14,,,,,
,1797,4,,,,,,,,2,,,,,,,,2,,,,,
,-2847,-21,,,,,,,,5,,,,,,,,10,,,,,
,507,-4,,,,,,,,-8,,,,,,,,-3,,,,,
,-56,21,,,,,,,,7,,,,,,,,-7,,,,,
,285,-17,,,,,,,,6,,,,,,,,1,,,,,
,-140,,,,,,,,,-15,,,,,,,,2,,,,,
,-116,-13,,,,,,,,3,,,,,,,,2,,,,,
,151,4,,,,,,,,-10,,,,,,,,-3,,,,,
,2072,-2,,,,,,,,14,,,,,,,,8,,,,,
,-2074,11,,,,,,,,-4,,,,,,,,-2,,,,,
,-387,-9,,,,,,,,5,,,,,,,,-11,,,,,
,444,-21,,,,,,,,2,,,,,,,,9,,,,,
,-257,,,,,,,,,2,,,,,,,,-5,,,,,
,-128,9,,,,,,,,-8,,,,,,,,3,,,,,
,-274,9,,,,,,,,11,,,,,,,,-1,,,,,
,930,-14,,,,,,,,3,,,,,,,,,,,,,
,-966,-3,,,,,,,,1,,,,,,,,1,,,,,
,305,,,,,,,,,-10,,,,,,,,-3,,,,,
,-372,-13,,,,,,,,-6,,,,,,,,9,,,,,
,7405,2,,,,,,,,12,,,,,,,,-6,,,,,
,-3486,-5,,,,,,,,-3,,,,,,,,-6,,,,,
,-3476,-13,,,,,,,,-9,,,,,,,,-2,,,,,
,327,,,,,,,,,,,,,,,,,-3,,,,,
,-266,-4,,,,,,,,10,,,,,,,,3,,,,,
,449,-13,,,,,,,,-5,,,,,,,,3,,,,,
,-425,13,,,,,,,,2,,,,,,,,8,,,,,
,101,4,,,,,,,,2,,,,,,,,-1,,,,,
,-792,-4,,,,,,,,1,,,,,,,,-2,,,,,
,984,2,,,,,,,,-12,,,,,,,,2,,,,,
,226,-15,,,,,,,,-4,,,,,,,,2,,,,,
,-823,3,,,,,,,,12,,,,,,,,-10,,,,,
,1026,-3,,,,,,,,-8,,,,,,,,9,,,,,
,-681,4,,,,,,,,3,,,,,,,,-1,,,,,
,45,-22,,,,,,,,11,,,,,,,,-8,,,,,
,267,,,,,,,,,9,,,,,,,,3,,,,,
,-332,,,,,,,,,-17,,,,,,,,,,,,,
,151,,,,,,,,,-4,,,,,,,,-4,,,,,
,-248,-13,,,,,,,,-2,,,,,,,,12,,,,,
,790,-13,,,,,,,,-2,,,,,,,,-8,,,,,
,-666,26,,,,,,,,2,,,,,,,,-10,,,,,
,-592,-13,,,,,,,,11,,,,,,,,6,,,,,
,727,-17,,,,,,,,-13,,,,,,,,7,,,,,
,-902,,,,,,,,,-7,,,,,,,,2,,,,,
,926,,,,,,,,,4,,,,,,,,-2,,,,,
,-473,4,,,,,,,,17,,,,,,,,,,,,,
,555,,,,,,,,,-12,,,,,,,,-13,,,,,
,-611,-14,,,,,,,,-3,,,,,,,,13,,,,,
,-166,-3,,,,,,,,2,,,,,,,,7,,,,,
,653,,,,,,,,,-7,,,,,,,,-1,,,,,
,-353,11,,,,,,,,9,,,,,,,,4,,,,,
,37,-30,,,,,,,,4,,,,,,,,-13,,,,,
,-101,22,,,,,,,,-8,,,,,,,,-16,,,,,
,826,-3,,,,,,,,6,,,,,,,,16,,,,,
,-448,-18,,,,,,,,6,,,,,,,,-9,,,,,
,426,,,,,,,,,-8,,,,,,,,,,,,,
,173,-10,,,,,,,,11,,,,,,,,12,,,,,
,-480,10,,,,,,,,-6,,,,,,,,2,,,,,
,-267,-10,,,,,,,,8,,,,,,,,-11,,,,,
,338,10,,,,,,,,-13,,,,,,,,,,,,,
,45,-10,,,,,,,,12,,,,,,,,-3,,,,,
,-536,-46,,,,,,,,4,,,,,,,,6,,,,,
,251,4,,,,,,,,-1,,,,,,,,5,,,,,
,964,,,,,,,,,-20,,,,,,,,-3,,,,,
,-1424,28,,,,,,,,-4,,,,,,,,-3,,,,,
,1573,-30,,,,,,,,15,,,,,,,,6,,,,,
,-1285,,,,,,,,,6,,,,,,,,-2,,,,,
,2372,1,,,,,,,,-2,,,,,,,,-5,,,,,
,-2615,1,,,,,,,,-2,,,,,,,,8,,,,,
,270,-1,,,,,,,,,,,,,,,,-2,,,,,
,-84,-32,,,,,,,,-1,,,,,,,,-6,,,,,
,82,-2,,,,,,,,11,,,,,,,,,,,,,
,-223,8,,,,,,,,-19,,,,,,,,6,,,,,
,-296,-5,,,,,,,,1,,,,,,,,-1,,,,,
,764,-12,,,,,,,,3,,,,,,,,-4,,,,,
,1744,1,,,,,,,,8,,,,,,,,1,,,,,
,-2835,12,,,,,,,,-4,,,,,,,,-4,,,,,
,703,-2,,,,,,,,9,,,,,,,,12,,,,,
,623,9,,,,,,,,-5,,,,,,,,-1,,,,,
,-1391,-38,,,,,,,,2,,,,,,,,-3,,,,,
,619,-1,,,,,,,,-8,,,,,,,,7,,,,,
,-198,2,,,,,,,,-4,,,,,,,,4,,,,,
,-183,18,,,,,,,,9,,,,,,,,-9,,,,,
,229,-31,,,,,,,,-5,,,,,,,,4,,,,,
,570,1,,,,,,,,3,,,,,,,,-5,,,,,
,-430,10,,,,,,,,7,,,,,,,,-5,,,,,
,385,,,,,,,,,8,,,,,,,,11,,,,,
,-68,-2,,,,,,,,-17,,,,,,,,2,,,,,
,459,-9,,,,,,,,2,,,,,,,,-6,,,,,
,833,-11,,,,,,,,4,,,,,,,,-3,,,,,
,-1508,-3,,,,,,,,,,,,,,,,-3,,,,,
,346,-4,,,,,,,,1,,,,,,,,9,,,,,
,38,-1,,,,,,,,-8,,,,,,,,1,,,,,
,218,-1,,,,,,,,11,,,,,,,,-1,,,,,
,-355,,,,,,,,,-10,,,,,,,,-4,,,,,
,-211,,,,,,,,,-9,,,,,,,,,,,,,
,-347,-11,,,,,,,,17,,,,,,,,5,,,,,
,890,1,,,,,,,,-1,,,,,,,,4,,,,,
,-866,-22,,,,,,,,-7,,,,,,,,-10,,,,,
,890,22,,,,,,,,-4,,,,,,,,3,,,,,
,-1008,1,,,,,,,,12,,,,,,,,5,,,,,
,575,-21,,,,,,,,-9,,,,,,,,-8,,,,,
,333,-11,,,,,,,,-3,,,,,,,,4,,,,,
,-475,11,,,,,,,,4,,,,,,,,10,,,,,
,667,1,,,,,,,,1,,,,,,,,-6,,,,,
,-602,,,,,,,,,8,,,,,,,,-13,,,,,
,248,-11,,,,,,,,-14,,,,,,,,5,,,,,
,-636,11,,,,,,,,3,,,,,,,,-5,,,,,
,545,-12,,,,,,,,2,,,,,,,,-5,,,,,
,-663,-21,,,,,,,,-5,,,,,,,,11,,,,,
,-5,1,,,,,,,,3,,,,,,,,-5,,,,,
,97,-11,,,,,,,,3,,,,,,,,9,,,,,
,83,-1,,,,,,,,-8,,,,,,,,-2,,,,,
,-109,12,,,,,,,,-1,,,,,,,,-3,,,,,
,3035,16,,,,,,,,-5,,,,,,,,-2,,,,,
,-3344,-12,,,,,,,,8,,,,,,,,-3,,,,,
,674,-14,,,,,,,,7,,,,,,,,6,,,,,
,259,,,,,,,,,-5,,,,,,,,2,,,,,
,238,-21,,,,,,,,5,,,,,,,,-5,,,,,
,113,1,,,,,,,,-1,,,,,,,,8,,,,,
,98,,,,,,,,,12,,,,,,,,-6,,,,,
,-1162,-1,,,,,,,,-8,,,,,,,,,,,,,
,392,1,,,,,,,,-8,,,,,,,,-6,,,,,
,1875,-11,,,,,,,,-7,,,,,,,,4,,,,,
,-2588,-5,,,,,,,,-5,,,,,,,,,,,,,
,808,14,,,,,,,,9,,,,,,,,-13,,,,,
,-552,2,,,,,,,,-2,,,,,,,,5,,,,,
,1089,-34,,,,,,,,-7,,,,,,,,12,,,,,
,-321,23,,,,,,,,9,,,,,,,,-5,,,,,
,1164,-1,,,,,,,,10,,,,,,,,-4,,,,,
,-1055,-16,,,,,,,,5,,,,,,,,3,,,,,
,-158,-15,,,,,,,,,,,,,,,,1,,,,,
,-15,1,,,,,,,,-7,,,,,,,,9,,,,,
,2208,,,,,,,,,-12,,,,,,,,-3,,,,,
,-3193,11,,,,,,,,17,,,,,,,,-1,,,,,
,605,-12,,,,,,,,5,,,,,,,,9,,,,,
,379,12,,,,,,,,-18,,,,,,,,-4,,,,,
,,-31,,,,,,,,10,,,,,,,,-4,,,,,
,-383,-1,,,,,,,,,,,,,,,,-3,,,,,
,289,12,,,,,,,,-1,,,,,,,,,,,,,
,715,-11,,,,,,,,-2,,,,,,,,-6,,,,,
,-998,,,,,,,,,-12,,,,,,,,12,,,,,
,536,,,,,,,,,9,,,,,,,,2,,,,,
,-526,-10,,,,,,,,7,,,,,,,,-5,,,,,
,515,-1,,,,,,,,-3,,,,,,,,-4,,,,,
,765,11,,,,,,,,10,,,,,,,,2,,,,,
,-513,-10,,,,,,,,-17,,,,,,,,,,,,,
,-37,-21,,,,,,,,-5,,,,,,,,7,,,,,
,-575,21,,,,,,,,11,,,,,,,,-10,,,,,
,1,,,,,,,,,-1,,,,,,,,-3,,,,,
,611,-31,,,,,,,,2,,,,,,,,-4,,,,,
,-689,-3,,,,,,,,8,,,,,,,,1,,,,,
,-398,3,,,,,,,,-10,,,,,,,,11,,,,,
,1498,2,,,,,,,,-7,,,,,,,,-1,,,,,
,-822,-2,,,,,,,,-6,,,,,,,,4,,,,,
,-260,7,,,,,,,,9,,,,,,,,4,,,,,
,-272,-8,,,,,,,,9,,,,,,,,-14,,,,,
,-171,-22,,,,,,,,-6,,,,,,,,5,,,,,
,-511,24,,,,,,,,-19,,,,,,,,5,,,,,
,481,-21,,,,,,,,14,,,,,,,,-6,,,,,
,559,-13,,,,,,,,25,,,,,,,,4,,,,,
,-992,2,,,,,,,,-10,,,,,,,,-1,,,,,
,169,,,,,,,,,5,,,,,,,,-3,,,,,
,1083,9,,,,,,,,-14,,,,,,,,,,,,,
,161,16,,,,,,,,4,,,,,,,,3,,,,,
,-242,-45,,,,,,,,-9,,,,,,,,-5,,,,,
,-451,-1,,,,,,,,9,,,,,,,,,,,,,
,-475,1,,,,,,,,-1,,,,,,,,5,,,,,
,280,,,,,,,,,-8,,,,,,,,5,,,,,
,408,-11,,,,,,,,4,,,,,,,,1,,,,,
,-71,11,,,,,,,,6,,,,,,,,-4,,,,,
,86,-10,,,,,,,,-3,,,,,,,,1,,,,,
,-597,-1,,,,,,,,-8,,,,,,,,-3,,,,,
,284,,,,,,,,,-8,,,,,,,,-8,,,,,
,5250,6,,,,,,,,10,,,,,,,,,,,,,
,-3452,-5,,,,,,,,-1,,,,,,,,3,,,,,
,-2161,-23,,,,,,,,2,,,,,,,,12,,,,,
,614,-1,,,,,,,,-4,,,,,,,,-12,,,,,
,-230,3,,,,,,,,-14,,,,,,,,1,,,,,
,22,19,,,,,,,,26,,,,,,,,-1,,,,,
,35,-9,,,,,,,,9,,,,,,,,-1,,,,,
,25,,,,,,,,,-19,,,,,,,,1,,,,,
,2664,-1,,,,,,,,-3,,,,,,,,-4,,,,,
,-2219,1,,,,,,,,-7,,,,,,,,7,,,,,
,-431,-26,,,,,,,,24,,,,,,,,4,,,,,
,-146,7,,,,,,,,-5,,,,,,,,3,,,,,
,514,17,,,,,,,,-2,,,,,,,,-10,,,,,
,-368,-17,,,,,,,,,,,,,,,,-4,,,,,
,-554,-8,,,,,,,,6,,,,,,,,7,,,,,
,-434,-15,,,,,,,,-10,,,,,,,,-2,,,,,
,922,24,,,,,,,,2,,,,,,,,8,,,,,
,2191,-1,,,,,,,,6,,,,,,,,-1,,,,,
,-2656,-33,,,,,,,,-6,,,,,,,,,,,,,
,946,6,,,,,,,,,,,,,,,,5,,,,,
,-1208,-17,,,,,,,,4,,,,,,,,5,,,,,
,2385,,,,,,,,,-11,,,,,,,,-2,,,,,
,-2049,-1,,,,,,,,-9,,,,,,,,-8,,,,,
,1050,,,,,,,,,8,,,,,,,,-8,,,,,
,-848,4,,,,,,,,7,,,,,,,,-5,,,,,
,-700,-4,,,,,,,,14,,,,,,,,-4,,,,,
,451,3,,,,,,,,2,,,,,,,,12,,,,,
,2367,-14,,,,,,,,-18,,,,,,,,-1,,,,,
,-1868,-4,,,,,,,,-6,,,,,,,,9,,,,,
,2382,-13,,,,,,,,14,,,,,,,,6,,,,,
,-3344,1,,,,,,,,-5,,,,,,,,-11,,,,,
,970,-3,,,,,,,,9,,,,,,,,-24,,,,,
,251,-3,,,,,,,,1,,,,,,,,8,,,,,
,599,,,,,,,,,-4,,,,,,,,9,,,,,
,-1484,-11,,,,,,,,-12,,,,,,,,6,,,,,
,618,13,,,,,,,,3,,,,,,,,-10,,,,,
,-433,-1,,,,,,,,14,,,,,,,,3,,,,,
,2550,-10,,,,,,,,-15,,,,,,,,,,,,,
,-1907,-20,,,,,,,,-2,,,,,,,,6,,,,,
,-700,6,,,,,,,,-9,,,,,,,,3,,,,,
,676,19,,,,,,,,10,,,,,,,,-9,,,,,
,355,-23,,,,,,,,8,,,,,,,,-17,,,,,
,-1171,-15,,,,,,,,-10,,,,,,,,16,,,,,
,1445,13,,,,,,,,2,,,,,,,,-5,,,,,
,-569,,,,,,,,,-2,,,,,,,,10,,,,,
,493,-1,,,,,,,,-9,,,,,,,,1,,,,,
,47,-12,,,,,,,,7,,,,,,,,-11,,,,,
,-1028,3,,,,,,,,7,,,,,,,,3,,,,,
,1003,-16,,,,,,,,-8,,,,,,,,7,,,,,
,-742,-4,,,,,,,,-13,,,,,,,,12,,,,,
,-73,19,,,,,,,,7,,,,,,,,-6,,,,,
,4117,-18,,,,,,,,7,,,,,,,,-3,,,,,
,-3372,8,,,,,,,,10,,,,,,,,-2,,,,,
,-811,-7,,,,,,,,1,,,,,,,,-8,,,,,
,31,-2,,,,,,,,-7,,,,,,,,-6,,,,,
,38,-1,,,,,,,,2,,,,,,,,19,,,,,
,312,1,,,,,,,,2,,,,,,,,-11,,,,,
,1,-16,,,,,,,,-6,,,,,,,,-11,,,,,
,88,16,,,,,,,,14,,,,,,,,13,,,,,
,-835,-17,,,,,,,,-6,,,,,,,,2,,,,,
,955,2,,,,,,,,1,,,,,,,,1,,,,,
,-474,,,,,,,,,-13,,,,,,,,-4,,,,,
,541,-9,,,,,,,,1,,,,,,,,10,,,,,
,-741,-19,,,,,,,,14,,,,,,,,-10,,,,,
,146,,,,,,,,,-4,,,,,,,,-6,,,,,
,476,23,,,,,,,,-16,,,,,,,,5,,,,,
,1721,-23,,,,,,,,8,,,,,,,,4,,,,,
,-2757,-19,,,,,,,,-1,,,,,,,,7,,,,,
,1448,-2,,,,,,,,3,,,,,,,,-1,,,,,
,-947,39,,,,,,,,16,,,,,,,,2,,,,,
,425,-35,,,,,,,,-8,,,,,,,,1,,,,,
,-783,-15,,,,,,,,-3,,,,,,,,-9,,,,,
,591,18,,,,,,,,1,,,,,,,,-1,,,,,
,264,-5,,,,,,,,8,,,,,,,,2,,,,,
,255,-2,,,,,,,,-1,,,,,,,,-5,,,,,
,-680,4,,,,,,,,-2,,,,,,,,10,,,,,
,420,-13,,,,,,,,-9,,,,,,,,5,,,,,
,-207,-20,,,,,,,,-8,,,,,,,,-24,,,,,
,-926,21,,,,,,,,7,,,,,,,,11,,,,,
,1517,-1,,,,,,,,12,,,,,,,,,,,,,
,-895,-18,,,,,,,,-1,,,,,,,,7,,,,,
,58,-12,,,,,,,,-17,,,,,,,,-1,,,,,
,-333,1,,,,,,,,-5,,,,,,,,6,,,,,
,1349,9,,,,,,,,25,,,,,,,,-4,,,,,
,-531,2,,,,,,,,6,,,,,,,,5,,,,,
,-628,-29,,,,,,,,-20,,,,,,,,-10,,,,,
,466,-2,,,,,,,,12,,,,,,,,-8,,,,,
,-834,16,,,,,,,,-16,,,,,,,,,,,,,
,-62,4,,,,,,,,-4,,,,,,,,9,,,,,
,-223,-5,,,,,,,,8,,,,,,,,1,,,,,
,564,-29,,,,,,,,13,,,,,,,,9,,,,,
,-902,16,,,,,,,,,,,,,,,,-3,,,,,
,548,11,,,,,,,,-9,,,,,,,,-5,,,,,
,1812,,,,,,,,,-8,,,,,,,,-9,,,,,
,388,-16,,,,,,,,10,,,,,,,,1,,,,,
,-2015,-3,,,,,,,,6,,,,,,,,4,,,,,
,829,-14,,,,,,,,-10,,,,,,,,7,,,,,
,-250,11,,,,,,,,,,,,,,,,-6,,,,,
,-958,-12,,,,,,,,11,,,,,,,,-5,,,,,
,1132,1,,,,,,,,-4,,,,,,,,3,,,,,
,-934,1,,,,,,,,8,,,,,,,,8,,,,,
,2503,9,,,,,,,,-18,,,,,,,,4,,,,,
,-1774,9,,,,,,,,-10,,,,,,,,-3,,,,,
,245,-2,,,,,,,,16,,,,,,,,-11,,,,,
,-719,-12,,,,,,,,-7,,,,,,,,-6,,,,,
,272,-15,,,,,,,,5,,,,,,,,10,,,,,
,-67,-1,,,,,,,,12,,,,,,,,3,,,,,
,-285,,,,,,,,,-8,,,,,,,,1,,,,,
,3,,,,,,,,,8,,,,,,,,-1,,,,,
,1324,3,,,,,,,,-8,,,,,,,,12,,,,,
,-1622,-3,,,,,,,,11,,,,,,,,-13,,,,,
,542,1,,,,,,,,-1,,,,,,,,-3,,,,,
,-708,-1,,,,,,,,-20,,,,,,,,-4,,,,,
,852,,,,,,,,,17,,,,,,,,15,,,,,
,282,-34,,,,,,,,-6,,,,,,,,-12,,,,,
,-1003,34,,,,,,,,-9,,,,,,,,-3,,,,,
,-44,1,,,,,,,,-2,,,,,,,,18,,,,,
,-105,-34,,,,,,,,11,,,,,,,,-13,,,,,
,1299,,,,,,,,,-8,,,,,,,,-12,,,,,
,-1082,6,,,,,,,,-4,,,,,,,,15,,,,,
,519,-6,,,,,,,,-12,,,,,,,,-6,,,,,
,-892,-1,,,,,,,,1,,,,,,,,10,,,,,
,840,1,,,,,,,,18,,,,,,,,-12,,,,,
,-220,-14,,,,,,,,14,,,,,,,,-5,,,,,
,96,,,,,,,,,-17,,,,,,,,6,,,,,
,-451,-13,,,,,,,,9,,,,,,,,5,,,,,
,-48,13,,,,,,,,-3,,,,,,,,11,,,,,
,885,-30,,,,,,,,-7,,,,,,,,-9,,,,,
,429,3,,,,,,,,-3,,,,,,,,-3,,,,,
,-569,-3,,,,,,,,9,,,,,,,,3,,,,,
,689,,,,,,,,,7,,,,,,,,,,,,,
,-11,13,,,,,,,,2,,,,,,,,-12,,,,,
,1953,-13,,,,,,,,-10,,,,,,,,9,,,,,
,-3298,-13,,,,,,,,9,,,,,,,,6,,,,,
,967,17,,,,,,,,-20,,,,,,,,-3,,,,,
,-735,-22,,,,,,,,12,,,,,,,,-2,,,,,
,520,-13,,,,,,,,1,,,,,,,,5,,,,,
,-454,-1,,,,,,,,-11,,,,,,,,7,,,,,
,114,19,,,,,,,,-3,,,,,,,,-7,,,,,
,296,-18,,,,,,,,2,,,,,,,,-7,,,,,
,-542,4,,,,,,,,8,,,,,,,,-1,,,,,
,63,-4,,,,,,,,3,,,,,,,,1,,,,,
,337,4,,,,,,,,-6,,,,,,,,-14,,,,,
,238,-21,,,,,,,,12,,,,,,,,11,,,,,
,586,22,,,,,,,,-4,,,,,,,,5,,,,,
,996,-5,,,,,,,,-5,,,,,,,,-2,,,,,
,-2349,-2,,,,,,,,8,,,,,,,,1,,,,,
,507,-24,,,,,,,,-1,,,,,,,,-5,,,,,
,220,7,,,,,,,,-10,,,,,,,,8,,,,,
,654,6,,,,,,,,-19,,,,,,,,-2,,,,,
,-1311,-1,,,,,,,,20,,,,,,,,4,,,,,
,468,-3,,,,,,,,2,,,,,,,,-3,,,,,
,-420,-30,,,,,,,,-3,,,,,,,,3,,,,,
,563,5,,,,,,,,,,,,,,,,1,,,,,
,3148,16,,,,,,,,-23,,,,,,,,-6,,,,,
,-3107,-31,,,,,,,,23,,,,,,,,,,,,,
,170,15,,,,,,,,15,,,,,,,,-3,,,,,
,-314,-7,,,,,,,,3,,,,,,,,-2,,,,,
,-327,2,,,,,,,,-15,,,,,,,,6,,,,,
,42,1,,,,,,,,-3,,,,,,,,2,,,,,
,593,-1,,,,,,,,-3,,,,,,,,-16,,,,,
,1817,-32,,,,,,,,5,,,,,,,,4,,,,,
,-2618,21,,,,,,,,-7,,,,,,,,4,,,,,
,-277,-21,,,,,,,,-8,,,,,,,,4,,,,,
,151,4,,,,,,,,11,,,,,,,,2,,,,,
,517,-4,,,,,,,,14,,,,,,,,-8,,,,,
,-881,,,,,,,,,-7,,,,,,,,3,,,,,
,516,-13,,,,,,,,-6,,,,,,,,-5,,,,,
,-649,2,,,,,,,,12,,,,,,,,-5,,,,,
,726,11,,,,,,,,-23,,,,,,,,5,,,,,
,-38,,,,,,,,,20,,,,,,,,9,,,,,
,1379,-31,,,,,,,,-1,,,,,,,,-3,,,,,
,-1565,20,,,,,,,,-17,,,,,,,,8,,,,,
,1386,-20,,,,,,,,24,,,,,,,,1,,,,,
,-1375,18,,,,,,,,2,,,,,,,,7,,,,,
,708,-18,,,,,,,,-12,,,,,,,,-14,,,,,
,-759,,,,,,,,,-9,,,,,,,,6,,,,,
,427,-13,,,,,,,,9,,,,,,,,5,,,,,
,-244,18,,,,,,,,-3,,,,,,,,-9,,,,,
,624,-2,,,,,,,,-4,,,,,,,,1,,,,,
,-517,-3,,,,,,,,9,,,,,,,,3,,,,,
,-151,-9,,,,,,,,-11,,,,,,,,-3,,,,,
,1543,-26,,,,,,,,-17,,,,,,,,-1,,,,,
,-1638,5,,,,,,,,20,,,,,,,,,,,,,
,59,,,,,,,,,12,,,,,,,,-1,,,,,
,-300,,,,,,,,,-4,,,,,,,,11,,,,,
,1075,12,,,,,,,,3,,,,,,,,4,,,,,
,-304,-25,,,,,,,,-6,,,,,,,,-19,,,,,
,887,17,,,,,,,,-7,,,,,,,,,,,,,
,-638,-1,,,,,,,,9,,,,,,,,9,,,,,
,514,-3,,,,,,,,9,,,,,,,,-4,,,,,
,-1403,-32,,,,,,,,-2,,,,,,,,-7,,,,,
,224,19,,,,,,,,-1,,,,,,,,9,,,,,
,276,-18,,,,,,,,-1,,,,,,,,-6,,,,,
,-113,-9,,,,,,,,-2,,,,,,,,-2,,,,,
,-3,9,,,,,,,,12,,,,,,,,4,,,,,
,-246,-4,,,,,,,,-12,,,,,,,,-3,,,,,
,344,9,,,,,,,,-8,,,,,,,,4,,,,,
,-440,-15,,,,,,,,,,,,,,,,-5,,,,,
,288,10,,,,,,,,1,,,,,,,,3,,,,,
,90,-53,,,,,,,,5,,,,,,,,4,,,,,
,595,-1,,,,,,,,7,,,,,,,,-3,,,,,
,-908,45,,,,,,,,-2,,,,,,,,-1,,,,,
,391,-43,,,,,,,,-3,,,,,,,,-7,,,,,
,-442,-2,,,,,,,,-6,,,,,,,,13,,,,,
,2869,,,,,,,,,-7,,,,,,,,4,,,,,
,-1533,38,,,,,,,,6,,,,,,,,-12,,,,,
,-1016,-37,,,,,,,,-9,,,,,,,,-2,,,,,
,-71,24,,,,,,,,8,,,,,,,,5,,,,,
,3254,-35,,,,,,,,-2,,,,,,,,-10,,,,,
,-3277,-20,,,,,,,,,,,,,,,,7,,,,,
,361,-3,,,,,,,,-1,,,,,,,,11,,,,,
,-164,4,,,,,,,,3,,,,,,,,-14,,,,,
,-244,-11,,,,,,,,-2,,,,,,,,3,,,,,
,713,9,,,,,,,,7,,,,,,,,-3,,,,,
,-453,-11,,,,,,,,7,,,,,,,,4,,,,,
,433,,,,,,,,,-18,,,,,,,,11,,,,,
,-721,12,,,,,,,,1,,,,,,,,-10,,,,,
,-323,-11,,,,,,,,5,,,,,,,,3,,,,,
,911,9,,,,,,,,-1,,,,,,,,-7,,,,,
,-1159,-29,,,,,,,,3,,,,,,,,-3,,,,,
,1340,21,,,,,,,,11,,,,,,,,2,,,,,
,392,-19,,,,,,,,-10,,,,,,,,5,,,,,
,1721,6,,,,,,,,-8,,,,,,,,,,,,,
,-2979,-20,,,,,,,,6,,,,,,,,-3,,,,,
,158,2,,,,,,,,12,,,,,,,,4,,,,,
,-581,10,,,,,,,,-7,,,,,,,,13,,,,,
,2802,2,,,,,,,,-8,,,,,,,,-4,,,,,
,-2374,-1,,,,,,,,10,,,,,,,,-12,,,,,
,636,-33,,,,,,,,-13,,,,,,,,7,,,,,
,-714,-1,,,,,,,,12,,,,,,,,-7,,,,,
,998,23,,,,,,,,-10,,,,,,,,2,,,,,
,-79,-2,,,,,,,,-1,,,,,,,,9,,,,,
,-1021,-16,,,,,,,,-1,,,,,,,,-7,,,,,
,952,-2,,,,,,,,-1,,,,,,,,-12,,,,,
,-765,-12,,,,,,,,14,,,,,,,,10,,,,,
,825,6,,,,,,,,-9,,,,,,,,-2,,,,,
,956,-5,,,,,,,,5,,,,,,,,5,,,,,
,-1557,10,,,,,,,,-1,,,,,,,,,,,,,
,432,-30,,,,,,,,5,,,,,,,,-10,,,,,
,108,-3,,,,,,,,2,,,,,,,,13,,,,,
,-502,24,,,,,,,,-8,,,,,,,,5,,,,,
,380,-20,,,,,,,,-4,,,,,,,,-8,,,,,
,-360,-14,,,,,,,,7,,,,,,,,2,,,,,
,-360,14,,,,,,,,5,,,,,,,,-2,,,,,
,-268,-1,,,,,,,,6,,,,,,,,-6,,,,,
,1322,-11,,,,,,,,1,,,,,,,,4,,,,,
,-452,,,,,,,,,-14,,,,,,,,5,,,,,
,1010,1,,,,,,,,-8,,,,,,,,-6,,,,,
,-1869,-21,,,,,,,,13,,,,,,,,2,,,,,
,814,21,,,,,,,,5,,,,,,,,1,,,,,
,257,-1,,,,,,,,-13,,,,,,,,5,,,,,
,1505,-21,,,,,,,,-9,,,,,,,,-6,,,,,
,-2548,1,,,,,,,,15,,,,,,,,1,,,,,
,514,,,,,,,,,-1,,,,,,,,-4,,,,,
,-361,-10,,,,,,,,-3,,,,,,,,-11,,,,,
,2884,9,,,,,,,,-14,,,,,,,,11,,,,,
,-2668,-1,,,,,,,,7,,,,,,,,-1,,,,,
,184,-27,,,,,,,,18,,,,,,,,-1,,,,,
,696,-4,,,,,,,,-10,,,,,,,,1,,,,,
,-1404,2,,,,,,,,-13,,,,,,,,3,,,,,
,441,1,,,,,,,,11,,,,,,,,3,,,,,
,615,-1,,,,,,,,7,,,,,,,,12,,,,,
,96,16,,,,,,,,11,,,,,,,,-20,,,,,
,-485,-16,,,,,,,,-14,,,,,,,,-5,,,,,
,-192,-11,,,,,,,,-9,,,,,,,,8,,,,,
,609,1,,,,,,,,1,,,,,,,,2,,,,,
,-1363,1,,,,,,,,6,,,,,,,,6,,,,,
,792,-22,,,,,,,,-1,,,,,,,,-16,,,,,
,-378,21,,,,,,,,-7,,,,,,,,14,,,,,
,170,,,,,,,,,6,,,,,,,,8,,,,,
,-189,-31,,,,,,,,,,,,,,,,-3,,,,,
,-118,11,,,,,,,,6,,,,,,,,-12,,,,,
,516,,,,,,,,,6,,,,,,,,-8,,,,,
,189,-12,,,,,,,,-3,,,,,,,,6,,,,,
,-173,2,,,,,,,,5,,,,,,,,8,,,,,
,-404,-1,,,,,,,,-14,,,,,,,,-6,,,,,
,160,,,,,,,,,2,,,,,,,,-6,,,,,
,427,-22,,,,,,,,19,,,,,,,,11,,,,,
,66,23,,,,,,,,-4,,,,,,,,9,,,,,
,-2,-1,,,,,,,,-18,,,,,,,,-7,,,,,
,979,-32,,,,,,,,-2,,,,,,,,2,,,,,
,-513,2,,,,,,,,1,,,,,,,,-1,,,,,
,-926,11,,,,,,,,3,,,,,,,,-4,,,,,
,629,-1,,,,,,,,1,,,,,,,,-4,,,,,
,-333,-10,,,,,,,,5,,,,,,,,5,,,,,
,-521,11,,,,,,,,1,,,,,,,,3,,,,,
,261,-32,,,,,,,,-14,,,,,,,,1,,,,,
,-182,18,,,,,,,,6,,,,,,,,3,,,,,
,2691,-17,,,,,,,,-3,,,,,,,,,,,,,
,-1976,1,,,,,,,,3,,,,,,,,5,,,,,
,-387,-13,,,,,,,,4,,,,,,,,-8,,,,,
,1049,,,,,,,,,3,,,,,,,,-10,,,,,
,-880,12,,,,,,,,-1,,,,,,,,1,,,,,
,1523,-12,,,,,,,,-13,,,,,,,,9,,,,,
,-1831,,,,,,,,,9,,,,,,,,-5,,,,,
,366,1,,,,,,,,9,,,,,,,,8,,,,,
,116,-1,,,,,,,,-2,,,,,,,,5,,,,,
,205,-19,,,,,,,,-14,,,,,,,,-18,,,,,
,2513,1,,,,,,,,11,,,,,,,,-11,,,,,
,-3540,1,,,,,,,,4,,,,,,,,15,,,,,
,-30,-15,,,,,,,,-20,,,,,,,,6,,,,,
,607,2,,,,,,,,-11,,,,,,,,3,,,,,
,-239,,,,,,,,,16,,,,,,,,1,,,,,
,241,12,,,,,,,,12,,,,,,,,-4,,,,,
,-312,,,,,,,,,-2,,,,,,,,-12,,,,,
,65,-11,,,,,,,,-6,,,,,,,,4,,,,,
,3800,-2,,,,,,,,,,,,,,,,-4,,,,,
,-3654,-11,,,,,,,,3,,,,,,,,-3,,,,,
,-86,-7,,,,,,,,-3,,,,,,,,8,,,,,
,-362,-2,,,,,,,,18,,,,,,,,5,,,,,
,209,,,,,,,,,-2,,,,,,,,-10,,,,,
,575,2,,,,,,,,-11,,,,,,,,7,,,,,
,-629,-11,,,,,,,,-1,,,,,,,,3,,,,,
,1954,-1,,,,,,,,6,,,,,,,,-8,,,,,
,-1520,11,,,,,,,,-5,,,,,,,,-7,,,,,
,-419,-13,,,,,,,,3,,,,,,,,7,,,,,
,136,8,,,,,,,,2,,,,,,,,3,,,,,
,-382,-16,,,,,,,,-10,,,,,,,,1,,,,,
,110,1,,,,,,,,8,,,,,,,,-2,,,,,
,711,-12,,,,,,,,-10,,,,,,,,-9,,,,,
,-160,21,,,,,,,,-1,,,,,,,,15,,,,,
,2152,,,,,,,,,-1,,,,,,,,4,,,,,
,-3217,-30,,,,,,,,9,,,,,,,,-1,,,,,
,282,20,,,,,,,,6,,,,,,,,-10,,,,,
,192,,,,,,,,,,,,,,,,,,,,,,
,2897,-26,,,,,,,,-6,,,,,,,,,,,,,
,-2826,7,,,,,,,,20,,,,,,,,-1,,,,,
,75,-27,,,,,,,,-4,,,,,,,,1,,,,,
,402,27,,,,,,,,-18,,,,,,,,6,,,,,
,-469,,,,,,,,,2,,,,,,,,2,,,,,
,377,-8,,,,,,,,10,,,,,,,,7,,,,,
,-315,8,,,,,,,,-7,,,,,,,,,,,,,
,1372,-44,,,,,,,,4,,,,,,,,-10,,,,,
,-1199,3,,,,,,,,9,,,,,,,,-3,,,,,
,-92,-3,,,,,,,,2,,,,,,,,2,,,,,
,332,19,,,,,,,,-16,,,,,,,,-3,,,,,
,653,-19,,,,,,,,4,,,,,,,,11,,,,,
,-1109,,,,,,,,,5,,,,,,,,-6,,,,,
,945,-2,,,,,,,,-8,,,,,,,,-2,,,,,
,-999,-10,,,,,,,,6,,,,,,,,-2,,,,,
,-103,,,,,,,,,-7,,,,,,,,-2,,,,,
,-314,,,,,,,,,-4,,,,,,,,1,,,,,
,460,-3,,,,,,,,-11,,,,,,,,11,,,,,
,10,-20,,,,,,,,17,,,,,,,,-6,,,,,
,207,4,,,,,,,,14,,,,,,,,,,,,,
,-210,-12,,,,,,,,-13,,,,,,,,-4,,,,,
,21,12,,,,,,,,-5,,,,,,,,2,,,,,
,229,-17,,,,,,,,-12,,,,,,,,2,,,,,
,-561,16,,,,,,,,21,,,,,,,,8,,,,,
,2846,-1,,,,,,,,-6,,,,,,,,-9,,,,,
,-2698,-19,,,,,,,,-13,,,,,,,,-3,,,,,
,-129,9,,,,,,,,15,,,,,,,,13,,,,,
,1171,-22,,,,,,,,-9,,,,,,,,-13,,,,,
,-615,22,,,,,,,,-1,,,,,,,,-6,,,,,
,-105,-20,,,,,,,,-6,,,,,,,,8,,,,,
,28,-11,,,,,,,,-10,,,,,,,,-2,,,,,
,-937,-3,,,,,,,,19,,,,,,,,11,,,,,
,1415,4,,,,,,,,1,,,,,,,,-1,,,,,
,1671,11,,,,,,,,-3,,,,,,,,-2,,,,,
,-2848,-12,,,,,,,,3,,,,,,,,-1,,,,,
,512,12,,,,,,,,1,,,,,,,,-13,,,,,
,409,-10,,,,,,,,-7,,,,,,,,7,,,,,
,-347,,,,,,,,,2,,,,,,,,7,,,,,
,-270,-21,,,,,,,,7,,,,,,,,5,,,,,
,-177,17,,,,,,,,-6,,,,,,,,-11,,,,,
,868,-16,,,,,,,,-5,,,,,,,,5,,,,,
,-438,2,,,,,,,,-1,,,,,,,,3,,,,,
,422,-2,,,,,,,,-7,,,,,,,,-7,,,,,
,-685,-1,,,,,,,,5,,,,,,,,-1,,,,,
,159,1,,,,,,,,2,,,,,,,,2,,,,,
,-139,-2,,,,,,,,6,,,,,,,,4,,,,,
,323,2,,,,,,,,-5,,,,,,,,-11,,,,,
,378,-18,,,,,,,,7,,,,,,,,,,,,,
,-301,,,,,,,,,2,,,,,,,,1,,,,,
,-364,,,,,,,,,-5,,,,,,,,9,,,,,
,3737,1,,,,,,,,6,,,,,,,,4,,,,,
,-2184,-25,,,,,,,,-13,,,,,,,,-3,,,,,
,-1514,24,,,,,,,,1,,,,,,,,-10,,,,,
,200,,,,,,,,,18,,,,,,,,12,,,,,
,2437,-41,,,,,,,,-1,,,,,,,,,,,,,
,-2288,-4,,,,,,,,-7,,,,,,,,-12,,,,,
,-471,-2,,,,,,,,3,,,,,,,,-1,,,,,
,122,40,,,,,,,,,,,,,,,,,,,,,
,194,-38,,,,,,,,3,,,,,,,,16,,,,,
,437,1,,,,,,,,-3,,,,,,,,-8,,,,,
,-1225,5,,,,,,,,-8,,,,,,,,-8,,,,,
,466,-7,,,,,,,,-1,,,,,,,,2,,,,,
,574,,,,,,,,,-3,,,,,,,,-2,,,,,
,-111,4,,,,,,,,11,,,,,,,,-4,,,,,
,-212,-31,,,,,,,,7,,,,,,,,7,,,,,
,317,13,,,,,,,,-8,,,,,,,,4,,,,,
,-837,-15,,,,,,,,-2,,,,,,,,-16,,,,,
,1404,17,,,,,,,,-7,,,,,,,,15,,,,,
,-319,-17,,,,,,,,1,,,,,,,,9,,,,,
,-985,-2,,,,,,,,8,,,,,,,,,,,,,
,-64,2,,,,,,,,1,,,,,,,,-3,,,,,
,25,1,,,,,,,,-6,,,,,,,,-14,,,,,
,-516,-3,,,,,,,,-5,,,,,,,,-2,,,,,
,474,4,,,,,,,,3,,,,,,,,-2,,,,,
,107,-33,,,,,,,,19,,,,,,,,11,,,,,
,-204,2,,,,,,,,-8,,,,,,,,6,,,,,
,651,18,,,,,,,,-3,,,,,,,,-8,,,,,
,-340,-20,,,,,,,,3,,,,,,,,2,,,,,
,234,-1,,,,,,,,4,,,,,,,,,,,,,
,-26,-2,,,,,,,,2,,,,,,,,6,,,,,
,-372,18,,,,,,,,-15,,,,,,,,-5,,,,,
,830,-18,,,,,,,,12,,,,,,,,7,,,,,
,-425,,,,,,,,,-9,,,,,,,,-5,,,,,
,-48,1,,,,,,,,7,,,,,,,,-5,,,,,
,3738,-6,,,,,,,,-2,,,,,,,,-3,,,,,
,-3602,15,,,,,,,,-12,,,,,,,,5,,,,,
,129,-27,,,,,,,,1,,,,,,,,1,,,,,
,983,-2,,,,,,,,1,,,,,,,,-7,,,,,
,-2128,14,,,,,,,,9,,,,,,,,4,,,,,
,430,6,,,,,,,,9,,,,,,,,2,,,,,
,471,-20,,,,,,,,-10,,,,,,,,5,,,,,
,385,-7,,,,,,,,-8,,,,,,,,,,,,,
,-623,-3,,,,,,,,6,,,,,,,,-6,,,,,
,1200,,,,,,,,,7,,,,,,,,-4,,,,,
,-1034,20,,,,,,,,-4,,,,,,,,13,,,,,
,-162,-1,,,,,,,,10,,,,,,,,-2,,,,,
,-134,-17,,,,,,,,-14,,,,,,,,-1,,,,,
,-127,1,,,,,,,,,,,,,,,,-6,,,,,
,1408,,,,,,,,,2,,,,,,,,-1,,,,,
,1123,-1,,,,,,,,-1,,,,,,,,8,,,,,
,-2252,-1,,,,,,,,-5,,,,,,,,3,,,,,
,1995,1,,,,,,,,9,,,,,,,,1,,,,,
,-1170,-26,,,,,,,,,,,,,,,,-10,,,,,
,-1417,26,,,,,,,,,,,,,,,,4,,,,,
,832,-33,,,,,,,,5,,,,,,,,-8,,,,,
,-240,7,,,,,,,,-4,,,,,,,,4,,,,,
,-460,-21,,,,,,,,-8,,,,,,,,-10,,,,,
,-25,13,,,,,,,,,,,,,,,,-5,,,,,
,847,1,,,,,,,,7,,,,,,,,18,,,,,
,-349,-14,,,,,,,,4,,,,,,,,,,,,,
,1113,,,,,,,,,-2,,,,,,,,-4,,,,,
,-1013,3,,,,,,,,-4,,,,,,,,9,,,,,
,642,-3,,,,,,,,-11,,,,,,,,3,,,,,
,-881,-17,,,,,,,,-3,,,,,,,,1,,,,,
,1164,,,,,,,,,5,,,,,,,,-11,,,,,
,-169,-9,,,,,,,,9,,,,,,,,12,,,,,
,-27,-6,,,,,,,,,,,,,,,,-3,,,,,
,-225,13,,,,,,,,-2,,,,,,,,1,,,,,
,-758,2,,,,,,,,2,,,,,,,,-2,,,,,
,240,-28,,,,,,,,-5,,,,,,,,-5,,,,,
,-673,28,,,,,,,,-1,,,,,,,,2,,,,,
,622,-13,,,,,,,,6,,,,,,,,-2,,,,,
,517,4,,,,,,,,-3,,,,,,,,-9,,,,,
,-1425,-22,,,,,,,,8,,,,,,,,3,,,,,
,819,-10,,,,,,,,-4,,,,,,,,8,,,,,
,727,6,,,,,,,,-5,,,,,,,,-15,,,,,
,-107,-9,,,,,,,,2,,,,,,,,7,,,,,
,-324,13,,,,,,,,1,,,,,,,,,,,,,
,-179,,,,,,,,,1,,,,,,,,-5,,,,,
,-69,,,,,,,,,-6,,,,,,,,12,,,,,
,553,-13,,,,,,,,1,,,,,,,,-10,,,,,
,-729,,,,,,,,,-11,,,,,,,,,,,,,
,672,4,,,,,,,,11,,,,,,,,-3,,,,,
,693,-21,,,,,,,,7,,,,,,,,11,,,,,
,-1479,-1,,,,,,,,12,,,,,,,,,,,,,
,3325,1,,,,,,,,-2,,,,,,,,-12,,,,,
,-2737,17,,,,,,,,-17,,,,,,,,5,,,,,
,-769,-17,,,,,,,,10,,,,,,,,9,,,,,
,753,-11,,,,,,,,7,,,,,,,,-10,,,,,
,-56,-18,,,,,,,,5,,,,,,,,2,,,,,
,396,23,,,,,,,,-17,,,,,,,,4,,,,,
,89,-4,,,,,,,,-11,,,,,,,,-9,,,,,
,-836,-21,,,,,,,,7,,,,,,,,-4,,,,,
,-455,19,,,,,,,,16,,,,,,,,8,,,,,
,1454,-13,,,,,,,,-9,,,,,,,,1,,,,,
,137,-4,,,,,,,,3,,,,,,,,-2,,,,,
,-1058,-12,,,,,,,,-18,,,,,,,,11,,,,,
,-255,17,,,,,,,,-5,,,,,,,,-6,,,,,
,518,-6,,,,,,,,26,,,,,,,,8,,,,,
,53,-10,,,,,,,,-4,,,,,,,,-12,,,,,
,-274,-1,,,,,,,,-13,,,,,,,,-7,,,,,
,249,-21,,,,,,,,5,,,,,,,,6,,,,,
,4673,22,,,,,,,,2,,,,,,,,-1,,,,,
,-3521,-22,,,,,,,,1,,,,,,,,6,,,,,
,-568,-10,,,,,,,,2,,,,,,,,1,,,,,
,1654,10,,,,,,,,5,,,,,,,,-4,,,,,
,-2761,-5,,,,,,,,-10,,,,,,,,3,,,,,
,359,5,,,,,,,,,,,,,,,,,,,,,
,-365,-26,,,,,,,,2,,,,,,,,-2,,,,,
,2551,-5,,,,,,,,-9,,,,,,,,-8,,,,,
,-2146,13,,,,,,,,15,,,,,,,,8,,,,,
,-315,-13,,,,,,,,-3,,,,,,,,-1,,,,,
,-661,-10,,,,,,,,-5,,,,,,,,1,,,,,
,1016,-3,,,,,,,,4,,,,,,,,8,,,,,
,-77,3,,,,,,,,-9,,,,,,,,-10,,,,,
,-418,-8,,,,,,,,5,,,,,,,,-6,,,,,
,532,5,,,,,,,,-7,,,,,,,,7,,,,,
,-428,3,,,,,,,,14,,,,,,,,9,,,,,
,904,,,,,,,,,-4,,,,,,,,-8,,,,,
,653,-21,,,,,,,,-6,,,,,,,,-2,,,,,
,-1745,1,,,,,,,,5,,,,,,,,5,,,,,
,184,17,,,,,,,,2,,,,,,,,-4,,,,,
,792,-30,,,,,,,,-4,,,,,,,,-3,,,,,
,-553,-2,,,,,,,,-1,,,,,,,,8,,,,,
,210,15,,,,,,,,2,,,,,,,,5,,,,,
,-173,,,,,,,,,4,,,,,,,,-5,,,,,
,-121,-13,,,,,,,,-8,,,,,,,,-6,,,,,
,4982,13,,,,,,,,3,,,,,,,,-11,,,,,
,-3041,-13,,,,,,,,7,,,,,,,,8,,,,,
,-2648,-19,,,,,,,,-7,,,,,,,,11,,,,,
,1655,22,,,,,,,,-2,,,,,,,,-2,,,,,
,-808,-3,,,,,,,,4,,,,,,,,-1,,,,,
,-257,-27,,,,,,,,-2,,,,,,,,4,,,,,
,293,-3,,,,,,,,12,,,,,,,,-4,,,,,
,248,12,,,,,,,,-4,,,,,,,,3,,,,,
,-867,,,,,,,,,-4,,,,,,,,-3,,,,,
,9875,-8,,,,,,,,1,,,,,,,,5,,,,,
,-3605,-10,,,,,,,,3,,,,,,,,-1,,,,,
,-3024,-2,,,,,,,,,,,,,,,,-4,,,,,
,-2287,-33,,,,,,,,-10,,,,,,,,-2,,,,,
,-315,43,,,,,,,,-1,,,,,,,,2,,,,,
,48,-16,,,,,,,,9,,,,,,,,-3,,,,,
,-139,-40,,,,,,,,8,,,,,,,,-2,,,,,
,283,10,,,,,,,,-7,,,,,,,,4,,,,,
,-254,4,,,,,,,,-7,,,,,,,,1,,,,,
,-412,23,,,,,,,,2,,,,,,,,9,,,,,
,814,-23,,,,,,,,3,,,,,,,,1,,,,,
,-700,-31,,,,,,,,-2,,,,,,,,-16,,,,,
,12,18,,,,,,,,10,,,,,,,,3,,,,,
,360,1,,,,,,,,-9,,,,,,,,7,,,,,
,221,-1,,,,,,,,-8,,,,,,,,-9,,,,,
,-524,-20,,,,,,,,4,,,,,,,,2,,,,,
,561,1,,,,,,,,7,,,,,,,,3,,,,,
,-371,-10,,,,,,,,1,,,,,,,,5,,,,,
,-158,11,,,,,,,,-8,,,,,,,,-10,,,,,
,870,3,,,,,,,,8,,,,,,,,2,,,,,
,-1217,-4,,,,,,,,2,,,,,,,,-5,,,,,
,425,-12,,,,,,,,-4,,,,,,,,-5,,,,,
,31,2,,,,,,,,7,,,,,,,,7,,,,,
,561,-21,,,,,,,,-10,,,,,,,,3,,,,,
,39,-13,,,,,,,,2,,,,,,,,6,,,,,
,-686,,,,,,,,,,,,,,,,,4,,,,,
,284,3,,,,,,,,-13,,,,,,,,-4,,,,,
,187,11,,,,,,,,18,,,,,,,,-10,,,,,
,-598,-1,,,,,,,,2,,,,,,,,2,,,,,
,-145,,,,,,,,,-22,,,,,,,,9,,,,,
,334,-11,,,,,,,,-3,,,,,,,,1,,,,,
,132,1,,,,,,,,7,,,,,,,,-12,,,,,
,-340,1,,,,,,,,15,,,,,,,,1,,,,,
,140,-1,,,,,,,,3,,,,,,,,1,,,,,
,-294,-31,,,,,,,,-12,,,,,,,,5,,,,,
,-632,-3,,,,,,,,2,,,,,,,,4,,,,,
,6952,3,,,,,,,,-3,,,,,,,,6,,,,,
,6476,29,,,,,,,,6,,,,,,,,-8,,,,,
,9561,-29,,,,,,,,-6,,,,,,,,-6,,,,,
,4504,22,,,,,,,,11,,,,,,,,,,,,,
,85,-6,,,,,,,,3,,,,,,,,-9,,,,,
,-2472,-22,,,,,,,,-8,,,,,,,,17,,,,,
,-834,13,,,,,,,,-3,,,,,,,,3,,,,,
,-2424,-32,,,,,,,,4,,,,,,,,-3,,,,,
,-1989,10,,,,,,,,-16,,,,,,,,-14,,,,,
,432,-14,,,,,,,,-3,,,,,,,,9,,,,,
,-3717,-1,,,,,,,,18,,,,,,,,-1,,,,,
,-2137,24,,,,,,,,3,,,,,,,,-4,,,,,
,3247,-9,,,,,,,,-2,,,,,,,,-4,,,,,
,-3744,-6,,,,,,,,2,,,,,,,,-1,,,,,
,-3259,6,,,,,,,,-16,,,,,,,,2,,,,,
,-3217,-9,,,,,,,,12,,,,,,,,5,,,,,
,-1565,-3,,,,,,,,3,,,,,,,,-9,,,,,
,-1768,-7,,,,,,,,-2,,,,,,,,7,,,,,
,-1785,-24,,,,,,,,-3,,,,,,,,11,,,,,
,-1370,-5,,,,,,,,-3,,,,,,,,,,,,,
,1081,3,,,,,,,,5,,,,,,,,-10,,,,,
,-1778,9,,,,,,,,-2,,,,,,,,-1,,,,,
,1428,-11,,,,,,,,-11,,,,,,,,10,,,,,
,-413,-1,,,,,,,,1,,,,,,,,6,,,,,
,-438,-19,,,,,,,,7,,,,,,,,-13,,,,,
,-432,21,,,,,,,,-4,,,,,,,,-8,,,,,
,1901,-1,,,,,,,,2,,,,,,,,7,,,,,
,-1877,-31,,,,,,,,3,,,,,,,,3,,,,,
,2387,1,,,,,,,,-6,,,,,,,,1,,,,,
,-2466,,,,,,,,,6,,,,,,,,-1,,,,,
,731,-1,,,,,,,,3,,,,,,,,-5,,,,,
,-389,1,,,,,,,,5,,,,,,,,-7,,,,,
,-158,,,,,,,,,-8,,,,,,,,7,,,,,
,-173,-21,,,,,,,,2,,,,,,,,7,,,,,
,-39,20,,,,,,,,6,,,,,,,,-3,,,,,
,-3,2,,,,,,,,2,,,,,,,,-9,,,,,
,-167,-21,,,,,,,,-8,,,,,,,,5,,,,,
,411,-12,,,,,,,,-7,,,,,,,,,,,,,
,752,2,,,,,,,,-2,,,,,,,,2,,,,,
,-1082,10,,,,,,,,8,,,,,,,,-1,,,,,
,775,,,,,,,,,-1,,,,,,,,7,,,,,
,136,1,,,,,,,,-4,,,,,,,,,,,,,
,-298,-12,,,,,,,,4,,,,,,,,-3,,,,,
,-853,,,,,,,,,7,,,,,,,,,,,,,
,675,2,,,,,,,,-17,,,,,,,,-14,,,,,
,569,-3,,,,,,,,3,,,,,,,,11,,,,,
,-533,-18,,,,,,,,11,,,,,,,,7,,,,,
,-798,-11,,,,,,,,-17,,,,,,,,1,,,,,
,709,4,,,,,,,,-3,,,,,,,,-7,,,,,
,-571,-6,,,,,,,,6,,,,,,,,3,,,,,
,568,3,,,,,,,,22,,,,,,,,-2,,,,,
,1761,-1,,,,,,,,6,,,,,,,,3,,,,,
,-2146,-1,,,,,,,,-15,,,,,,,,-6,,,,,
,506,-22,,,,,,,,-11,,,,,,,,5,,,,,
,149,3,,,,,,,,7,,,,,,,,2,,,,,
,92,-1,,,,,,,,5,,,,,,,,-8,,,,,
,-735,-14,,,,,,,,-3,,,,,,,,-4,,,,,
,-176,4,,,,,,,,6,,,,,,,,9,,,,,
,517,,,,,,,,,-4,,,,,,,,2,,,,,
,-68,,,,,,,,,-3,,,,,,,,-10,,,,,
,-472,11,,,,,,,,10,,,,,,,,2,,,,,
,1129,-11,,,,,,,,3,,,,,,,,9,,,,,
,-503,-19,,,,,,,,-10,,,,,,,,-8,,,,,
,-289,19,,,,,,,,-5,,,,,,,,-3,,,,,
,248,-31,,,,,,,,6,,,,,,,,18,,,,,
,604,-2,,,,,,,,11,,,,,,,,-7,,,,,
,-578,2,,,,,,,,-6,,,,,,,,-1,,,,,
,2613,11,,,,,,,,-18,,,,,,,,-1,,,,,
,-2836,-9,,,,,,,,4,,,,,,,,-1,,,,,
,457,,,,,,,,,,,,,,,,,-3,,,,,
,279,-22,,,,,,,,7,,,,,,,,6,,,,,
,46,-1,,,,,,,,4,,,,,,,,,,,,,
,-739,4,,,,,,,,-1,,,,,,,,-7,,,,,
,-391,17,,,,,,,,-8,,,,,,,,12,,,,,
,1100,-32,,,,,,,,10,,,,,,,,14,,,,,
,-1080,14,,,,,,,,6,,,,,,,,-12,,,,,
,-44,-2,,,,,,,,-3,,,,,,,,-11,,,,,
,136,-11,,,,,,,,-9,,,,,,,,16,,,,,
,382,14,,,,,,,,3,,,,,,,,,,,,,
,139,-7,,,,,,,,1,,,,,,,,-2,,,,,
,-678,-6,,,,,,,,4,,,,,,,,2,,,,,
,305,-12,,,,,,,,5,,,,,,,,-5,,,,,
,354,-9,,,,,,,,-4,,,,,,,,-15,,,,,
,1626,9,,,,,,,,-4,,,,,,,,,,,,,
,1953,9,,,,,,,,-3,,,,,,,,-4,,,,,
,-2439,1,,,,,,,,-7,,,,,,,,-2,,,,,
,-511,-33,,,,,,,,4,,,,,,,,16,,,,,
,2,4,,,,,,,,-4,,,,,,,,-4,,,,,
,-1135,,,,,,,,,2,,,,,,,,2,,,,,
,-527,2,,,,,,,,9,,,,,,,,-10,,,,,
,666,-1,,,,,,,,6,,,,,,,,4,,,,,
,518,,,,,,,,,7,,,,,,,,1,,,,,
,-391,,,,,,,,,-12,,,,,,,,5,,,,,
,92,-27,,,,,,,,-1,,,,,,,,-7,,,,,
,-803,27,,,,,,,,-24,,,,,,,,,,,,,
,804,-8,,,,,,,,19,,,,,,,,4,,,,,
,1482,8,,,,,,,,13,,,,,,,,,,,,,
,-1736,-47,,,,,,,,-15,,,,,,,,2,,,,,
,746,1,,,,,,,,-8,,,,,,,,-4,,,,,
,-362,44,,,,,,,,8,,,,,,,,,,,,,
,-399,-49,,,,,,,,5,,,,,,,,-5,,,,,
,225,6,,,,,,,,-5,,,,,,,,15,,,,,
,-241,1,,,,,,,,2,,,,,,,,-7,,,,,
,1097,-12,,,,,,,,7,,,,,,,,-6,,,,,
,-498,,,,,,,,,-4,,,,,,,,1,,,,,
,-496,10,,,,,,,,2,,,,,,,,-7,,,,,
,-238,-9,,,,,,,,-6,,,,,,,,11,,,,,
,76,,,,,,,,,2,,,,,,,,7,,,,,
,383,-18,,,,,,,,-5,,,,,,,,6,,,,,
,-974,-2,,,,,,,,-3,,,,,,,,-6,,,,,
,2166,,,,,,,,,4,,,,,,,,-6,,,,,
,-1118,-4,,,,,,,,4,,,,,,,,-2,,,,,
,-657,2,,,,,,,,1,,,,,,,,-1,,,,,
,-85,-11,,,,,,,,-7,,,,,,,,,,,,,
,964,13,,,,,,,,6,,,,,,,,2,,,,,
,-242,-30,,,,,,,,-10,,,,,,,,-5,,,,,
,4,15,,,,,,,,7,,,,,,,,-7,,,,,
,-917,-16,,,,,,,,3,,,,,,,,-6,,,,,
,3132,3,,,,,,,,7,,,,,,,,7,,,,,
,-2253,-8,,,,,,,,3,,,,,,,,-1,,,,,
,-353,-14,,,,,,,,7,,,,,,,,10,,,,,
,327,8,,,,,,,,-12,,,,,,,,2,,,,,
,51,9,,,,,,,,-5,,,,,,,,-4,,,,,
,-604,-14,,,,,,,,2,,,,,,,,-1,,,,,
,-57,14,,,,,,,,-3,,,,,,,,-9,,,,,
,560,-23,,,,,,,,,,,,,,,,7,,,,,
,-396,10,,,,,,,,10,,,,,,,,1,,,,,
,837,-15,,,,,,,,-14,,,,,,,,10,,,,,
,-1081,,,,,,,,,4,,,,,,,,1,,,,,
,201,,,,,,,,,3,,,,,,,,1,,,,,
,376,,,,,,,,,2,,,,,,,,-8,,,,,
,-751,1,,,,,,,,6,,,,,,,,5,,,,,
,495,-4,,,,,,,,-10,,,,,,,,8,,,,,
,449,-15,,,,,,,,5,,,,,,,,2,,,,,
,117,,,,,,,,,-3,,,,,,,,-8,,,,,
,1436,17,,,,,,,,6,,,,,,,,-7,,,,,
,-1669,-17,,,,,,,,-3,,,,,,,,2,,,,,
,-946,2,,,,,,,,5,,,,,,,,,,,,,
,100,-27,,,,,,,,-15,,,,,,,,-1,,,,,
,786,26,,,,,,,,-8,,,,,,,,2,,,,,
,-55,-24,,,,,,,,6,,,,,,,,2,,,,,
,-214,24,,,,,,,,-8,,,,,,,,-7,,,,,
,-354,-41,,,,,,,,-3,,,,,,,,10,,,,,
,372,-5,,,,,,,,12,,,,,,,,-7,,,,,
,410,-1,,,,,,,,1,,,,,,,,-2,,,,,
,-104,5,,,,,,,,12,,,,,,,,11,,,,,
,-519,-4,,,,,,,,-1,,,,,,,,-8,,,,,
,661,-1,,,,,,,,-6,,,,,,,,-2,,,,,
,53,1,,,,,,,,-5,,,,,,,,-5,,,,,
,-235,-1,,,,,,,,17,,,,,,,,8,,,,,
,-27,,,,,,,,,-6,,,,,,,,-11,,,,,
,289,-3,,,,,,,,-5,,,,,,,,-1,,,,,
,-50,-6,,,,,,,,2,,,,,,,,10,,,,,
,-360,-20,,,,,,,,-10,,,,,,,,-4,,,,,
,814,17,,,,,,,,5,,,,,,,,-7,,,,,
,-1204,-18,,,,,,,,2,,,,,,,,18,,,,,
,283,-11,,,,,,,,4,,,,,,,,-11,,,,,
,705,11,,,,,,,,-7,,,,,,,,,,,,,
,403,1,,,,,,,,-2,,,,,,,,3,,,,,
,-625,,,,,,,,,-5,,,,,,,,13,,,,,
,-417,-15,,,,,,,,9,,,,,,,,3,,,,,
,1118,-12,,,,,,,,1,,,,,,,,-3,,,,,
,-1279,25,,,,,,,,10,,,,,,,,-1,,,,,
,-366,-30,,,,,,,,-10,,,,,,,,-5,,,,,
,1147,-1,,,,,,,,-1,,,,,,,,-10,,,,,
,-1049,18,,,,,,,,6,,,,,,,,13,,,,,
,658,-19,,,,,,,,-2,,,,,,,,2,,,,,
,39,-10,,,,,,,,7,,,,,,,,7,,,,,
,-455,11,,,,,,,,-5,,,,,,,,-3,,,,,
,3511,17,,,,,,,,-6,,,,,,,,-13,,,,,
,-1097,-22,,,,,,,,5,,,,,,,,-13,,,,,
,-2092,2,,,,,,,,-2,,,,,,,,9,,,,,
,83,-3,,,,,,,,-8,,,,,,,,9,,,,,
,-175,-11,,,,,,,,,,,,,,,,,,,,,
,-809,-1,,,,,,,,-15,,,,,,,,-11,,,,,
,327,,,,,,,,,20,,,,,,,,-2,,,,,
,650,25,,,,,,,,5,,,,,,,,5,,,,,
,-817,-8,,,,,,,,-8,,,,,,,,3,,,,,
,444,2,,,,,,,,8,,,,,,,,,,,,,
,-285,-12,,,,,,,,3,,,,,,,,7,,,,,
,-259,-18,,,,,,,,2,,,,,,,,-4,,,,,
,169,,,,,,,,,-11,,,,,,,,-12,,,,,
,1204,1,,,,,,,,4,,,,,,,,6,,,,,
,-311,,,,,,,,,3,,,,,,,,2,,,,,
,-300,1,,,,,,,,7,,,,,,,,-2,,,,,
,-193,-1,,,,,,,,-5,,,,,,,,,,,,,
,930,,,,,,,,,-10,,,,,,,,1,,,,,
,401,-1,,,,,,,,4,,,,,,,,4,,,,,
,-1089,1,,,,,,,,-5,,,,,,,,1,,,,,
,764,10,,,,,,,,-4,,,,,,,,1,,,,,
,-826,-43,,,,,,,,5,,,,,,,,1,,,,,
,-515,,,,,,,,,10,,,,,,,,-7,,,,,
,230,27,,,,,,,,-11,,,,,,,,7,,,,,
,77,-27,,,,,,,,-14,,,,,,,,-3,,,,,
,509,,,,,,,,,11,,,,,,,,-14,,,,,
,-798,-7,,,,,,,,12,,,,,,,,7,,,,,
,281,6,,,,,,,,-2,,,,,,,,7,,,,,
,453,1,,,,,,,,-12,,,,,,,,-4,,,,,
,-300,-10,,,,,,,,3,,,,,,,,6,,,,,
,1035,-4,,,,,,,,18,,,,,,,,-13,,,,,
,-1456,-9,,,,,,,,,,,,,,,,1,,,,,
,782,-8,,,,,,,,-12,,,,,,,,5,,,,,
,796,,,,,,,,,-16,,,,,,,,12,,,,,
,835,-10,,,,,,,,-14,,,,,,,,-2,,,,,
,-1844,,,,,,,,,12,,,,,,,,-5,,,,,
,-618,10,,,,,,,,9,,,,,,,,-3,,,,,
,1196,-26,,,,,,,,1,,,,,,,,4,,,,,
,2082,26,,,,,,,,10,,,,,,,,-7,,,,,
,-3646,-32,,,,,,,,,,,,,,,,-1,,,,,
,1123,-3,,,,,,,,7,,,,,,,,7,,,,,
,305,26,,,,,,,,-8,,,,,,,,3,,,,,
,-382,-32,,,,,,,,-2,,,,,,,,-1,,,,,
,1269,10,,,,,,,,-7,,,,,,,,-9,,,,,
,-2030,,,,,,,,,-2,,,,,,,,1,,,,,
,1521,-13,,,,,,,,6,,,,,,,,2,,,,,
,-980,18,,,,,,,,8,,,,,,,,-2,,,,,
,-47,-18,,,,,,,,-18,,,,,,,,-6,,,,,
,-42,-17,,,,,,,,9,,,,,,,,16,,,,,
,741,-4,,,,,,,,-3,,,,,,,,4,,,,,
,580,4,,,,,,,,8,,,,,,,,,,,,,
,-601,7,,,,,,,,10,,,,,,,,-2,,,,,
,-599,-7,,,,,,,,-19,,,,,,,,-8,,,,,
,880,,,,,,,,,4,,,,,,,,-5,,,,,
,-1375,,,,,,,,,-8,,,,,,,,7,,,,,
,1390,4,,,,,,,,12,,,,,,,,-10,,,,,
,-1965,-4,,,,,,,,26,,,,,,,,7,,,,,
,2000,-1,,,,,,,,-28,,,,,,,,5,,,,,
,-1603,-30,,,,,,,,,,,,,,,,6,,,,,
,2334,18,,,,,,,,13,,,,,,,,-8,,,,,
,-2037,-17,,,,,,,,-1,,,,,,,,-5,,,,,
,-19,-10,,,,,,,,-12,,,,,,,,-5,,,,,
,73,10,,,,,,,,-5,,,,,,,,-2,,,,,
,569,-9,,,,,,,,10,,,,,,,,2,,,,,
,-427,-2,,,,,,,,8,,,,,,,,3,,,,,
,-86,11,,,,,,,,-3,,,,,,,,13,,,,,
,97,-1,,,,,,,,-8,,,,,,,,6,,,,,
,2324,-31,,,,,,,,-8,,,,,,,,-2,,,,,
,-2643,3,,,,,,,,2,,,,,,,,2,,,,,
,52,-3,,,,,,,,-3,,,,,,,,-9,,,,,
,1437,,,,,,,,,9,,,,,,,,-13,,,,,
,-716,-13,,,,,,,,-1,,,,,,,,4,,,,,
,-662,,,,,,,,,,,,,,,,,6,,,,,
,-14,17,,,,,,,,7,,,,,,,,-14,,,,,
,305,-4,,,,,,,,,,,,,,,,2,,,,,
,-114,-10,,,,,,,,9,,,,,,,,12,,,,,
,129,-18,,,,,,,,-4,,,,,,,,-4,,,,,
,-325,18,,,,,,,,-11,,,,,,,,-6,,,,,
,369,-21,,,,,,,,-4,,,,,,,,4,,,,,
,25,,,,,,,,,-8,,,,,,,,-2,,,,,
,118,-10,,,,,,,,10,,,,,,,,6,,,,,
,95,-3,,,,,,,,-2,,,,,,,,-3,,,,,
,-601,3,,,,,,,,-4,,,,,,,,-7,,,,,
,699,10,,,,,,,,15,,,,,,,,12,,,,,
,800,1,,,,,,,,-1,,,,,,,,-6,,,,,
,-1084,-1,,,,,,,,1,,,,,,,,4,,,,,
,-526,-30,,,,,,,,6,,,,,,,,5,,,,,
,58,-5,,,,,,,,-17,,,,,,,,-2,,,,,
,1209,25,,,,,,,,4,,,,,,,,-8,,,,,
,-1512,-31,,,,,,,,-1,,,,,,,,13,,,,,
,1228,11,,,,,,,,1,,,,,,,,1,,,,,
,-921,,,,,,,,,5,,,,,,,,-10,,,,,
,1650,-13,,,,,,,,-8,,,,,,,,,,,,,
,-1356,17,,,,,,,,4,,,,,,,,,,,,,
,-5,-14,,,,,,,,-10,,,,,,,,7,,,,,
,81,8,,,,,,,,8,,,,,,,,-6,,,,,
,140,-30,,,,,,,,17,,,,,,,,-5,,,,,
,781,1,,,,,,,,-16,,,,,,,,5,,,,,
,-970,21,,,,,,,,-14,,,,,,,,-6,,,,,
,406,-29,,,,,,,,10,,,,,,,,2,,,,,
,-865,-3,,,,,,,,2,,,,,,,,6,,,,,
,401,14,,,,,,,,7,,,,,,,,,,,,,
,-62,2,,,,,,,,-10,,,,,,,,7,,,,,
,6972,-15,,,,,,,,-14,,,,,,,,-3,,,,,
,-3331,10,,,,,,,,9,,,,,,,,-1,,,,,
,-2952,-54,,,,,,,,11,,,,,,,,-4,,,,,
,-650,43,,,,,,,,18,,,,,,,,-2,,,,,
,-557,2,,,,,,,,-8,,,,,,,,-2,,,,,
,-35,-16,,,,,,,,-10,,,,,,,,-6,,,,,
,82,-27,,,,,,,,-3,,,,,,,,8,,,,,
,832,,,,,,,,,8,,,,,,,,-2,,,,,
,-1372,-11,,,,,,,,-7,,,,,,,,-7,,,,,
,804,11,,,,,,,,1,,,,,,,,13,,,,,
,1116,-13,,,,,,,,-6,,,,,,,,-4,,,,,
,-929,-19,,,,,,,,1,,,,,,,,8,,,,,
,-140,-2,,,,,,,,15,,,,,,,,-13,,,,,
,164,2,,,,,,,,-14,,,,,,,,4,,,,,
,-25,19,,,,,,,,-5,,,,,,,,-2,,,,,
,-195,-31,,,,,,,,10,,,,,,,,-6,,,,,
,-284,1,,,,,,,,-1,,,,,,,,5,,,,,
,2051,,,,,,,,,16,,,,,,,,-8,,,,,
,367,-1,,,,,,,,-1,,,,,,,,17,,,,,
,-2782,,,,,,,,,-8,,,,,,,,6,,,,,
,1200,-18,,,,,,,,-6,,,,,,,,,,,,,
,-872,20,,,,,,,,7,,,,,,,,-13,,,,,
,1300,-24,,,,,,,,5,,,,,,,,-13,,,,,
,-1359,18,,,,,,,,-6,,,,,,,,8,,,,,
,356,-26,,,,,,,,-4,,,,,,,,5,,,,,
,53,11,,,,,,,,-2,,,,,,,,3,,,,,
,-41,,,,,,,,,-14,,,,,,,,10,,,,,
,-47,-11,,,,,,,,9,,,,,,,,5,,,,,
,-105,12,,,,,,,,17,,,,,,,,-17,,,,,
,359,-11,,,,,,,,-12,,,,,,,,-7,,,,,
,-160,,,,,,,,,-11,,,,,,,,15,,,,,
,676,-3,,,,,,,,12,,,,,,,,11,,,,,
,-1677,1,,,,,,,,9,,,,,,,,-17,,,,,
,-293,-17,,,,,,,,-13,,,,,,,,-2,,,,,
,-355,-3,,,,,,,,,,,,,,,,-4,,,,,
,66,-8,,,,,,,,-3,,,,,,,,4,,,,,
,150,10,,,,,,,,4,,,,,,,,-4,,,,,
,-61,-11,,,,,,,,-7,,,,,,,,11,,,,,
,11,11,,,,,,,,1,,,,,,,,-11,,,,,
,187,-11,,,,,,,,3,,,,,,,,5,,,,,
,-132,,,,,,,,,10,,,,,,,,6,,,,,
,-170,1,,,,,,,,-3,,,,,,,,-3,,,,,
,148,-21,,,,,,,,9,,,,,,,,-9,,,,,
,552,1,,,,,,,,8,,,,,,,,-1,,,,,
,-605,-13,,,,,,,,-24,,,,,,,,15,,,,,
,-102,,,,,,,,,1,,,,,,,,-2,,,,,
,34,12,,,,,,,,-3,,,,,,,,4,,,,,
