Packet Number (n), App Timestamp (us),Sensor Timestamp (us),Fp1 (uV),Fp2 (uV),F3 (uV),Fz (uV),F4 (uV),T3 (uV),C3 (uV),Cz (uV),C4 (uV),T4 (uV),P3 (uV),Pz (uV),P4 (uV),O1 (uV),O2 (uV),Ref,AccX (mg),AccY (mg),AccZ (mg),Event A, Event B
1945,8196740,61025379,187485.36645,187485.36645,187485.36645,187485.36645,187485.36645,187485.36645,187485.36645,187485.36645,187485.36645,174518.7234,187485.36645,187485.36645,187485.36645,187485.36645,187485.36645,-741.2154,-195,88,1042,0,0
,-2002,,,,,,,,,,,-648,,,,,,-18,-16,-21,-4,,
,-85,-1,,,,,,,,,,965,,,,,,-22,-5,17,23,,
,-122,1,,,,,,,,,,1787,,,,,,12,5,-17,4,,
,2579,-1,,,,,,,,,,-486,,,,,,37,8,3,-28,,
,-935,-6,,,,,,,,,,-1622,,,,,,-16,1,12,16,,
,-112,9,,,,,,,,,,-616,,,,,,-14,-14,-8,6,,
,3,-1,,,,,,,,,,888,,,,,,-32,2,,-4,,
,-917,-8,,,,,,,,,,1871,,,,,,2,9,-8,-8,,
,211,-19,,,,,,,,,,-467,,,,,,37,4,-6,10,,
,156,-29,,,,,,,,,,-1553,,,,,,4,-22,8,-6,,
,-451,37,,,,,,,,,,-675,,,,,,-5,35,19,-17,,
,-232,-49,,,,,,,,,,871,,,,,,-29,-17,-18,25,,
,-37,-3,,,,,,,,,,1774,,,,,,7,-13,15,-11,,
,-528,1,,,,,,,,,,-371,,,,,,40,2,-17,-1,,
,146,1,,,,,,,,,,-1701,,,,,,-5,13,21,-10,,
,-37,-12,,,,,,,,,,-671,,,,,,-24,-18,-4,6,,
,226,9,,,,,,,,,,626,,,,,,-21,9,-18,3,,
,-26,1,,,,,,,,,,1664,,,,,,40,-10,6,-10,,
,544,-32,,,,,,,,,,-377,,,,,,24,20,25,-21,,
,-757,1,,,,,,,,,,-1587,,,,,,-29,-7,-25,24,,
,838,6,,,,,,,,,,-529,,,,,,2,1,15,13,,
,-679,-5,,,,,,,,,,866,,,,,,-11,-10,3,-22,,
,-179,,,,,,,,,,,1866,,,,,,-2,9,-8,13,,
,-39,-3,,,,,,,,,,-299,,,,,,17,9,-3,-2,,
,1018,4,,,,,,,,,,-1887,,,,,,9,-15,11,5,,
,113142,-27,,,,,,,,,,-371,,,,,,14,-3,-26,10,,
,-3084,-5,,,,,,,,,,1312,,,,,,-29,-3,20,-11,,
,-3596,-1,,,,,,,,,,1547,,,,,,-16,5,-3,1,,
,-3480,-14,,,,,,,,,,-747,,,,,,2,-8,2,-13,,
,-3646,-5,,,,,,,,,,-1651,,,,,,7,14,-23,9,,
,-3308,17,,,,,,,,,,-493,,,,,,-24,2,8,19,,
,-3722,-14,,,,,,,,,,1084,,,,,,-35,17,-6,-20,,
,-3592,2,,,,,,,,,,1748,,,,,,35,-26,17,-7,,
,-3769,2,,,,,,,,,,-667,,,,,,48,-5,-1,11,,
,-3394,-1,,,,,,,,,,-1714,,,,,,15,-2,-1,4,,
,-3502,1,,,,,,,,,,-483,,,,,,-22,32,3,-21,,
,-3242,-19,,,,,,,,,,1008,,,,,,-20,-6,-5,23,,
,-3745,7,,,,,,,,,,1754,,,,,,44,-15,11,12,,
,-3569,,,,,,,,,,,-498,,,,,,21,11,-5,-18,,
,-3396,-38,,,,,,,,,,-1776,,,,,,-23,-23,6,-1,,
,-3592,31,,,,,,,,,,-705,,,,,,-17,-2,-7,7,,
12,-3755,47935,,,,,,,,,,2122,,,,,,49,17,9,-8,,
,-3580,-23,,,,,,,,,,-1515,,,,,,-36,3,-11,-10,,
,-3519,-33,,,,,,,,,,-302,,,,,,-23,-3,-9,8,,
,-1676,31,,,,,,,,,,1036,,,,,,-26,5,4,1,,
,1492,-31,,,,,,,,,,1457,,,,,,3,-14,22,-2,,
,-2054,-4,,,,,,,,,,-890,,,,,,30,8,-18,5,,
,-295,7,,,,,,,,,,-1676,,,,-520,,-24,-12,-7,-4,,
,978,-7,,,,,,,,,,-318,,,,-229,,-19,17,5,28,,
,-1106,,,,,,,,,,,1200,,,,658,,-12,-5,3,-15,,
,177,-29,,,,,,,,,,1476,,,,91,,22,-1,-7,1,,
,1618,2,,,,,,,,,,-813,,,,,,40,-17,15,-14,,
,-2199,-14,,,,,,,,,,-1602,,,,-1029,,,24,-8,13,,
,1216,13,,,,,,,,,,-475,,,,-390,,-10,-3,,6,,
,92,-13,,,,,,,,,,1314,,,,766,,-42,-15,14,-5,,
,-704,-18,,,,,,,,,,1608,,,,653,,33,2,-25,-23,,
,653,19,,,,,,,,,,-1002,,,,-581,,56,26,11,25,,
,-235,-33,,,,,,,,,,-1653,,,,-1104,,-38,-22,-4,7,,
,-505,,,,,,,,,,,-254,,,,-178,,-6,7,-6,-28,,
,-448,19,,,,,,,,,,1094,,,,538,,-8,22,5,5,,
,1801,-19,,,,,,,,,,1703,,,,954,,8,-42,,-1,,
,-1269,,,,,,,,,,,-869,,,,-631,,27,13,17,8,,
,228,-18,,,,,,,,,,-1703,,,,-1161,,-13,2,-25,-5,,
,712,-14,,,,,,,,,,-411,,,,-344,,-27,28,21,-1,,
,-516,,,,,,,,,,,1410,,,,839,,-22,-24,6,10,,
,-920,18,,,,,,,,,,1661,,,,920,,37,6,-8,2,,
,268,-17,,,,,,,,,,-1045,,,,-790,,25,-4,11,-15,,
,776,-17,,,,,,,,,,-1633,,,,-1092,,-3,-13,-16,22,,
,77776,,,,,,,,,,,-140,,,,-78,,-45,3,-4,-16,,
,-3579,-9,,,,,,,,,,1545,,,,964,,-53,14,13,1,,
,-2980,-4,,,,,,,,,,1655,,,,924,,38,-3,-14,-2,,
,-3743,,,,,,,,,,,-934,,,,-671,,73,7,6,2,,
,-3156,,,,,,,,,,,-1693,,,,-1165,,-5,-15,-5,-18,,
,-3804,,,,,,,,,,,-486,,,,-430,,-10,2,-5,10,,
,-3731,-18,,,,,,,,,,1343,,,,755,,-2,-3,,7,,
,-3760,-13,,,,,,,,,,1551,,,,826,,17,27,2,7,,
,-3784,9,,,,,,,,,,-901,,,,-623,,45,-33,15,-9,,
,-3867,-10,,,,,,,,,,-1445,,,,-911,,-20,10,-21,2,,
,-3771,,,,,,,,,,,-410,,,,-370,,-30,7,6,8,,
,-3841,1,,,,,,,,,,1121,,,,530,,-35,,-3,9,,
,-3675,-31,,,,,,,,,,1687,,,,975,,22,-2,6,-5,,
,-3856,1,,,,,,,,,,-1141,,,,-859,,29,8,11,-16,,
,-3607,-1,,,,,,,,,,-1662,,,,-1128,,17,-17,-17,2,,
,-3803,1,,,,,,,,,,-167,,,,-132,,-12,-5,19,-4,,
4,-3727,15944,,,,,,,,,,-2,,,,-465,,-46,11,-20,14,,
,-3844,-13,,,,,,,,,,1532,,,,920,,-27,15,24,14,,
,-200,-4,,,,,,,,,,1722,,,,1019,,37,-16,-37,-6,,
,47,,,,,,,,,,,-1118,,,,-807,,15,22,14,-4,,
,255,-13,,,,,,,,,,-1664,,,,-1143,,-33,-37,19,-10,,
,-65,16,,,,,,,,,,-326,,,,-300,,-12,17,-18,,,
,483,-14,,,,,,,,,,1296,,,,673,,-8,,13,-9,,
,-587,-3,,,,,,,,,,1399,,,,713,,33,-19,-19,11,,
,-85,-18,,,,,,,,,,-1232,,,,-913,,5,8,10,11,,
,235,-14,,,,,,,,,,-1485,,,,-975,,-12,,3,-2,,
,784,15,,,,,,,,,,-80,,,,-60,,-18,18,-8,-20,,
,-501,-28,,,,,,,,,,1371,,,,747,,-20,2,3,17,,
,865,,,,,,,,,,,1312,,,,626,,18,-16,2,13,,
,-443,,,,,,,,,,,-1197,,,,-865,,30,25,10,-29,,
,-1066,-1,,,,,,,,,,-1656,,,,-1153,,-5,-17,-1,14,,
,501,-14,,,,,,,,,,-158,,,,-146,,-22,4,-4,-18,,
,714,16,,,,,,,,,,1681,,,,1044,,-21,-20,2,32,,
,-1005,-16,,,,,,,,,,1462,,,,792,,25,-5,9,-18,,
,250,-16,,,,,,,,,,-1285,,,,-938,,-4,32,-18,,,
,-591,-1,,,,,,,,,,-1504,,,,-1005,,20,-11,1,3,,
,128,-17,,,,,,,,,,-138,,,,-130,,-27,-13,1,5,,
,593,3,,,,,,,,,,1562,,,,913,,-36,-2,-2,-6,,
,370,,,,,,,,,,,1505,,,,844,,21,-5,19,1,,
,-231,,,,,,,,,,,-1158,,,,-800,,12,28,-27,-16,,
,-1079,-1,,,,,,,,,,-1594,,,,-1094,,-1,-4,19,9,,
,392,-29,,,,,,,,,,-23,,,,-27,,-17,6,-11,-5,,
,1072,-1,,,,,,,,,,1445,,,,790,,12,-10,1,5,,
,-534,12,,,,,,,,,,1340,,,,688,,48,2,-2,-7,,
,-169,-11,,,,,,,,,,-1258,,,,-894,,9,-17,5,12,,
,-198,-1,,,,,,,,,,-1409,,,,-916,,-12,9,20,-14,,
,-123,,,,,,,,,,,-58,,,,-68,,-16,9,-21,35,,
,311,4,,,,,,,,,,1412,,,,751,,-12,-21,-5,-22,,
,503,-35,,,,,,,,,,1455,,,,814,,1,5,-11,7,,
,-572,16,,,,,,,,,,-1327,,,,-948,,23,16,24,1,,
,-327,-33,,,,,,,,,,-1475,,,,-991,,-6,-4,-12,-8,,
,64,3,,,,,,,,,,-61,,,,-86,,-45,-19,2,-11,,
,154,14,,,,,,,,,,1323,,,,648,,-4,-4,-3,1,,
,343,-33,,,,,,,,,,1200,,,,576,,44,11,2,4,,
,-226,15,,,,,,,,,,-1320,,,,-928,,37,-2,-9,13,,
,-263,2,,,,,,,,,,-1166,,,,-686,,-6,4,4,-18,,
,648,-15,,,,,,,,,,-346,,,,-372,,-39,14,24,18,,
,-181,-16,,,,,,,,,,1466,,,,790,,-29,-21,-23,-13,,
,-110,1,,,,,,,,,,1412,,,,792,,-7,29,12,9,,
,-539,-3,,,,,,,,,,-1320,,,,-923,,49,-10,-5,4,,
,215,-13,,,,,,,,,,-1480,,,,-1004,,11,-1,-17,-17,,
,-312,-16,,,,,,,,,,-83,,,,-115,,-37,2,20,16,,
,869,-4,,,,,,,,,,1648,,,,954,,-36,-16,-6,11,,
,-205,21,,,,,,,,,,1227,,,,615,,29,37,2,-28,,
,-488,-31,,,,,,,,,,-1287,,,,-870,,62,-31,-1,18,,
,124,,,,,,,,,,,-1338,,,,-865,,-14,-16,3,-4,,
,-152,13,,,,,,,,,,-31,,,,-81,,-20,2,1,,,
,466,-18,,,,,,,,,,1477,,,,782,,-15,35,,-8,,
,359,-2,,,,,,,,,,1251,,,,656,,39,-16,,-3,,
,-743,-19,,,,,,,,,,-1531,,,,-1107,,22,7,5,11,,
,-501,24,,,,,,,,,,-1386,,,,-923,,-20,-16,,7,,
,935,-33,,,,,,,,,,-82,,,,-133,,-8,1,-7,-4,,
,-498,29,,,,,,,,,,1542,,,,843,,-32,9,-1,2,,
,278,-30,,,,,,,,,,1228,,,,638,,5,12,-6,-9,,
,203,2,,,,,,,,,,-1228,,,,-800,,-10,-15,2,-14,,
,161,-2,,,,,,,,,,-1283,,,,-827,,-10,-2,11,16,,
,-130,2,,,,,,,,,,-102,,,,-161,,-1,-2,-10,-9,,
,-547,,,,,,,,,,,1700,,,,998,,-21,4,-9,-11,,
,218,-30,,,,,,,,,,1138,,,,558,,17,-6,22,19,,
,-469,-7,,,,,,,,,,-1536,,,,-1098,,34,7,-11,-1,,
,2556,-9,,,,,,,,,,-1354,,,,-898,,-29,-5,-6,8,,
,-2292,9,,,,,,,,,,26,,,,-39,,-13,2,10,-4,,
,371,-11,,,,,,,,,,1489,,,,766,,-28,20,10,-9,,
,-370,-20,,,,,,,,,,1177,,,,614,,23,-13,-16,10,,
,-19,2,,,,,,,,,,-1610,,,,-1163,,19,15,,16,,
,950,-2,,,,,,,,,,-1352,,,,-904,,3,-10,12,-9,,
,-1283,6,,,,,,,,,,-38,,,,-110,,-23,-5,-14,-20,,
,-111,-3,,,,,,,,,,1710,,,,986,,-13,6,20,10,,
,-98,-33,,,,,,,,,,1097,,,,550,,34,-33,-15,-7,,
,88,22,,,,,,,,,,-1366,,,,-913,,22,33,10,6,,
,308,-34,,,,,,,,,,-1185,,,,-749,,5,-8,-6,-2,,
,-287,16,,,,,,,,,,56,,,,-20,,-14,1,-12,5,,
,111,1,,,,,,,,,,1486,,,,757,,-29,-11,-4,4,,
,-266,-15,,,,,,,,,,1149,,,,611,,11,2,14,-4,,
,1214,-10,,,,,,,,,,-1499,,,,-1038,,35,9,-1,3,,
,-553,-10,,,,,,,,,,-1260,,,,-822,,-25,-19,-10,-11,,
,-584,-2,,,,,,,,,,60,,,,-28,,-11,8,-11,2,,
,351,-5,,,,,,,,,,1494,,,,758,,-9,35,32,-6,,
,15,8,,,,,,,,,,1005,,,,476,,48,-28,-26,11,,
,2240,-24,,,,,,,,,,-1537,,,,-1064,,26,-3,24,4,,
,-1934,6,,,,,,,,,,-1423,,,,-997,,-16,13,-15,-10,,
,375,-6,,,,,,,,,,353,,,,260,,-38,,8,10,,
,-364,,,,,,,,,,,1720,,,,977,,-40,5,1,-7,,
,-251,,,,,,,,,,,977,,,,467,,4,-23,7,1,,
,239,,,,,,,,,,,-1570,,,,-1092,,24,-9,-15,2,,
,331,-27,,,,,,,,,,-1162,,,,-741,,1,29,20,-22,,
,114144,8,,,,,,,,,,64,,,,-44,,-14,1,-19,28,,
,-3501,1,,,,,,,,,,1718,,,,967,,5,2,-6,-2,,
,-3448,-1,,,,,,,,,,905,,,,409,,47,,-6,7,,
,-3718,-31,,,,,,,,,,-1514,,,,-1026,,18,-33,14,-4,,
,-3594,,,,,,,,,,,-1051,,,,-633,,-28,22,5,-22,,
,-3790,,,,,,,,,,,198,,,,83,,10,-13,-9,22,,
,-2721,1,,,,,,,,,,1786,,,,1028,,-36,-1,-9,-8,,
,-3825,-35,,,,,,,,,,846,,,,362,,1,8,16,-1,,
,-3661,3,,,,,,,,,,-1564,,,,-1073,,2,-5,-2,-7,,
,-3788,,,,,,,,,,,-1232,,,,-815,,-23,16,12,2,,
,-3772,-1,,,,,,,,,,80,,,,-49,,-36,5,3,4,,
,-3312,1,,,,,,,,,,1588,,,,830,,-9,-7,-12,-2,,
,-3725,-32,,,,,,,,,,1029,,,,554,,61,-8,-17,-3,,
,-3421,13,,,,,,,,,,-1510,,,,-1014,,47,9,9,21,,
,-3737,-2,,,,,,,,,,-1345,,,,-938,,-6,13,11,-4,,
,-3481,-11,,,,,,,,,,143,,,,18,,-46,-26,-23,-15,,
12,-3774,47956,,,,,,,,,,1125,,,,-486,,33,7,26,2,,
,-3536,18,,,,,,,,,,-1121,,,,-736,,10,-3,-4,1,,
,-3780,-11,,,,,,,,,,432,,,,277,,-23,13,-8,2,,
,-2336,-44,,,,,,,,,,1819,,,,1034,,-29,-21,7,-27,,
,61,,,,,,,,,,,607,,,,189,,30,25,-8,17,,
,6,3,,,,,,,,,,-1720,,,,-1194,,7,-24,9,-6,,
,114,-3,,,,,,,,,,-1360,,,,-979,,-23,17,-17,17,,
,470,,,,,,,,,,,252,,,,90,,-34,-9,11,-5,,
,-512,,,,,,,,,,,1968,,,,1176,,-11,-8,2,5,,
,68,-33,,,,,,,,,,845,,,,440,,54,-11,-17,2,,
,37,4,,,,,,,,,,-1730,,,,-1201,,3,11,27,-5,,
,1808,-3,,,,,,,,,,-1300,,,,-926,,-25,4,-2,5,,
,-2087,-6,,,,,,,,,,458,,,,286,,-14,28,-15,-7,,
,416,-5,,,,,,,,,,1935,,,,1137,,-2,-12,13,7,,
,398,,,,,,,,,,,565,,,,177,,39,-17,-6,-8,,
,324,-22,,,,,,,,,,-1747,,,,-1210,,13,6,2,-8,,
,2047,22,,,,,,,,,,-1281,,,,-912,,4,16,10,8,,
,-2525,-34,,,,,,,,,,347,,,,170,,-11,-18,-15,-1,,
,-134,5,,,,,,,,,,1785,,,,988,,-14,20,22,-6,,
,353,13,,,,,,,,,,719,,,,347,,46,-14,-21,27,,
,2632,-5,,,,,,,,,,-1695,,,,-1154,,8,8,-7,-11,,
,-3356,-35,,,,,,,,,,-993,,,,-636,,-30,-2,-1,-6,,
,-626,22,,,,,,,,,,292,,,,105,,-40,,10,-8,,
,394,-30,,,,,,,,,,1687,,,,886,,-11,-23,-2,19,,
,89,17,,,,,,,,,,522,,,,158,,56,19,-5,-12,,
,-396,-17,,,,,,,,,,-1630,,,,-1080,,12,-18,-4,2,,
,403,,,,,,,,,,,-1136,,,,-786,,-18,15,21,11,,
,89272,-16,,,,,,,,,,250,,,,50,,-16,-5,-19,-16,,
,-3567,-12,,,,,,,,,,1979,,,,1175,,-17,17,26,6,,
,-3215,1,,,,,,,,,,390,,,,44,,31,-10,,9,,
,-3661,14,,,,,,,,,,-1742,,,,-1185,,17,-17,-10,-10,,
,-3514,-30,,,,,,,,,,-888,,,,-543,,-20,-5,-6,-3,,
,-3778,15,,,,,,,,,,595,,,,389,,-27,29,-2,14,,
,-3571,-17,,,,,,,,,,1630,,,,822,,-25,4,-11,-4,,
,-3795,-15,,,,,,,,,,567,,,,234,,33,-7,9,-6,,
,-3404,,,,,,,,,,,-1752,,,,-1196,,-3,-8,11,-10,,
,-3701,,,,,,,,,,,-897,,,,-556,,-13,-24,-15,10,,
,-3424,4,,,,,,,,,,340,,,,127,,29,11,-2,9,,
,-3739,-22,,,,,,,,,,2009,,,,1192,,-3,-10,3,7,,
,-3585,,,,,,,,,,,601,,,,282,,23,14,4,-30,,
,-1843,4,,,,,,,,,,-1821,,,,-1258,,8,8,17,8,,
,-3374,-17,,,,,,,,,,-989,,,,-652,,-19,-11,-26,4,,
,-3758,,,,,,,,,,,315,,,,94,,-15,14,12,11,,
6,-3463,23971,,,,,,,,,,2138,,,,560,,-8,11,3,-13,,
,-3750,17,,,,,,,,,,-1802,,,,-1238,,20,-12,,-4,,
,-3624,-27,,,,,,,,,,-927,,,,-606,,-6,5,-16,5,,
,-844,,,,,,,,,,,428,,,,189,,-26,17,16,-20,,
,-1576,-10,,,,,,,,,,1902,,,,1078,,-5,-20,3,10,,
,365,-12,,,,,,,,,,463,,,,190,,24,-25,-14,10,,
,-140,-17,,,,,,,,,,-1664,,,,-1090,,31,18,1,2,,
,745,,,,,,,,,,,-1027,,,,-713,,-20,-8,-6,-10,,
,-423,,,,,,,,,,,319,,,,68,,-38,16,-4,1,,
,2,3,,,,,,,,,,1832,,,,1008,,-4,-17,9,-1,,
,-662,-15,,,,,,,,,,369,,,,112,,40,-13,,-2,,
,198,-44,,,,,,,,,,-1644,,,,-1071,,30,27,6,2,,
,-167,4,,,,,,,,,,-963,,,,-651,,-16,4,-3,8,,
,622,-4,,,,,,,,,,579,,,,320,,-30,-1,9,11,,
,-735,-12,,,,,,,,,,1742,,,,911,,-15,15,3,-14,,
,135,11,,,,,,,,,,445,,,,199,,27,-33,-21,1,,
,-235,2,,,,,,,,,,-1660,,,,-1076,,-2,22,6,-10,,
,332,-31,,,,,,,,,,-1286,,,,-990,,-21,-13,17,15,,
,10,4,,,,,,,,,,535,,,,264,,-18,19,-6,1,,
,124,-3,,,,,,,,,,1906,,,,1080,,3,6,7,-20,,
,-186,-1,,,,,,,,,,337,,,,112,,45,-22,-18,10,,
,-103,-11,,,,,,,,,,-1644,,,,-1069,,2,-1,6,4,,
,864,-20,,,,,,,,,,-908,,,,-611,,-19,-2,-5,,,
,-594,17,,,,,,,,,,674,,,,395,,3,6,14,3,,
,-208,-13,,,,,,,,,,2002,,,,1168,,-8,8,-19,2,,
,-612,,,,,,,,,,,118,,,,-94,,3,-9,8,4,,
,-103,-4,,,,,,,,,,-1910,,,,-1329,,18,-4,6,-12,,
,1659,-12,,,,,,,,,,-972,,,,-688,,3,-5,-16,7,,
,-1529,-21,,,,,,,,,,448,,,,163,,-63,8,18,11,,
,129,5,,,,,,,,,,1799,,,,970,,-15,10,3,-21,,
,-209,-15,,,,,,,,,,342,,,,145,,49,-1,-4,-5,,
,795,12,,,,,,,,,,-1694,,,,-1112,,9,-15,-21,6,,
,-978,-13,,,,,,,,,,-938,,,,-658,,27,6,30,-7,,
,806,-16,,,,,,,,,,483,,,,189,,-18,1,-9,14,,
,-447,16,,,,,,,,,,1717,,,,882,,-13,-2,-16,11,,
,400,,,,,,,,,,,198,,,,17,,26,11,23,-15,,
,-526,-14,,,,,,,,,,-1758,,,,-1173,,23,-20,-8,4,,
,367,,,,,,,,,,,-960,,,,-681,,-25,-8,-2,4,,
,-127,-16,,,,,,,,,,643,,,,341,,-26,22,10,4,,
,972,-12,,,,,,,,,,2020,,,,1179,,1,1,-10,-21,,
,-754,14,,,,,,,,,,242,,,,71,,15,-12,,23,,
,-680,-19,,,,,,,,,,-1789,,,,-1199,,37,14,5,5,,
,778,1,,,,,,,,,,-1094,,,,-825,,-19,-1,6,-17,,
,-367,-15,,,,,,,,,,442,,,,133,,-48,-9,-15,7,,
,469,,,,,,,,,,,1839,,,,1005,,-15,-5,-17,-2,,
,-850,-14,,,,,,,,,,311,,,,158,,24,1,18,-4,,
,702,-2,,,,,,,,,,-1851,,,,-1260,,10,-2,11,11,,
,-856,-1,,,,,,,,,,-1007,,,,-752,,-5,5,-5,7,,
,981,-14,,,,,,,,,,597,,,,276,,-47,10,-1,-25,,
,-893,,,,,,,,,,,1808,,,,970,,8,-15,8,13,,
,412,,,,,,,,,,,-8,,,,-144,,47,14,-3,14,,
,-501,1,,,,,,,,,,-1552,,,,-959,,13,-5,-10,1,,
,601,-32,,,,,,,,,,-752,,,,-503,,-21,5,2,-4,,
,-62,16,,,,,,,,,,491,,,,162,,-7,-13,-2,-16,,
,65,1,,,,,,,,,,2006,,,,1168,,15,18,9,11,,
,93,-4,,,,,,,,,,167,,,,37,,42,-19,-6,2,,
,-854,-13,,,,,,,,,,-1774,,,,-1184,,-17,13,18,-11,,
,86,1,,,,,,,,,,-858,,,,-608,,-17,4,-4,-14,,
,2172,-19,,,,,,,,,,722,,,,385,,-13,-5,-15,5,,
,-1450,1,,,,,,,,,,1960,,,,1125,,-10,7,,-7,,
,435,-15,,,,,,,,,,-139,,,,-246,,7,-2,6,,,
,-269,-16,,,,,,,,,,-1680,,,,-1088,,-5,-19,-10,23,,
,-931,2,,,,,,,,,,-817,,,,-578,,25,11,8,-9,,
,979,-18,,,,,,,,,,709,,,,359,,-25,-6,,-3,,
,-1013,3,,,,,,,,,,2111,,,,1276,,-9,14,-4,-2,,
,1428,10,,,,,,,,,,-82,,,,-183,,52,-11,,8,,
,-1301,-10,,,,,,,,,,-2029,,,,-1434,,8,23,5,-10,,
,563,-17,,,,,,,,,,-751,,,,-510,,-31,-22,-11,17,,
,320,18,,,,,,,,,,802,,,,442,,-32,1,-6,-22,,
,-600,-3,,,,,,,,,,1865,,,,1031,,-7,12,8,,,
,1572,-11,,,,,,,,,,-96,,,,-175,,67,5,15,8,,
,-1828,14,,,,,,,,,,-1692,,,,-1104,,24,-20,-24,5,,
,104,-37,,,,,,,,,,-711,,,,-485,,-26,-13,23,,,
,272,3,,,,,,,,,,687,,,,326,,-41,13,-14,14,,
,814,-1,,,,,,,,,,1655,,,,815,,7,13,19,-29,,
,-219,-30,,,,,,,,,,-112,,,,-174,,61,-6,-15,11,,
,866,-6,,,,,,,,,,-1846,,,,-1247,,1,-1,-14,14,,
,-1306,36,,,,,,,,,,-959,,,,-740,,-54,3,11,-11,,
,-85,-35,,,,,,,,,,862,,,,485,,-53,-9,16,-2,,
,-5,-12,,,,,,,,,,2028,,,,1194,,36,1,-16,-6,,
,-431,10,,,,,,,,,,-113,,,,-163,,38,-18,11,15,,
,796,-27,,,,,,,,,,-1670,,,,-1081,,4,19,-13,5,,
,-417,-4,,,,,,,,,,-1000,,,,-788,,-27,13,13,-3,,
,-531,7,,,,,,,,,,809,,,,428,,-31,-16,-2,-2,,
,708,-1,,,,,,,,,,2081,,,,1245,,-7,-14,-10,-20,,
,-657,-5,,,,,,,,,,-57,,,,-88,,36,23,-4,17,,
,368,1,,,,,,,,,,-1777,,,,-1183,,-1,8,-4,-2,,
,1613,-27,,,,,,,,,,-777,,,,-575,,-4,-12,27,-6,,
,5217,2,,,,,,,,,,809,,,,419,,-30,22,-10,,,
,-3632,-17,,,,,,,,,,1935,,,,1102,,18,-14,-3,15,,
,-1467,22,,,,,,,,,,-269,,,,-290,,6,-8,5,-5,,
,-1853,-21,,,,,,,,,,-1737,,,,-1145,,-31,-11,-11,-2,,
,905,-1,,,,,,,,,,-413,,,,-215,,-2,5,1,,,
,-1307,-22,,,,,,,,,,794,,,,400,,19,1,4,5,,
,-93,2,,,,,,,,,,1650,,,,820,,-1,2,7,-2,,
,664,-12,,,,,,,,,,-441,,,,-448,,26,8,-12,-11,,
,-323,2,,,,,,,,,,-1697,,,,-1107,,9,-7,7,7,,
,-130,7,,,,,,,,,,-721,,,,-532,,-4,-4,4,,,
,202,2,,,,,,,,,,759,,,,346,,-20,21,-12,-6,,
,386,-23,,,,,,,,,,1823,,,,1000,,-1,-16,9,14,,
,-622,-6,,,,,,,,,,-255,,,,-246,,46,-3,7,-10,,
,75,,,,,,,,,,,-1777,,,,-1189,,-3,4,-18,4,,
,-125,7,,,,,,,,,,-558,,,,-368,,4,-14,,-3,,
,129,-7,,,,,,,,,,984,,,,562,,-29,18,6,-7,,
,165,-20,,,,,,,,,,1895,,,,1072,,48,-5,-1,4,,
,997,,,,,,,,,,,-427,,,,-403,,10,15,-5,9,,
,-1065,2,,,,,,,,,,-1780,,,,-1191,,-3,-1,19,1,,
,218,-21,,,,,,,,,,-727,,,,-550,,-38,-10,-9,-3,,
,34507,-7,,,,,,,,,,735,,,,306,,-45,3,8,1,,
,-3577,-15,,,,,,,,,,1951,,,,1127,,-15,9,-13,-6,,
,-3609,3,,,,,,,,,,-426,,,,-384,,38,-3,13,6,,
,-3740,16,,,,,,,,,,-1741,,,,-1148,,7,-18,-4,-3,,
,-3850,-35,,,,,,,,,,-639,,,,-466,,-17,9,4,-13,,
,-3862,2,,,,,,,,,,889,,,,447,,-14,-20,-17,14,,
,-3785,1,,,,,,,,,,1691,,,,868,,24,11,14,-7,,
,-3878,-1,,,,,,,,,,-618,,,,-560,,7,19,-12,19,,
,-3635,30,,,,,,,,,,-1789,,,,-1202,,-17,4,1,-14,,
,-3888,-38,,,,,,,,,,-383,,,,-225,,-5,-28,-1,,,
,-1279,-14,,,,,,,,,,1202,,,,750,,-6,-2,15,-4,,
,1278,3,,,,,,,,,,1767,,,,960,,10,12,-14,4,,
,-966,-10,,,,,,,,,,-714,,,,-645,,41,1,-1,-12,,
,59,-21,,,,,,,,,,-1767,,,,-1186,,-34,-5,4,-7,,
,-325,3,,,,,,,,,,-527,,,,-363,,-26,-9,-13,16,,
,756,-17,,,,,,,,,,980,,,,524,,-28,13,21,-13,,
,-214,-1,,,,,,,,,,1921,,,,1107,,,-17,-22,20,,
,-481,1,,,,,,,,,,-383,,,,-297,,54,11,27,9,,
,842,7,,,,,,,,,,-1867,,,,-1285,,22,34,-20,-16,,
,-772,,,,,,,,,,,-529,,,,-389,,-15,-38,10,7,,
,69,1,,,,,,,,,,1059,,,,594,,-27,6,-9,1,,
,140,,,,,,,,,,,1727,,,,920,,13,10,6,5,,
,3280,-19,,,,,,,,,,-522,,,,-426,,44,-13,3,6,,
,-3600,12,,,,,,,,,,-1605,,,,-1026,,-22,-2,-7,-17,,
,-558,-11,,,,,,,,,,-609,,,,-463,,-23,12,9,5,,
,151,1,,,,,,,,,,1108,,,,636,,-16,4,9,7,,
,-261,-8,,,,,,,,,,1815,,,,1010,,27,,-11,-11,,
,36,6,,,,,,,,,,-434,,,,-323,,17,-9,-2,2,,
,93,2,,,,,,,,,,-1848,,,,-1269,,12,5,7,3,,
,115,-6,,,,,,,,,,-764,,,,-629,,-1,-20,-17,-12,,
,-189,-33,,,,,,,,,,1099,,,,617,,-52,19,3,12,,
,99,,,,,,,,,,,1979,,,,1178,,12,5,-9,-11,,
,12,-13,,,,,,,,,,-552,,,,-429,,56,28,9,,,
,-44,-16,,,,,,,,,,-1822,,,,-1246,,-16,-37,4,-1,,
,571,17,,,,,,,,,,-454,,,,-329,,-32,-6,1,-1,,
,115753,-5,,,,,,,,,,1138,,,,645,,-14,-3,1,6,100,
,-3211,-29,,,,,,,,,,1837,,,,1045,,22,-2,-12,7,-100,
,-3585,17,,,,,,,,,,-580,,,,-438,,40,10,15,-6,,
,-3758,-14,,,,,,,,,,-1743,,,,-1172,,-6,-10,8,3,,
,-3514,-16,,,,,,,,,,-625,,,,-506,,-29,11,-17,4,,
,-3793,16,,,,,,,,,,1002,,,,503,,-23,-9,2,-7,,
,-3597,-17,,,,,,,,,,1838,,,,1053,,32,7,-8,2,,
,-3813,-17,,,,,,,,,,-551,,,,-401,,32,-5,3,17,,
,-3238,13,,,,,,,,,,-1844,,,,-1275,,4,5,6,-28,,
,-3828,-10,,,,,,,,,,-472,,,,-355,,-40,5,11,12,,
,-3734,,,,,,,,,,,1080,,,,568,,-26,14,,-19,,
,-3821,1,,,,,,,,,,1674,,,,893,,,-1,-7,13,,
,-3688,-34,,,,,,,,,,-834,,,,-669,,46,-5,-4,8,,
,-3810,,,,,,,,,,,-1701,,,,-1132,,5,-7,-14,12,,
,-3494,13,,,,,,,,,,-330,,,,-225,,-16,4,16,-28,,
,-3820,-13,,,,,,,,,,1242,,,,718,,-12,-11,8,19,,
13,-3619,51918,,,,,,,,,,-1502,,,,-2352,,16,9,-9,,,
,-3785,4,,,,,,,,,,1247,,,,702,,-47,-2,4,-1,,
,1151,,,,,,,,,,,1842,,,,1090,,44,-15,-5,-17,,
,-2702,-13,,,,,,,,,,-934,,,,-713,,42,1,9,4,,
,-507,-17,,,,,,,,,,-1865,,,,-1314,,-5,24,2,-1,,
,1140,-13,,,,,,,,,,-332,,,,-251,,-22,-16,,,,
,-816,,,,,,,,,,,1296,,,,743,,-15,9,-3,17,,
,315,11,,,,,,,,,,1621,,,,868,,-6,5,,-6,,
,2690,2,,,,,,,,,,-843,,,,-611,,23,4,,-3,,
,-2550,-32,,,,,,,,,,-1474,,,,-930,,4,-12,5,-19,,
,519,-3,,,,,,,,,,-475,,,,-398,,-21,-8,-9,15,,
,-921,3,,,,,,,,,,1259,,,,693,,-12,1,7,-5,,
,1049,,,,,,,,,,,1732,,,,985,,38,-2,-1,14,,
,-708,1,,,,,,,,,,-948,,,,-702,,23,15,-10,-10,,
,18,-13,,,,,,,,,,-1752,,,,-1207,,-1,-3,-3,17,,
,-627,,,,,,,,,,,-370,,,,-306,,-11,-8,15,-3,,
,1548,-18,,,,,,,,,,1361,,,,785,,-51,3,-15,-7,,
,-208,,,,,,,,,,,1673,,,,937,,43,-5,1,-6,,
,-1503,1,,,,,,,,,,-920,,,,-664,,10,14,15,-15,,
,241,,,,,,,,,,,-1564,,,,-1025,,-19,-18,-10,9,,
,4354,-48,,,,,,,,,,-179,,,,-118,,-63,11,,-5,,
,-3868,-4,,,,,,,,,,1323,,,,746,,-5,-12,3,16,,
,-525,-3,,,,,,,,,,1530,,,,799,,23,14,-8,-1,,
,323,3,,,,,,,,,,-895,,,,-627,,37,7,-5,4,,
,-789,-16,,,,,,,,,,-1594,,,,-1057,,-8,,9,10,,
,213,-16,,,,,,,,,,-380,,,,-329,,-34,-13,5,-10,,
,48949,5,,,,,,,,,,1278,,,,688,,18,1,-9,-4,,
,-3594,-7,,,,,,,,,,1536,,,,812,,22,7,7,-14,,
,-3481,,,,,,,,,,,-1096,,,,-811,,-4,-12,4,17,,
,-3801,,,,,,,,,,,-1662,,,,-1131,,-9,15,-5,-11,,
,-3646,2,,,,,,,,,,-310,,,,-271,,-35,-7,-5,19,,
,-3746,-15,,,,,,,,,,1401,,,,808,,-23,5,4,-8,,
,-1205,-18,,,,,,,,,,1485,,,,768,,22,3,-12,-1,,
,-3484,2,,,,,,,,,,-900,,,,-606,,43,-1,22,1,,
,-3385,-1,,,,,,,,,,-1551,,,,-1017,,1,-5,-1,-17,,
,-3121,2,,,,,,,,,,-365,,,,-326,,-9,16,-16,16,,
,-3783,-32,,,,,,,,,,1294,,,,685,,-10,-26,13,-12,,
,-3672,-3,,,,,,,,,,1311,,,,600,,21,8,-6,21,,
,-3797,27,,,,,,,,,,-982,,,,-678,,28,1,-13,-15,,
,-3625,,,,,,,,,,,-1417,,,,-888,,8,14,18,-6,,
,-3807,-25,,,,,,,,,,-124,,,,-95,,-28,-13,20,-4,,
,-437,-15,,,,,,,,,,1449,,,,829,,-37,21,-19,6,,
,-19,2,,,,,,,,,,1446,,,,753,,27,-16,5,-5,,
,203,-15,,,,,,,,,,-1159,,,,-841,,5,-4,2,11,,
,-356,-1,,,,,,,,,,-1255,,,,-741,,-11,-2,-16,14,,
,179,2,,,,,,,,,,-388,,,,-364,,-19,-4,-24,-6,,
,95,,,,,,,,,,,1201,,,,582,,-20,14,14,-11,,
,-161,-4,,,,,,,,,,1444,,,,755,,27,-2,17,9,,
,-126,-12,,,,,,,,,,-1109,,,,-782,,22,-12,-11,-8,,
,-212,-1,,,,,,,,,,-1588,,,,-1076,,-3,7,-9,-8,,
,438,-18,,,,,,,,,,-275,,,,-260,,1,-12,13,16,,
,32,3,,,,,,,,,,1427,,,,799,,-23,-8,-3,,,
,520,-16,,,,,,,,,,1426,,,,741,,13,2,15,,,
,-799,11,,,,,,,,,,-1265,,,,-928,,29,5,-14,-12,,
,-172,-11,,,,,,,,,,-1587,,,,-1074,,-34,4,16,1,,
,-68,,,,,,,,,,,-105,,,,-98,,-23,2,-2,13,,
,146,-15,,,,,,,,,,1422,,,,784,,-25,11,,3,,
,51,-1,,,,,,,,,,1449,,,,785,,27,-1,-15,-22,,
,-219,-15,,,,,,,,,,-1028,,,,-674,,61,-9,2,18,,
,-24,-18,,,,,,,,,,-1489,,,,-992,,-30,-6,18,-10,,
,-215,4,,,,,,,,,,-312,,,,-310,,-22,11,-5,12,,
,97,-19,,,,,,,,,,1500,,,,853,,-51,-11,-16,12,,
,333,19,,,,,,,,,,1473,,,,812,,24,17,5,-17,,
,11,-1,,,,,,,,,,-1347,,,,-983,,51,-15,24,-15,,
,465,-30,,,,,,,,,,-1472,,,,-977,,-9,-6,-28,-2,,
,-410,-1,,,,,,,,,,-230,,,,-240,,-12,20,24,-5,,
,329,1,,,,,,,,,,1506,,,,855,,-19,-11,-24,15,,
,-422,-3,,,,,,,,,,1435,,,,788,,29,22,9,-16,,
,550,,,,,,,,,,,-1234,,,,-863,,12,-25,-11,13,,
,-541,-13,,,,,,,,,,-1387,,,,-896,,-23,9,14,-5,,
,441,35,,,,,,,,,,-145,,,,-157,,-3,-13,-6,13,,
,-415,-36,,,,,,,,,,1443,,,,777,,-8,8,6,-11,,
,2940,-9,,,,,,,,,,1350,,,,705,,44,4,-3,2,,
,-1983,-9,,,,,,,,,,-1222,,,,-834,,24,-15,11,25,,
,-1424,-13,,,,,,,,,,-1271,,,,-782,,-27,32,-4,-29,,
,1200,13,,,,,,,,,,-222,,,,-243,,-18,-16,-2,3,,
,-744,-29,,,,,,,,,,1478,,,,807,,-14,-10,-16,22,,
,-336,2,,,,,,,,,,1220,,,,591,,26,4,17,-18,,
,600,13,,,,,,,,,,-1216,,,,-823,,48,2,-7,9,,
,-510,-10,,,,,,,,,,-1556,,,,-1075,,30,6,2,-10,,
,138,-23,,,,,,,,,,-13,,,,-45,,-24,-9,-6,25,,
,523,22,,,,,,,,,,1462,,,,780,,-54,-9,4,-27,,
,-526,-17,,,,,,,,,,1278,,,,663,,-22,14,3,-1,,
,-137,-4,,,,,,,,,,-1161,,,,-756,,-9,-4,-7,-3,,
,238,,,,,,,,,,,-1319,,,,-842,,15,1,-3,12,,
,-118,-35,,,,,,,,,,-168,,,,-203,,-11,-6,-5,8,,
,580,35,,,,,,,,,,1555,,,,866,,-39,9,,3,,
,-232,-35,,,,,,,,,,1188,,,,580,,44,4,16,-27,,
,-648,-2,,,,,,,,,,-1340,,,,-929,,19,2,,10,,
,89,-9,,,,,,,,,,-1301,,,,-831,,-25,-9,-5,4,,
,-16,12,,,,,,,,,,-135,,,,-177,,-9,5,1,-5,,
,-270,-34,,,,,,,,,,1561,,,,867,,6,-14,-11,-7,,
,275,,,,,,,,,,,1244,,,,645,,13,15,16,3,,
,-446,,,,,,,,,,,-1420,,,,-998,,26,-3,4,-4,,
,441,2,,,,,,,,,,-1307,,,,-838,,-32,-6,-15,7,,
,376,-1,,,,,,,,,,-47,,,,-97,,3,-2,13,4,,
,156,,,,,,,,,,,1640,,,,934,,-6,20,-8,16,,
,-175,-11,,,,,,,,,,1201,,,,619,,14,,-3,-20,,
,-166,-14,,,,,,,,,,-1687,,,,-1258,,22,-27,-5,13,,
,368,-3,,,,,,,,,,-1463,,,,-1000,,-39,8,8,-12,,
,-18,-3,,,,,,,,,,190,,,,131,,-32,9,21,-1,,
,-549,,,,,,,,,,,1614,,,,904,,-23,-11,-19,,,
,74,-31,,,,,,,,,,1117,,,,543,,41,21,-12,11,,
,1791,3,,,,,,,,,,-1316,,,,-873,,16,-24,8,-5,,
,-1314,8,,,,,,,,,,-1389,,,,-937,,-14,8,-4,-4,,
,1872,-22,,,,,,,,,,-55,,,,-121,,-13,6,-1,19,,
,-2728,,,,,,,,,,,1615,,,,901,,-21,-16,7,-5,,
,1046,-12,,,,,,,,,,1098,,,,542,,37,22,-4,-17,,
,-574,2,,,,,,,,,,-1303,,,,-860,,18,-22,3,16,,
,37,-2,,,,,,,,,,-1385,,,,-935,,1,19,6,4,,
,-407,1,,,,,,,,,,181,,,,107,,-34,2,5,-20,,
,816,,,,,,,,,,,1697,,,,974,,-47,-16,-10,17,,
,187,1,,,,,,,,,,864,,,,318,,42,-10,,-3,,
,-45,-8,,,,,,,,,,-1467,,,,-1009,,33,6,-4,-10,,
,-247,-20,,,,,,,,,,-1137,,,,-701,,-10,20,1,3,,
,-189,-24,,,,,,,,,,72,,,,-12,,-30,10,-1,-6,,
,802,5,,,,,,,,,,1380,,,,649,,-15,-26,6,-2,,
,-1356,-2,,,,,,,,,,1093,,,,560,,20,3,-14,10,,
,87,-2,,,,,,,,,,-1503,,,,-1037,,41,-4,2,12,,
,575,4,,,,,,,,,,-1278,,,,-839,,2,13,2,-10,,
,-548,-5,,,,,,,,,,137,,,,47,,-21,-3,4,-10,,
,689,,,,,,,,,,,1701,,,,966,,-32,8,,7,,
,-958,-15,,,,,,,,,,1070,,,,540,,35,-4,11,4,,
,1345,-14,,,,,,,,,,-1545,,,,-1073,,2,10,-2,-24,,
,2240,11,,,,,,,,,,-1208,,,,-773,,-18,-11,6,24,,
,1051,-32,,,,,,,,,,253,,,,152,,-7,11,-32,1,,
,-3240,21,,,,,,,,,,1545,,,,799,,8,-28,22,-8,,
,-1140,-33,,,,,,,,,,853,,,,349,,35,20,25,-1,,
,606,-1,,,,,,,,,,-1442,,,,-968,,4,-24,-18,2,,
,549,12,,,,,,,,,,-1331,,,,-911,,8,17,10,-2,,
,1746,,,,,,,,,,,97,,,,-1,,-1,18,-18,-2,,
,-3374,-31,,,,,,,,,,1478,,,,729,,-47,8,7,5,,
,784,20,,,,,,,,,,998,,,,497,,49,-16,-6,1,,
,1333,17,,,,,,,,,,-1346,,,,-861,,14,-16,8,3,,
,1102,-7,,,,,,,,,,-1213,,,,-795,,-35,-1,-9,-12,,
,-759,5,,,,,,,,,,-17,,,,-130,,-30,2,-14,-1,,
,-1961,-28,,,,,,,,,,1779,,,,1027,,7,7,9,14,,
,112544,-13,,,,,,,,,,1105,,,,624,,35,,3,2,,
,-3211,3,,,,,,,,,,-1501,,,,-1007,,16,-3,1,-8,,
,-3531,5,,,,,,,,,,-1430,,,,-1023,,-22,-4,4,-4,,
,-3746,-24,,,,,,,,,,188,,,,65,,-13,12,3,1,,
,-3599,-1,,,,,,,,,,1723,,,,964,,-10,-8,1,-3,,
,-3768,,,,,,,,,,,1052,,,,583,,42,,-6,3,,
,-3264,,,,,,,,,,,-1618,,,,-1117,,14,1,-7,,,
,-3517,,,,,,,,,,,-1305,,,,-897,,-14,7,14,3,,
,-3714,,,,,,,,,,,133,,,,-3,,-17,2,-13,6,,
,-3572,-42,,,,,,,,,,1820,,,,1054,,-24,-12,21,-14,,
,-3727,7,,,,,,,,,,829,,,,373,,53,-6,-9,38,,
,-3359,,,,,,,,,,,-1441,,,,-935,,15,-5,-15,-9,,
,-3760,6,,,,,,,,,,-1218,,,,-817,,-14,,2,-9,,
,-3403,-21,,,,,,,,,,124,,,,-12,,-10,28,1,,,
,-3733,-17,,,,,,,,,,1833,,,,1057,,-38,8,13,4,,
,-3395,17,,,,,,,,,,864,,,,422,,31,-25,-12,-8,,
12,-3668,47925,,,,,,,,,,-2754,,,,-2903,,-29,4,,-8,,
,-3774,24,,,,,,,,,,1726,,,,940,,5,19,1,-9,,
,-696,-27,,,,,,,,,,771,,,,366,,45,-14,7,-7,,
,-2255,-30,,,,,,,,,,-1800,,,,-1267,,22,-3,-7,13,,
,1294,13,,,,,,,,,,-1096,,,,-725,,-52,2,4,4,,
,-1560,-15,,,,,,,,,,429,,,,257,,-27,2,15,1,,
,2280,,,,,,,,,,,1920,,,,1125,,-10,,-19,9,,
,-2027,,,,,,,,,,,534,,,,147,,41,-7,1,-21,,
,-770,1,,,,,,,,,,-1839,,,,-1295,,52,10,5,17,,
,722,-32,,,,,,,,,,-1068,,,,-701,,14,5,-4,-10,,
,-143,2,,,,,,,,,,330,,,,148,,-54,-16,5,2,,
,-791,16,,,,,,,,,,1793,,,,996,,-31,6,2,3,,
,709,-17,,,,,,,,,,586,,,,213,,60,-10,-17,4,,
,79,-1,,,,,,,,,,-1826,,,,-1284,,15,3,3,-6,,
,448,-14,,,,,,,,,,-1083,,,,-723,,-49,-10,-1,2,,
,-1165,,,,,,,,,,,593,,,,411,,-36,24,12,-12,,
,2249,-18,,,,,,,,,,1785,,,,982,,24,-23,-6,22,,
,-1412,14,,,,,,,,,,528,,,,168,,29,21,17,-17,,
,-759,-27,,,,,,,,,,-1517,,,,-973,,32,-7,-5,3,,
,232,-1,,,,,,,,,,-979,,,,-630,,-15,-3,-11,15,,
,-224,1,,,,,,,,,,137,,,,-60,,-6,-1,4,5,,
,59,3,,,,,,,,,,1866,,,,1068,,,-4,-13,-27,,
,462,-17,,,,,,,,,,660,,,,312,,21,6,12,13,,
,248,-3,,,,,,,,,,-1788,,,,-1237,,31,3,-1,7,,
,-658,,,,,,,,,,,-1058,,,,-708,,-33,-4,-12,-16,,
,-156,,,,,,,,,,,374,,,,168,,-33,4,21,11,,
,83299,-2,,,,,,,,,,1837,,,,1027,,-21,3,-14,-11,,
,-3670,-11,,,,,,,,,,500,,,,166,,67,,10,7,,
,-3577,-32,,,,,,,,,,-1693,,,,-1136,,-10,-1,-9,-16,,
,-1118,1,,,,,,,,,,-1190,,,,-844,,-10,-2,4,20,,
,-3291,-1,,,,,,,,,,280,,,,65,,-9,-17,-13,-18,,
,-3825,13,,,,,,,,,,1631,,,,819,,-7,2,9,11,,
,-3622,-29,,,,,,,,,,646,,,,330,,13,17,-16,-6,,
,-3851,-1,,,,,,,,,,-1391,,,,-827,,8,-9,28,5,,
,-3324,1,,,,,,,,,,-1043,,,,-709,,-23,5,1,-7,,
,-3858,-1,,,,,,,,,,275,,,,49,,-26,-2,-12,4,,
,-3241,40,,,,,,,,,,1860,,,,1040,,-21,4,10,,,
,-3826,-94,,,,,,,,,,590,,,,285,,45,1,-10,12,,
,-3378,2,,,,,,,,,,-1724,,,,-1151,,,4,11,-12,,
,-3727,,,,,,,,,,,-1102,,,,-771,,-38,-6,-26,20,,
,-3527,,,,,,,,,,,345,,,,110,,12,-3,6,-15,,
,-3826,-2,,,,,,,,,,1811,,,,990,,40,10,11,-3,,
4,-3573,15956,,,,,,,,,,73,,,,-386,,-25,-2,4,-7,,
,-3840,28,,,,,,,,,,235,,,,-37,,23,6,5,19,,
,-3736,-33,,,,,,,,,,-1626,,,,-1056,,22,-4,-4,-13,,
,-3827,5,,,,,,,,,,-836,,,,-524,,1,-7,-1,4,,
,-849,-17,,,,,,,,,,551,,,,308,,-31,-5,3,4,,
,676,,,,,,,,,,,1600,,,,774,,-7,-10,16,-3,,
,-605,-2,,,,,,,,,,255,,,,-4,,27,4,-14,10,,
,26,4,,,,,,,,,,-1572,,,,-995,,-12,-3,-5,-9,,
,463,-35,,,,,,,,,,-936,,,,-630,,-23,28,,-3,,
,-578,18,,,,,,,,,,462,,,,204,,-37,-18,-6,7,,
,466,-17,,,,,,,,,,1753,,,,924,,50,5,12,-19,,
,1059,,,,,,,,,,,176,,,,-69,,40,10,-12,7,,
,-1302,-12,,,,,,,,,,-1511,,,,-927,,6,-24,19,11,,
,-105,,,,,,,,,,,-937,,,,-638,,-30,15,-2,-3,,
,4,-16,,,,,,,,,,557,,,,291,,-43,-11,-17,2,,
,860,6,,,,,,,,,,1824,,,,992,,-7,3,15,-5,,
,-427,-11,,,,,,,,,,206,,,,-15,,21,12,-17,-2,,
,-261,6,,,,,,,,,,-1589,,,,-1011,,36,-4,3,-1,,
,543,-17,,,,,,,,,,-1048,,,,-748,,-16,-3,-11,10,,
,-480,1,,,,,,,,,,381,,,,100,,-44,-5,17,-14,,
,2843,-1,,,,,,,,,,1796,,,,964,,-1,-7,-6,13,,
,-3243,-17,,,,,,,,,,335,,,,123,,33,31,13,12,,
,425,1,,,,,,,,,,-1636,,,,-1053,,23,-45,-6,-9,,
,-41,1,,,,,,,,,,-828,,,,-543,,-25,13,-2,-7,,
,-298,-15,,,,,,,,,,560,,,,278,,-15,17,14,-7,,
,883,-15,,,,,,,,,,1813,,,,981,,19,5,-18,1,,
,-687,,,,,,,,,,,81,,,,-111,,26,-17,11,11,,
,-280,13,,,,,,,,,,-1772,,,,-1187,,20,-14,-10,-3,,
,170,-29,,,,,,,,,,-743,,,,-466,,-35,38,-20,-12,,
,521,17,,,,,,,,,,640,,,,350,,-25,-39,8,25,,
,-628,-32,,,,,,,,,,2063,,,,1223,,20,9,8,-12,,
,-297,15,,,,,,,,,,23,,,,-160,,53,12,16,4,,
,70,1,,,,,,,,,,-1742,,,,-1151,,-33,-5,-13,8,,
,123,-33,,,,,,,,,,-611,,,,-342,,-33,-3,-10,-1,,
,123,1,,,,,,,,,,439,,,,134,,5,13,15,-11,,
,-283,16,,,,,,,,,,1739,,,,906,,-17,-1,21,-3,,
,512,-33,,,,,,,,,,83,,,,-84,,40,-18,-27,-5,,
,-299,17,,,,,,,,,,-1820,,,,-1225,,19,8,-2,12,,
,-141,,,,,,,,,,,-863,,,,-596,,-30,-21,,-5,,
,-272,-18,,,,,,,,,,433,,,,119,,-42,15,-2,23,,
,176,1,,,,,,,,,,1997,,,,1159,,2,1,4,-18,,
,694,-12,,,,,,,,,,404,,,,253,,30,12,5,,,
,-346,,,,,,,,,,,-1779,,,,-1199,,31,9,1,-11,,
,-29,-16,,,,,,,,,,-933,,,,-668,,-2,-2,-3,10,,
,-555,-3,,,,,,,,,,475,,,,164,,-56,3,-9,-8,,
,449,3,,,,,,,,,,2003,,,,1168,,4,-13,13,15,,
,579,-3,,,,,,,,,,118,,,,-21,,41,2,-11,-12,,
,-819,-1,,,,,,,,,,-1809,,,,-1221,,23,22,5,-4,,
,223,-27,,,,,,,,,,-870,,,,-616,,-4,-9,-4,-12,,
,-207,-2,,,,,,,,,,521,,,,192,,-29,-11,2,4,,
,-127,15,,,,,,,,,,1892,,,,1060,,-32,-18,11,2,,
,297,-11,,,,,,,,,,93,,,,-33,,31,6,-18,19,,
,-210,1,,,,,,,,,,-1648,,,,-1052,,-3,3,2,-14,,
,676,-20,,,,,,,,,,-1025,,,,-777,,-25,-5,14,1,,
,-646,-2,,,,,,,,,,614,,,,273,,-20,-1,-1,8,,
,351,-3,,,,,,,,,,1921,,,,1088,,10,11,3,-5,,
,-230,3,,,,,,,,,,-5,,,,-114,,27,-22,-15,19,,
,-46,-35,,,,,,,,,,-1856,,,,-1265,,20,17,8,-10,,
,-163,,,,,,,,,,,-814,,,,-575,,-18,18,4,-10,,
,-97,-2,,,,,,,,,,903,,,,552,,-34,-5,-21,1,,
,482,-8,,,,,,,,,,1743,,,,909,,-14,-8,19,-10,,
,-798,10,,,,,,,,,,-185,,,,-277,,50,-1,-3,15,,
,563,-11,,,,,,,,,,-1610,,,,-1013,,21,-2,-10,-2,,
,711,-23,,,,,,,,,,-679,,,,-449,,-31,-4,11,-3,,
,-575,23,,,,,,,,,,664,,,,310,,-30,3,-6,9,,
,-301,-21,,,,,,,,,,1865,,,,1028,,-4,3,19,-12,,
,1273,9,,,,,,,,,,-75,,,,-154,,33,13,-9,-8,,
,-952,-23,,,,,,,,,,-1751,,,,-1156,,10,-3,-3,4,,
,-481,4,,,,,,,,,,-659,,,,-442,,-3,-1,-7,17,,
,81,-20,,,,,,,,,,577,,,,225,,-23,-17,-7,,,
,220,,,,,,,,,,,1967,,,,1136,,-4,16,13,5,,
,222,,,,,,,,,,,-22,,,,-88,,39,-10,-4,-10,,
,-463,,,,,,,,,,,-1809,,,,-1214,,7,19,1,-9,,
,1219,-11,,,,,,,,,,-763,,,,-542,,-29,-7,8,-3,,
,-1358,-20,,,,,,,,,,926,,,,550,,-36,-16,-14,2,,
,386,21,,,,,,,,,,1767,,,,928,,21,20,24,-2,,
,-409,-18,,,,,,,,,,-339,,,,-383,,25,-19,-13,,,
,167,-1,,,,,,,,,,-1712,,,,-1118,,-10,20,14,5,,
,446,2,,,,,,,,,,-631,,,,-419,,-23,-7,-25,3,,
,-352,-4,,,,,,,,,,919,,,,536,,20,7,16,4,,
,-263,-24,,,,,,,,,,1879,,,,1048,,14,1,16,-7,,
,231,,,,,,,,,,,-281,,,,-316,,14,-28,-26,13,,
,390,,,,,,,,,,,-1758,,,,-1161,,-8,18,12,-23,,
,-332,-6,,,,,,,,,,-681,,,,-480,,7,-9,-3,-2,,
,1097,7,,,,,,,,,,743,,,,351,,-21,-13,-13,9,,
,-1190,-25,,,,,,,,,,1572,,,,743,,-9,31,17,3,,
,-51,18,,,,,,,,,,-215,,,,-229,,20,-10,-20,4,,
,127,-19,,,,,,,,,,-1755,,,,-1163,,18,-9,10,-10,,
,58,8,,,,,,,,,,-764,,,,-564,,-7,3,5,18,,
,-169,-32,,,,,,,,,,880,,,,478,,-26,-7,-17,-4,,
,620,23,,,,,,,,,,1890,,,,1060,,3,9,5,-10,,
,110811,-42,,,,,,,,,,-471,,,,-475,,37,7,4,2,,
,-3893,18,,,,,,,,,,-2080,,,,-1486,,9,,-10,9,,
,-3742,1,,,,,,,,,,-442,,,,-252,,-31,-18,12,-7,,
,-3941,-16,,,,,,,,,,1152,,,,738,,-18,6,-7,-4,,
,-3815,-2,,,,,,,,,,1753,,,,933,,-7,1,14,7,,
,-3954,-15,,,,,,,,,,-426,,,,-408,,28,14,-1,6,,
,-3923,2,,,,,,,,,,-1750,,,,-1164,,5,4,-3,-2,,
,-3963,-1,,,,,,,,,,-653,,,,-468,,-38,-26,-7,-4,,
,-3801,-1,,,,,,,,,,724,,,,305,,-18,24,3,-7,,
,-3953,-29,,,,,,,,,,1923,,,,1100,,43,-6,-3,1,,
,-3918,,,,,,,,,,,-370,,,,-345,,40,-7,-1,-5,,
,-3970,13,,,,,,,,,,-1643,,,,-1051,,-15,2,-7,6,,
,-3804,-29,,,,,,,,,,-580,,,,-403,,-3,14,21,-7,,
,-3978,-5,,,,,,,,,,962,,,,531,,-27,-4,-7,13,,
,-3932,17,,,,,,,,,,1803,,,,981,,24,-23,-11,13,,
,-3932,-15,,,,,,,,,,-543,,,,-496,,31,2,4,-5,,
12,-2135,47977,,,,,,,,,,-1114,,,,-1715,,-92,14,2,7,,
,-1924,4,,,,,,,,,,1899,,,,1089,,-13,,1,-7,,
,-1699,-13,,,,,,,,,,-531,,,,-447,,45,18,15,5,,
,93,-31,,,,,,,,,,-1842,,,,-1257,,23,-12,-17,-20,,
,1728,3,,,,,,,,,,-601,,,,-446,,-21,23,8,-13,,
,-1912,-13,,,,,,,,,,1009,,,,540,,-39,-51,-2,30,,
,816,-3,,,,,,,,,,1668,,,,861,,18,33,-10,-21,,
,528,-20,,,,,,,,,,-530,,,,-430,,42,-10,8,10,100,
,-1064,,,,,,,,,,,-1585,,,,-1005,,-19,-5,-8,,-100,
,729,-9,,,,,,,,,,-665,,,,-523,,-9,6,15,-19,,
,-614,12,,,,,,,,,,873,,,,395,,-28,-12,-3,12,,
,795,-3,,,,,,,,,,1880,,,,1083,,13,13,-6,18,,
,-371,-13,,,,,,,,,,-385,,,,-265,,43,-14,-1,2,,
,116,3,,,,,,,,,,-1730,,,,-1155,,20,-2,-12,-9,,
,-31,-34,,,,,,,,,,-655,,,,-522,,-36,-6,20,4,,
,1570,13,,,,,,,,,,950,,,,462,,-7,19,-12,-20,,
,-1779,,,,,,,,,,,1719,,,,927,,2,7,-2,9,,
,1671,-30,,,,,,,,,,-699,,,,-572,,39,-5,15,2,,
,-1366,,,,,,,,,,,-1805,,,,-1233,,-2,-16,1,4,,
,139,,,,,,,,,,,-586,,,,-455,,-9,8,-4,9,,
,-223,-9,,,,,,,,,,1288,,,,793,,-40,5,3,-19,,
,-185,9,,,,,,,,,,1743,,,,954,,17,-10,-10,-3,,
,642,,,,,,,,,,,-800,,,,-655,,6,18,5,-4,,
,-377,-29,,,,,,,,,,-1501,,,,-930,,-16,4,-5,19,,
,845,20,,,,,,,,,,-464,,,,-344,,-15,-27,1,-9,,
,-1212,-28,,,,,,,,,,980,,,,477,,-21,5,-12,4,,
,1301,9,,,,,,,,,,1766,,,,978,,22,5,27,-9,,
,77601,-1,,,,,,,,,,-820,,,,-660,,69,14,-19,13,,
,-3628,-28,,,,,,,,,,-1631,,,,-1061,,-1,10,16,-23,,
,-3732,2,,,,,,,,,,-373,,,,-264,,-18,-18,4,23,,
,-3871,15,,,,,,,,,,1228,,,,715,,-36,-12,-16,-5,,
,-3808,-18,,,,,,,,,,1671,,,,897,,19,2,-13,5,,
,-3912,1,,,,,,,,,,-757,,,,-588,,33,1,9,-7,,
,-3840,-16,,,,,,,,,,-1767,,,,-1204,,8,-6,6,12,,
,-3911,,,,,,,,,,,-600,,,,-493,,-20,7,17,-43,,
,-3838,-18,,,,,,,,,,1408,,,,887,,-28,22,-11,27,,
,-3894,-1,,,,,,,,,,1737,,,,968,,24,-31,-2,-5,,
,-3098,1,,,,,,,,,,-943,,,,-760,,43,25,4,6,,
,-3715,,,,,,,,,,,-1724,,,,-1161,,8,6,-7,-4,,
,-3901,,,,,,,,,,,-385,,,,-291,,-24,-19,20,8,,
,-3831,-32,,,,,,,,,,1371,,,,842,,-37,-13,-23,8,,
,-3901,1,,,,,,,,,,1730,,,,966,,29,23,16,3,,
,-3852,1,,,,,,,,,,-974,,,,-774,,44,11,-2,6,,
4,-3908,16003,,,,,,,,,,201,,,,-243,,-53,-22,-16,-14,,
,-2192,-22,,,,,,,,,,-1893,,,,-1332,,13,3,6,-5,,
,8,-34,,,,,,,,,,-431,,,,-348,,-4,12,10,6,,
,338,7,,,,,,,,,,1338,,,,789,,-43,-18,-5,-5,,
,-210,2,,,,,,,,,,1647,,,,890,,11,5,-3,2,,
,13,,,,,,,,,,,-896,,,,-674,,21,-1,-18,7,,
,104,,,,,,,,,,,-1660,,,,-1109,,-25,15,16,3,,
,216,-17,,,,,,,,,,-495,,,,-418,,-6,-19,-1,-26,,
,1284,,,,,,,,,,,1224,,,,669,,-23,10,6,6,,
,-1695,4,,,,,,,,,,1658,,,,905,,13,-5,-6,7,,
,-212,-59,,,,,,,,,,-867,,,,-633,,48,-13,4,11,,
,699,4,,,,,,,,,,-1506,,,,-956,,-21,12,-6,-21,,
,-1,38,,,,,,,,,,-232,,,,-156,,-15,-7,7,3,,
,210,-54,,,,,,,,,,1130,,,,558,,-5,-2,-4,28,,
,-449,-1,,,,,,,,,,1690,,,,954,,45,,5,-20,,
,-259,14,,,,,,,,,,-1207,,,,-959,,37,6,-4,-4,,
,-140,-14,,,,,,,,,,-1842,,,,-1296,,-14,13,6,1,,
,734,-14,,,,,,,,,,-412,,,,-346,,-28,-3,-3,-10,,
,-1097,-4,,,,,,,,,,1321,,,,746,,-13,-6,-16,28,,
,-21,12,,,,,,,,,,1674,,,,940,,24,10,14,4,,
,-40,-13,,,,,,,,,,-838,,,,-579,,21,,-4,-21,,
,867,2,,,,,,,,,,-1637,,,,-1096,,-37,-24,6,8,,
,212,-34,,,,,,,,,,-250,,,,-191,,-16,21,,-9,,
,-214,20,,,,,,,,,,1458,,,,872,,-41,10,-1,13,,
,-798,-17,,,,,,,,,,1515,,,,796,,26,-17,-2,-17,,
,1051,3,,,,,,,,,,-1152,,,,-878,,51,-12,6,9,,
,-1069,-18,,,,,,,,,,-1557,,,,-1021,,-17,13,-19,-10,,
,389,,,,,,,,,,,-142,,,,-92,,-31,8,5,11,,
,-157,-14,,,,,,,,,,1370,,,,773,,-12,8,22,-2,,
,3884,-3,,,,,,,,,,1518,,,,805,,-12,-21,-14,-4,,
,-3833,,,,,,,,,,,-1074,,,,-792,,38,10,2,10,,
,-160,-12,,,,,,,,,,-1700,,,,-1167,,11,-5,-10,-8,,
,1099,16,,,,,,,,,,-184,,,,-139,,-48,-7,,7,,
,-879,-17,,,,,,,,,,1518,,,,919,,-40,-13,3,-13,,
,316,,,,,,,,,,,1566,,,,859,,23,14,-1,-3,,
,-747,-19,,,,,,,,,,-1141,,,,-844,,39,21,4,6,,
,223,-13,,,,,,,,,,-1613,,,,-1085,,9,-8,11,2,,
,-58,16,,,,,,,,,,-276,,,,-238,,-10,-5,-11,-8,,
,528,-15,,,,,,,,,,1419,,,,804,,-24,7,7,3,,
,303,15,,,,,,,,,,1406,,,,706,,31,5,-10,-8,,
,-622,-15,,,,,,,,,,-1185,,,,-872,,57,1,5,23,,
,816,,,,,,,,,,,-1602,,,,-1083,,-3,-10,-9,-11,,
,-1554,-15,,,,,,,,,,-214,,,,-186,,-28,-11,21,-3,,
,554,-15,,,,,,,,,,1496,,,,879,,-60,6,5,5,,
,,20,,,,,,,,,,1562,,,,874,,22,-10,-21,14,,
,-206,-35,,,,,,,,,,-1024,,,,-701,,47,20,5,-10,,
,-85,15,,,,,,,,,,-1530,,,,-1013,,-1,-25,-1,-9,,
,295,-16,,,,,,,,,,-266,,,,-246,,-27,38,-4,10,,
,456,-17,,,,,,,,,,1393,,,,765,,-21,-15,,-16,,
,-152,19,,,,,,,,,,1490,,,,807,,28,-12,-3,3,,
,289,-17,,,,,,,,,,-1088,,,,-757,,18,15,16,13,,
,-257,-14,,,,,,,,,,-1598,,,,-1092,,-3,-6,-23,1,,
,158,-1,,,,,,,,,,-193,,,,-173,,-23,-11,15,15,,
,-655,-16,,,,,,,,,,1441,,,,808,,-28,5,-26,-15,,
,932,39,,,,,,,,,,1397,,,,724,,33,18,23,1,,
,-678,-39,,,,,,,,,,-1225,,,,-883,,21,-5,16,-20,,
,-327,-15,,,,,,,,,,-1547,,,,-1041,,-27,-15,-27,12,,
,1410,1,,,,,,,,,,-402,,,,-393,,-9,25,10,-2,,
,-1151,,,,,,,,,,,1427,,,,784,,-22,-8,-2,9,,
,-127,-17,,,,,,,,,,1505,,,,842,,22,-27,2,4,,
,-238,16,,,,,,,,,,-1213,,,,-858,,1,-3,-3,2,,
,230,-2,,,,,,,,,,-1544,,,,-1043,,-10,23,-6,-3,,
,201,-14,,,,,,,,,,-285,,,,-289,,-4,-4,4,-3,,
,241,-15,,,,,,,,,,1586,,,,934,,-12,-5,-12,,,
,-304,-1,,,,,,,,,,1413,,,,760,,9,-7,19,-8,,
,181,-16,,,,,,,,,,-1337,,,,-967,,2,-2,3,-5,,
,32,16,,,,,,,,,,-1317,,,,-820,,-16,15,-8,4,,
,1508,1,,,,,,,,,,-14,,,,-23,,1,-10,,-17,,
,-2046,-32,,,,,,,,,,1246,,,,586,,-6,10,9,16,,
,176,22,,,,,,,,,,1452,,,,813,,40,4,-15,-2,,
,-60,-6,,,,,,,,,,-1261,,,,-885,,25,-13,-12,-4,,
,-146,-11,,,,,,,,,,-1413,,,,-924,,-52,-6,17,23,,
,446,12,,,,,,,,,,-160,,,,-182,,7,34,-7,-11,,
,-409,-32,,,,,,,,,,1501,,,,842,,-7,-36,19,-7,,
,688,-4,,,,,,,,,,1214,,,,582,,20,9,-3,-5,,
,-266,2,,,,,,,,,,-1231,,,,-844,,29,-5,-12,16,,
,-824,,,,,,,,,,,-1462,,,,-980,,-19,7,7,12,,
,298,-10,,,,,,,,,,67,,,,42,,-45,-1,-6,-6,,
,295,-18,,,,,,,,,,1516,,,,838,,-36,8,,-12,,
,998,-7,,,,,,,,,,1373,,,,757,,18,-11,-1,3,,
,-1174,5,,,,,,,,,,-1230,,,,-834,,57,2,4,4,,
,-32,-5,,,,,,,,,,-1201,,,,-723,,-2,13,6,-11,,
,146,5,,,,,,,,,,-118,,,,-150,,-12,-6,-14,6,,
,479,-4,,,,,,,,,,1286,,,,603,,-22,-8,6,7,,
,-812,-29,,,,,,,,,,1379,,,,772,,-3,20,13,-7,,
,2097,16,,,,,,,,,,-1177,,,,-768,,44,-17,-28,6,,
,-1746,-17,,,,,,,,,,-1466,,,,-992,,-27,5,17,-9,,
,1867,-4,,,,,,,,,,-124,,,,-161,,-16,13,17,-5,,
,-1864,4,,,,,,,,,,1508,,,,812,,-32,-19,-18,20,,
,-267,-30,,,,,,,,,,1286,,,,690,,35,-6,1,-5,,
,6430,13,,,,,,,,,,-1361,,,,-943,,28,13,-2,-12,,
,-3702,-14,,,,,,,,,,-1565,,,,-1093,,1,12,10,,,
,-2763,13,,,,,,,,,,-39,,,,-85,,-15,-27,10,-23,,
,843,-12,,,,,,,,,,1749,,,,1052,,-36,19,-9,33,,
,-550,-6,,,,,,,,,,1145,,,,556,,13,15,-1,-12,,
,248,1,,,,,,,,,,-1274,,,,-846,,44,-22,7,1,,
,-131,-33,,,,,,,,,,-1251,,,,-787,,-5,14,-4,-1,,
,-408,3,,,,,,,,,,-87,,,,-142,,-13,-30,-10,2,,
,-213,-14,,,,,,,,,,1491,,,,785,,-4,13,,11,,
,544,3,,,,,,,,,,1101,,,,528,,24,-6,-1,2,,
,-167,13,,,,,,,,,,-1550,,,,-1117,,13,4,1,-13,,
,22,-3,,,,,,,,,,-1295,,,,-834,,-34,-2,-3,4,,
,616,-21,,,,,,,,,,157,,,,95,,-56,-9,9,4,,
,-74,-1,,,,,,,,,,1620,,,,904,,-5,15,-8,-8,,
,-663,-6,,,,,,,,,,1072,,,,508,,40,1,,-7,,
,-179,6,,,,,,,,,,-1449,,,,-1003,,35,-9,18,2,,
,823,-6,,,,,,,,,,-1175,,,,-724,,-16,16,-23,4,,
,44808,-20,,,,,,,,,,94,,,,18,,22,-8,17,16,,
,-3445,20,,,,,,,,,,1580,,,,860,,-4,1,4,-12,,
,-3474,-20,,,,,,,,,,908,,,,360,,-15,10,-18,-7,,
,-3771,9,,,,,,,,,,-1540,,,,-1085,,8,-17,8,10,,
,-3836,-31,,,,,,,,,,-1251,,,,-804,,23,-2,1,2,,
,-3448,-1,,,,,,,,,,71,,,,-7,,-16,4,-8,-11,,
,-3924,2,,,,,,,,,,1432,,,,706,,-24,2,-15,12,,
,-3459,-1,,,,,,,,,,1118,,,,579,,17,18,16,-3,,
,-3690,-21,,,,,,,,,,-1330,,,,-867,,25,-9,13,-6,,
,-3712,3,,,,,,,,,,-1215,,,,-778,,8,-13,-11,23,,
,-3674,3,,,,,,,,,,112,,,,28,,-18,1,3,-15,,
,-3810,-4,,,,,,,,,,1538,,,,803,,-25,14,6,-13,,
,-3676,14,,,,,,,,,,998,,,,465,,11,6,-3,-2,,
,-1478,-47,,,,,,,,,,-1483,,,,-1006,,18,-18,-3,19,,
,-21,5,,,,,,,,,,-1313,,,,-878,,-10,5,9,-4,,
,-35,-16,,,,,,,,,,184,,,,87,,-9,-5,-3,-9,,
,272,12,,,,,,,,,,1545,,,,811,,-4,-3,-13,-7,,
,753,-12,,,,,,,,,,1039,,,,522,,9,10,4,15,,
,2286,-21,,,,,,,,,,-1489,,,,-1009,,22,-24,-18,-8,,
,-2759,-2,,,,,,,,,,-1301,,,,-870,,-17,12,17,9,,
,824,3,,,,,,,,,,167,,,,61,,-7,30,7,-1,,
,-603,-1,,,,,,,,,,1863,,,,1115,,-11,-10,-10,-13,,
,-137,,,,,,,,,,,918,,,,417,,51,-15,3,5,,
,713,-3,,,,,,,,,,-1499,,,,-1012,,,5,11,-4,,
,-908,-4,,,,,,,,,,-1153,,,,-734,,-33,15,-13,-1,,
,-59,5,,,,,,,,,,119,,,,5,,-36,-2,2,12,,
,17,-4,,,,,,,,,,1634,,,,883,,-24,-10,9,14,,
,-573,11,,,,,,,,,,941,,,,455,,23,-16,-13,-24,,
,169,-16,,,,,,,,,,-1618,,,,-1130,,30,8,3,9,,
,3329,-12,,,,,,,,,,-1099,,,,-687,,11,-3,1,15,,
,-2833,13,,,,,,,,,,147,,,,34,,-14,26,15,-26,,
,-265,-13,,,,,,,,,,1479,,,,721,,-3,-13,-5,11,,
,-394,,,,,,,,,,,976,,,,503,,8,-13,-7,11,,
,180,,,,,,,,,,,-1521,,,,-1019,,-2,6,-5,-14,,
,-46,-5,,,,,,,,,,-1357,,,,-949,,7,-5,2,6,,
,326,-1,,,,,,,,,,169,,,,40,,-11,,3,10,,
,350,-32,,,,,,,,,,1816,,,,1049,,-39,-3,-10,-13,,
,-611,,,,,,,,,,,1003,,,,543,,31,-1,24,-5,,
,113645,-4,,,,,,,,,,-1610,,,,-1100,,13,-5,-21,9,,
,-3598,7,,,,,,,,,,-1392,,,,-995,,-25,18,18,-12,,
,-3513,-16,,,,,,,,,,175,,,,43,,-9,-21,1,19,,
,-3762,1,,,,,,,,,,1824,,,,1056,,2,13,-12,-10,,
,-3827,-34,,,,,,,,,,705,,,,258,,31,-5,8,-24,,
,-3923,17,,,,,,,,,,-1694,,,,-1182,,5,1,-14,26,,
,-3491,-4,,,,,,,,,,-1357,,,,-963,,24,-4,15,2,,
,-3917,3,,,,,,,,,,252,,,,114,,-57,19,-2,-1,,
,-3766,-34,,,,,,,,,,1926,,,,1147,,-39,16,-9,5,,
,-3376,20,,,,,,,,,,972,,,,537,,27,-33,12,-2,,
,-3525,-15,,,,,,,,,,-1526,,,,-1005,,28,18,8,-21,,
,-3706,-15,,,,,,,,,,-1232,,,,-842,,-3,-15,-14,6,,
,-3519,10,,,,,,,,,,230,,,,77,,-23,10,2,9,,
,-3802,-26,,,,,,,,,,1780,,,,999,,-42,13,,-8,,
,-3421,,,,,,,,,,,759,,,,341,,54,-14,6,-6,,
,-3928,-4,,,,,,,,,,-1704,,,,-1172,,41,,-11,16,,
12,-3342,47945,,,,,,,,,,824,,,,-657,,-44,-5,-12,2,,
,-3893,2,,,,,,,,,,561,,,,184,,37,-2,3,-3,,
,-3643,40,,,,,,,,,,-1674,,,,-1135,,5,12,10,15,,
,101,-60,,,,,,,,,,-1111,,,,-743,,7,-16,6,-24,,
,284,,,,,,,,,,,400,,,,213,,-23,22,-8,9,,
,124,-19,,,,,,,,,,1971,,,,1171,,13,-12,17,2,,
,-425,1,,,,,,,,,,565,,,,204,,50,-5,-34,-28,,
,-47,-13,,,,,,,,,,-1795,,,,-1245,,28,16,30,17,,
,849,13,,,,,,,,,,-1031,,,,-676,,-45,-19,-18,13,,
,1359,14,,,,,,,,,,398,,,,203,,-37,9,4,5,,
,-2656,-40,,,,,,,,,,1725,,,,921,,-23,11,-2,-25,,
,311,13,,,,,,,,,,532,,,,187,,41,-19,-10,30,,
,1212,-35,,,,,,,,,,-1635,,,,-1080,,16,,21,-10,,
,-937,5,,,,,,,,,,-1150,,,,-801,,-23,12,-8,9,,
,-109,8,,,,,,,,,,177,,,,-29,,-14,,1,-24,,
,2157,-27,,,,,,,,,,1916,,,,1105,,-5,-18,5,12,,
,-2029,1,,,,,,,,,,767,,,,435,,45,4,-18,1,,
,707,,,,,,,,,,,-1768,,,,-1210,,17,-4,10,-16,,
,-1497,-17,,,,,,,,,,-1054,,,,-714,,-2,11,10,8,,
,985,4,,,,,,,,,,430,,,,222,,-27,-6,-2,11,,
,-416,,,,,,,,,,,1827,,,,1017,,-34,24,-6,-8,,
,897,-4,,,,,,,,,,464,,,,148,,6,-20,1,-6,,
,-1484,-9,,,,,,,,,,-1889,,,,-1329,,45,-14,-7,14,,
,376,-5,,,,,,,,,,-1061,,,,-726,,-16,9,-5,-14,,
,179,,,,,,,,,,,572,,,,354,,-58,-21,25,7,,
,63,-12,,,,,,,,,,1899,,,,1078,,9,32,-6,-5,,
,795,11,,,,,,,,,,447,,,,145,,27,3,-2,25,,
,37634,-55,,,,,,,,,,-1622,,,,-1059,,19,2,-12,-16,,
,-3700,3,,,,,,,,,,-960,,,,-631,,-6,-1,8,-4,,
,-3550,-1,,,,,,,,,,441,,,,217,,-37,-11,-13,-3,,
,-3422,-13,,,,,,,,,,1786,,,,968,,-8,12,17,3,,
,-3477,13,,,,,,,,,,300,,,,20,,34,-3,,-1,,
,-3780,-13,,,,,,,,,,-1640,,,,-1073,,7,-13,2,-16,,
,-3560,-18,,,,,,,,,,-1160,,,,-843,,-9,19,-10,13,,
,-3796,,,,,,,,,,,528,,,,293,,-29,-9,6,-1,,
,-3519,4,,,,,,,,,,1859,,,,1037,,5,-26,-17,-3,,
,-3800,,,,,,,,,,,434,,,,160,,46,20,5,10,,
,-3526,-4,,,,,,,,,,-1496,,,,-927,,-4,-9,-1,,,
,-2227,-32,,,,,,,,,,-987,,,,-670,,-13,6,9,3,,
,469,20,,,,,,,,,,497,,,,248,,-38,16,5,-3,,
,1491,-19,,,,,,,,,,1791,,,,968,,-41,1,-4,-7,,
,-1985,18,,,,,,,,,,229,,,,-30,,52,-9,-2,-11,,
,1267,-30,,,,,,,,,,-1709,,,,-1130,,24,-8,-4,8,,
,-1054,,,,,,,,,,,-1009,,,,-693,,-25,6,11,-2,,
,-648,-16,,,,,,,,,,271,,,,15,,-1,9,3,14,,
,220,-4,,,,,,,,,,1983,,,,1148,,-17,-16,-9,-9,,
,2002,5,,,,,,,,,,382,,,,142,,36,,-14,15,,
,-2255,-6,,,,,,,,,,-1741,,,,-1160,,2,-7,21,-8,,
,-20,3,,,,,,,,,,-830,,,,-530,,-15,8,-5,-6,,
,-315,-28,,,,,,,,,,470,,,,206,,-25,5,-3,-2,,
,382,-4,,,,,,,,,,1856,,,,1032,,-15,22,12,9,,
,-92,-15,,,,,,,,,,321,,,,89,,58,-32,1,-16,,
,-86,16,,,,,,,,,,-1725,,,,-1140,,2,16,-15,8,,
,1117,-14,,,,,,,,,,-874,,,,-580,,-4,-14,8,13,,
,-998,-15,,,,,,,,,,525,,,,253,,-23,6,2,-21,,
,281,,,,,,,,,,,1848,,,,1023,,8,28,17,15,,
,571,16,,,,,,,,,,178,,,,-34,,30,-26,-22,-2,,
,-285,-32,,,,,,,,,,-1725,,,,-1142,,19,-7,-5,-7,,
,109,1,,,,,,,,,,-991,,,,-709,,,7,15,,,
,-1152,-1,,,,,,,,,,575,,,,294,,-23,7,-10,-2,,
,334,,,,,,,,,,,1930,,,,1103,,-25,5,14,8,,
,944,-13,,,,,,,,,,317,,,,118,,30,-7,-8,2,,
,-320,-4,,,,,,,,,,-1624,,,,-1043,,15,-12,,-5,,
,77,-13,,,,,,,,,,-936,,,,-657,,-15,4,-1,-11,,
,-911,,,,,,,,,,,385,,,,96,,-39,-12,-2,21,,
,1009,16,,,,,,,,,,1801,,,,968,,11,5,5,16,,
,2259,-33,,,,,,,,,,62,,,,-118,,54,12,-4,-21,,
,-1014,-4,,,,,,,,,,-1807,,,,-1217,,-2,15,-5,4,,
,-2036,7,,,,,,,,,,-826,,,,-549,,-26,-19,-5,-5,,
,176,-18,,,,,,,,,,796,,,,498,,-30,1,10,4,,
,484,16,,,,,,,,,,2019,,,,1184,,5,-6,-19,-8,,
,-638,-15,,,,,,,,,,-39,,,,-211,,38,2,10,13,,
,532,16,,,,,,,,,,-1710,,,,-1118,,2,18,6,-20,,
,-178,-17,,,,,,,,,,-760,,,,-496,,-25,-27,-11,18,,
,-1000,1,,,,,,,,,,609,,,,300,,-44,19,16,-4,,
,-183,-16,,,,,,,,,,1797,,,,965,,15,7,-6,1,,
,-10,2,,,,,,,,,,188,,,,34,,35,-5,-3,1,,
,336,-1,,,,,,,,,,-1512,,,,-922,,-1,-8,6,3,,
,-51,-16,,,,,,,,,,-867,,,,-605,,-13,3,-5,-2,,
,-116,-1,,,,,,,,,,545,,,,231,,-43,8,-1,-15,,
,-141,-13,,,,,,,,,,1772,,,,934,,6,-19,,3,,
,178,-18,,,,,,,,,,233,,,,99,,35,22,22,-15,,
,-64,2,,,,,,,,,,-1734,,,,-1143,,12,-23,-17,22,,
,-4,14,,,,,,,,,,-1003,,,,-748,,-4,2,-24,-5,,
,-9,-32,,,,,,,,,,517,,,,184,,-25,4,10,12,,
,-2,14,,,,,,,,,,2039,,,,1205,,11,15,2,-20,,
,689,7,,,,,,,,,,3,,,,-109,,47,-8,-5,16,,
,-807,-37,,,,,,,,,,-1831,,,,-1241,,-3,10,1,-18,,
,12,22,,,,,,,,,,-582,,,,-342,,-18,2,-1,19,,
,167,-20,,,,,,,,,,556,,,,222,,-5,5,19,-8,,
,12,-4,,,,,,,,,,1637,,,,798,,-5,-29,-2,1,,
,-144,2,,,,,,,,,,38,,,,-70,,-23,29,9,11,,
,342,,,,,,,,,,,-1606,,,,-1007,,19,-11,-22,,,
,2243,-15,,,,,,,,,,-906,,,,-663,,-12,-10,11,-9,,
,179,-4,,,,,,,,,,564,,,,216,,-41,-9,11,4,,
,-1563,-10,,,,,,,,,,1738,,,,906,,5,32,5,-16,100,
,1755,17,,,,,,,,,,80,,,,-12,,32,-16,-20,11,-100,
,-2463,-2,,,,,,,,,,-1581,,,,-989,,-2,5,8,-4,,
,491,-32,,,,,,,,,,-871,,,,-639,,-36,-4,-11,9,,
,-628,-21,,,,,,,,,,817,,,,460,,-17,8,8,,,
,10,1,,,,,,,,,,1750,,,,919,,36,-20,5,11,,
,442,18,,,,,,,,,,-256,,,,-331,,32,17,-5,-26,,
,44,-17,,,,,,,,,,-1777,,,,-1187,,-22,-14,2,,,
,301,-12,,,,,,,,,,-675,,,,-447,,-21,-6,2,-4,,
,-653,12,,,,,,,,,,773,,,,412,,-15,15,-3,27,,
,-296,-34,,,,,,,,,,1955,,,,1123,,3,-10,-5,-16,,
,1133,2,,,,,,,,,,-66,,,,-123,,-5,21,31,-3,,
,-421,3,,,,,,,,,,-1764,,,,-1168,,45,-5,-22,1,,
,-587,-13,,,,,,,,,,-619,,,,-403,,,-26,-2,10,,
,178,9,,,,,,,,,,680,,,,304,,-30,-2,2,4,,
,374,-12,,,,,,,,,,1653,,,,824,,-11,11,-13,-3,,
,-380,-19,,,,,,,,,,-155,,,,-201,,49,-2,15,-8,,
,420,16,,,,,,,,,,-1781,,,,-1186,,2,13,-1,2,,
,-100,-16,,,,,,,,,,-671,,,,-459,,-29,-19,,9,,
,272,,,,,,,,,,,810,,,,435,,-26,23,8,-19,,
,-111,-1,,,,,,,,,,1785,,,,956,,23,1,-14,-8,,
,127,1,,,,,,,,,,-187,,,,-222,,54,-10,2,18,,
,1464,-11,,,,,,,,,,-1653,,,,-1063,,15,-5,-9,8,,
,-1199,,,,,,,,,,,-619,,,,-410,,-20,14,-8,-14,,
,-456,-18,,,,,,,,,,782,,,,390,,-32,1,2,4,,
,-383,,,,,,,,,,,1889,,,,1055,,7,-16,2,-1,,
,-104,,,,,,,,,,,-52,,,,-63,,54,10,10,10,,
,2704,14,,,,,,,,,,-1672,,,,-1079,,-3,-16,-7,-2,,
,-2240,-33,,,,,,,,,,-668,,,,-474,,-11,25,-1,10,,
,523,-1,,,,,,,,,,808,,,,409,,-52,-20,15,1,,
,-154,9,,,,,,,,,,1760,,,,933,,-5,11,-3,-24,,
,-198,-32,,,,,,,,,,-406,,,,-405,,35,10,-22,14,,
,-543,23,,,,,,,,,,-1709,,,,-1114,,4,-26,16,-17,,
,-69,-43,,,,,,,,,,-688,,,,-499,,-12,12,,-8,,
,143,2,,,,,,,,,,728,,,,320,,-42,,6,8,,
,-153,-2,,,,,,,,,,1838,,,,1014,,7,15,-5,2,,
,496,5,,,,,,,,,,-439,,,,-426,,52,-21,4,23,,
,-426,-17,,,,,,,,,,-1767,,,,-1178,,,31,,-12,,
,1478,-15,,,,,,,,,,-643,,,,-462,,-9,-19,5,-12,,
,-1801,-5,,,,,,,,,,933,,,,513,,-25,5,-13,5,,
,70,22,,,,,,,,,,1853,,,,1036,,5,-17,16,-14,,
,-547,-21,,,,,,,,,,-483,,,,-447,,32,-2,-27,33,,
,115714,19,,,,,,,,,,-1616,,,,-1023,,-1,7,4,-20,,
,-3482,-30,,,,,,,,,,-554,,,,-378,,-19,14,7,11,,
,-3378,11,,,,,,,,,,887,,,,457,,-49,-9,-8,-14,,
,-3667,-28,,,,,,,,,,1710,,,,896,,39,-9,5,18,,
,-3412,17,,,,,,,,,,-518,,,,-474,,49,26,11,-8,,
,-3740,-19,,,,,,,,,,-1798,,,,-1216,,-3,-21,-1,8,,
,-3264,-15,,,,,,,,,,-691,,,,-522,,-23,14,-1,-12,,
,-3784,,,,,,,,,,,1028,,,,592,,-43,-16,-8,6,,
,-3331,10,,,,,,,,,,1824,,,,1006,,22,11,-7,-6,,
,-3823,1,,,,,,,,,,-195,,,,-136,,46,-1,-7,7,,
,-3358,3,,,,,,,,,,-1795,,,,-1208,,-4,-8,27,7,,
,-3707,-1,,,,,,,,,,-605,,,,-439,,-39,-4,-8,3,,
,-3640,3,,,,,,,,,,908,,,,459,,-50,26,4,-6,,
,-3633,-15,,,,,,,,,,1805,,,,994,,-5,-19,7,-4,,
,-3628,-12,,,,,,,,,,-465,,,,-393,,30,-6,-6,-5,,
,-3756,,,,,,,,,,,-1748,,,,-1159,,2,22,13,-3,,
13,-3637,51921,,,,,,,,,,1732,,,,-165,,31,-34,-23,15,,
,-3764,8,,,,,,,,,,-1521,,,,-944,,-33,12,3,-2,,
,-1535,-8,,,,,,,,,,-538,,,,-404,,11,6,9,-18,,
,51,-22,,,,,,,,,,1041,,,,560,,-46,1,-25,8,,
,2377,5,,,,,,,,,,1698,,,,906,,23,-2,15,3,,
,-2175,-18,,,,,,,,,,-703,,,,-574,,15,-4,19,-3,,
,-1048,-17,,,,,,,,,,-1843,,,,-1268,,3,-4,-7,7,,
,648,,,,,,,,,,,-451,,,,-320,,-46,-4,-1,-16,,
,-31,,,,,,,,,,,1136,,,,644,,-11,9,,14,,
,-717,4,,,,,,,,,,1751,,,,959,,36,-4,-9,-10,,
,1307,-4,,,,,,,,,,-511,,,,-363,,43,-6,2,15,,
,-245,-10,,,,,,,,,,-1786,,,,-1215,,-12,44,14,-2,,
,-609,-18,,,,,,,,,,-307,,,,-187,,-18,-44,-12,-14,,
,39,2,,,,,,,,,,1028,,,,528,,-21,11,1,-7,,
,-24,-14,,,,,,,,,,1709,,,,922,,19,-7,5,28,,
,-66,1,,,,,,,,,,-732,,,,-573,,16,33,3,-28,,
,131,13,,,,,,,,,,-1572,,,,-1002,,-20,-29,-5,30,,
,-227,-15,,,,,,,,,,-574,,,,-463,,-22,17,-11,-9,,
,272,-18,,,,,,,,,,1181,,,,668,,-32,-17,,-11,,
,217,1,,,,,,,,,,1698,,,,918,,17,-7,-6,12,,
,-224,1,,,,,,,,,,-749,,,,-572,,65,7,10,-7,,
,-394,1,,,,,,,,,,-1734,,,,-1163,,-6,-4,-2,-6,,
,1199,-5,,,,,,,,,,-502,,,,-400,,-16,1,2,8,,
,-1133,-12,,,,,,,,,,959,,,,430,,-28,-2,19,8,,
,-75,-22,,,,,,,,,,1751,,,,987,,-9,-4,-9,-18,,
,-47,7,,,,,,,,,,-587,,,,-399,,15,5,-11,9,,
,81152,-9,,,,,,,,,,-1595,,,,-1033,,10,-2,-1,-2,,
,-3862,-7,,,,,,,,,,-478,,,,-376,,-13,5,2,-13,,
,-3416,16,,,,,,,,,,923,,,,391,,-28,21,,8,,
,-3669,-16,,,,,,,,,,1759,,,,988,,13,-10,4,13,,
,-3559,,,,,,,,,,,-600,,,,-400,,48,4,4,-16,,
,-3703,,,,,,,,,,,-1567,,,,-1006,,20,-15,-2,21,,
,-3563,-35,,,,,,,,,,-332,,,,-235,,12,-1,-7,-8,,
,-3375,5,,,,,,,,,,1165,,,,628,,-12,4,13,-15,,
,-3805,,,,,,,,,,,1636,,,,878,,26,-7,-23,15,,
,-3832,,,,,,,,,,,-870,,,,-659,,26,14,19,-6,,
,-3625,-2,,,,,,,,,,-1784,,,,-1229,,4,5,-7,7,,
,-3819,-16,,,,,,,,,,-439,,,,-352,,-26,-13,1,-6,,
,-3723,,,,,,,,,,,1226,,,,683,,-18,13,-8,-17,,
,-3841,-1,,,,,,,,,,1638,,,,879,,3,-10,21,17,,
,-3740,-29,,,,,,,,,,-859,,,,-634,,33,-3,-20,-3,,
,-3841,-2,,,,,,,,,,-1809,,,,-1252,,-34,-9,11,-4,,
4,-3712,15949,,,,,,,,,,150,,,,-293,,29,-8,-14,10,,
,-3824,3,,,,,,,,,,-370,,,,-299,,-7,24,-1,-10,,
,-2537,-4,,,,,,,,,,1228,,,,668,,-37,-18,1,8,,
,393,-16,,,,,,,,,,1530,,,,794,,8,6,4,-11,,
,-80,4,,,,,,,,,,-849,,,,-608,,20,11,7,3,,
,184,11,,,,,,,,,,-1372,,,,-832,,-12,-17,-10,12,,
,-73,-32,,,,,,,,,,-327,,,,-255,,3,18,-8,5,,
,-372,1,,,,,,,,,,1276,,,,701,,-11,-22,16,-5,,
,755,-2,,,,,,,,,,1450,,,,720,,-25,28,11,-4,,
,445,3,,,,,,,,,,-934,,,,-671,,-2,-22,,-2,,
,-99,-1,,,,,,,,,,-1436,,,,-898,,-18,5,-10,1,,
,63,,,,,,,,,,,-409,,,,-352,,-10,-1,-5,1,,
,-310,-31,,,,,,,,,,1196,,,,615,,-14,13,11,,,
,354,3,,,,,,,,,,1370,,,,646,,7,1,-12,2,,
,-855,1,,,,,,,,,,-1037,,,,-764,,54,14,4,-18,,
,-252,-1,,,,,,,,,,-1574,,,,-1039,,36,-27,10,17,,
,250,-16,,,,,,,,,,-287,,,,-237,,-15,9,-7,,,
,-159,1,,,,,,,,,,1250,,,,660,,-46,-4,,-7,,
,-81,-1,,,,,,,,,,1517,,,,795,,,-5,3,1,,
,-469,1,,,,,,,,,,-920,,,,-629,,21,16,-3,10,,
,-2,-16,,,,,,,,,,-1602,,,,-1066,,12,3,,-14,,
,257,,,,,,,,,,,-167,,,,-124,,-7,-9,9,,,
,259,-15,,,,,,,,,,1390,,,,792,,-5,15,-5,-5,,
,1178,,,,,,,,,,,1596,,,,889,,16,-10,-7,6,,
,-218,-16,,,,,,,,,,-926,,,,-627,,27,-24,8,12,,
,-961,16,,,,,,,,,,-1620,,,,-1098,,-26,14,-9,-22,,
,307,-20,,,,,,,,,,-234,,,,-195,,-8,16,,21,,
,213,4,,,,,,,,,,1296,,,,690,,,-35,-1,1,,
,44,-15,,,,,,,,,,1357,,,,661,,13,34,-3,-12,,
,-658,12,,,,,,,,,,-977,,,,-673,,-6,-10,-2,9,,
,259,-33,,,,,,,,,,-1397,,,,-872,,-8,-4,8,-12,,
,423,21,,,,,,,,,,-435,,,,-404,,8,1,-1,4,,
,-379,-16,,,,,,,,,,1281,,,,665,,-46,9,14,4,,
,2895,,,,,,,,,,,1631,,,,938,,24,-12,-11,-13,,
,-2870,-15,,,,,,,,,,-1288,,,,-967,,61,-8,-2,18,,
,757,-16,,,,,,,,,,-1613,,,,-1095,,-2,2,-5,3,,
,-867,17,,,,,,,,,,-302,,,,-276,,-18,-10,-2,-7,,
,143,,,,,,,,,,,1268,,,,641,,7,12,5,2,,
,-410,-19,,,,,,,,,,1722,,,,1040,,12,5,-2,12,,
,124,-13,,,,,,,,,,-1084,,,,-746,,24,5,7,-5,,
,-332,-1,,,,,,,,,,-1616,,,,-1105,,-27,10,7,-20,,
,-42,-16,,,,,,,,,,-339,,,,-326,,-25,,-1,1,,
,68,15,,,,,,,,,,1382,,,,747,,-18,-10,-6,19,,
,23,1,,,,,,,,,,1427,,,,757,,36,-12,,-6,,
,604,-32,,,,,,,,,,-1025,,,,-678,,18,-3,-2,-1,,
,-753,3,,,,,,,,,,-1351,,,,-845,,-18,32,-1,1,,
,-394,-2,,,,,,,,,,-293,,,,-288,,-30,-16,-13,-5,,
,288,-13,,,,,,,,,,1332,,,,691,,-22,-5,14,8,,
,-64,,,,,,,,,,,1413,,,,754,,20,-1,-13,-5,,
,198,-2,,,,,,,,,,-1156,,,,-800,,58,-25,14,4,,
,419,-17,,,,,,,,,,-1524,,,,-1019,,3,40,5,-4,,
,-723,3,,,,,,,,,,-86,,,,-89,,-11,-10,-1,7,,
,-106,13,,,,,,,,,,1532,,,,878,,-41,4,-10,-17,,
,781,-28,,,,,,,,,,1327,,,,682,,22,6,3,3,,
,-358,15,,,,,,,,,,-1284,,,,-918,,7,1,-5,14,,
,-182,-32,,,,,,,,,,-1182,,,,-685,,-21,-6,9,-7,,
,-156,17,,,,,,,,,,-118,,,,-126,,-14,-5,-5,-10,,
,500,-16,,,,,,,,,,1373,,,,718,,-15,-21,-20,20,,
,121,-16,,,,,,,,,,1315,,,,675,,14,37,32,-20,,
,354,1,,,,,,,,,,-1214,,,,-841,,44,-9,-14,2,,
,-896,-15,,,,,,,,,,-1431,,,,-939,,-21,-16,15,7,,
,-176,,,,,,,,,,,-55,,,,-70,,-20,13,-3,13,,
,136,-6,,,,,,,,,,1587,,,,922,,-38,-23,3,-12,,
,70,23,,,,,,,,,,1443,,,,811,,31,30,-6,-6,,
,297,,,,,,,,,,,-1212,,,,-824,,20,-10,1,,,
,-375,-21,,,,,,,,,,-1647,,,,-1160,,7,-10,-17,15,,
,318,,,,,,,,,,,-291,,,,-319,,-30,-13,13,-10,,
,-5,-2,,,,,,,,,,1393,,,,720,,-13,10,-16,-5,,
,-321,2,,,,,,,,,,1466,,,,845,,16,23,8,12,,
,109,-36,,,,,,,,,,-1214,,,,-817,,17,-21,-3,-10,,
,505,-11,,,,,,,,,,-1418,,,,-931,,,-12,9,2,,
,-243,11,,,,,,,,,,-132,,,,-163,,-5,27,20,-8,,
,458,-11,,,,,,,,,,1477,,,,797,,-20,5,-23,-2,,
,53,-17,,,,,,,,,,1178,,,,571,,13,-11,-12,27,,
,780,1,,,,,,,,,,-1296,,,,-892,,5,-9,13,-25,,
,-1607,-4,,,,,,,,,,-1460,,,,-987,,9,18,11,20,,
,134,1,,,,,,,,,,-245,,,,-285,,3,-4,-20,-13,,
,273,2,,,,,,,,,,1621,,,,934,,-8,-10,-11,18,,
,294,2,,,,,,,,,,1289,,,,695,,34,7,13,-19,,
,152,-13,,,,,,,,,,-1404,,,,-987,,28,-1,4,-1,,
,-756,-20,,,,,,,,,,-1492,,,,-1020,,-35,-4,-2,4,,
,650,,,,,,,,,,,15,,,,-38,,-53,3,7,-21,,
,-394,-17,,,,,,,,,,1598,,,,910,,-23,-7,15,10,,
,-120,15,,,,,,,,,,1171,,,,579,,32,-6,-24,7,,
,183,1,,,,,,,,,,-1312,,,,-876,,18,8,5,8,,
,-117,-12,,,,,,,,,,-1431,,,,-965,,,15,,-17,,
,461,-21,,,,,,,,,,-92,,,,-143,,-24,-15,5,12,,
,205,5,,,,,,,,,,1657,,,,951,,-28,9,-2,3,,
,-43,-2,,,,,,,,,,1226,,,,647,,26,,4,-7,,
,-976,-2,,,,,,,,,,-1325,,,,-892,,31,9,-7,7,,
,3964,-24,,,,,,,,,,-1458,,,,-1001,,3,-10,9,8,,
,108501,8,,,,,,,,,,-24,,,,-85,,-33,4,18,-18,,
,-3568,6,,,,,,,,,,1735,,,,1026,,-30,-16,-20,6,,
,-3334,-20,,,,,,,,,,1030,,,,464,,-3,8,-4,6,,
,-3243,7,,,,,,,,,,-1486,,,,-1039,,22,-6,-4,-16,,
,-3832,-7,,,,,,,,,,-1109,,,,-653,,4,9,15,24,,
,-2873,-19,,,,,,,,,,52,,,,-14,,-14,6,-9,-5,,
,-3762,20,,,,,,,,,,1420,,,,706,,-2,-1,-4,-9,,
,-3254,-12,,,,,,,,,,938,,,,385,,42,-1,6,,,
,-3804,-34,,,,,,,,,,-1307,,,,-862,,31,-12,2,6,,
,-3366,33,,,,,,,,,,-1289,,,,-841,,-35,6,-19,2,,
,-3457,-31,,,,,,,,,,21,,,,-57,,-30,2,18,-13,,
,-3415,1,,,,,,,,,,1684,,,,962,,-23,1,11,-3,,
,-3745,-16,,,,,,,,,,1200,,,,660,,8,-8,-14,3,,
,-3411,13,,,,,,,,,,-1484,,,,-1022,,8,-4,-9,-3,,
,-3467,-14,,,,,,,,,,-1520,,,,-1077,,-3,6,-10,11,,
,-3761,-4,,,,,,,,,,52,,,,-37,,-38,-8,22,,,
12,-3590,47966,,,,,,,,,,1452,,,,-200,,112,3,-9,2,,
,-3768,-14,,,,,,,,,,-1274,,,,-855,,-34,6,5,6,,
,-3606,-32,,,,,,,,,,178,,,,76,,-15,-9,12,-4,,
,-833,17,,,,,,,,,,1572,,,,822,,-10,10,5,-20,,
,149,-9,,,,,,,,,,823,,,,336,,15,-20,-26,19,,
,1666,-14,,,,,,,,,,-1457,,,,-965,,-1,2,10,-10,,
,-1429,,,,,,,,,,,-1241,,,,-826,,-10,19,-11,1,,
,951,,,,,,,,,,,163,,,,46,,-5,-15,-5,16,,
,-700,,,,,,,,,,,1674,,,,916,,-3,2,22,-25,,
,1656,1,,,,,,,,,,828,,,,355,,45,29,-20,19,,
,-2344,-36,,,,,,,,,,-1567,,,,-1068,,5,-25,2,24,,
,590,28,,,,,,,,,,-1089,,,,-682,,-7,18,25,-34,,
,-82,-26,,,,,,,,,,216,,,,92,,-7,-15,3,-14,,
,-284,,,,,,,,,,,1567,,,,812,,-40,7,-9,24,,
,-930,-2,,,,,,,,,,942,,,,479,,29,-7,-16,3,,
,18,-7,,,,,,,,,,-1620,,,,-1111,,33,1,7,-8,,
,-147,-8,,,,,,,,,,-1253,,,,-853,,-35,-3,-8,12,,
,1293,-18,,,,,,,,,,399,,,,269,,-9,4,26,-1,,
,-137,14,,,,,,,,,,1652,,,,891,,10,22,-14,-24,,
,-357,-30,,,,,,,,,,762,,,,309,,34,-19,3,14,,
,448,13,,,,,,,,,,-1518,,,,-1008,,-20,-5,-10,3,,
,-739,-9,,,,,,,,,,-1103,,,,-708,,-19,2,8,-15,,
,95,-17,,,,,,,,,,141,,,,,,-21,11,-1,-7,,
,-285,-5,,,,,,,,,,1680,,,,905,,-15,6,-3,38,,
,268,18,,,,,,,,,,725,,,,290,,4,-16,,-25,,
,216,-13,,,,,,,,,,-1409,,,,-886,,14,12,2,-7,,
,81773,31,,,,,,,,,,-1090,,,,-702,,28,-12,-7,20,,
,-3536,-46,,,,,,,,,,17,,,,-131,,-12,-8,13,-25,,
,-3727,,,,,,,,,,,1658,,,,886,,-4,2,-18,20,,
,-3497,,,,,,,,,,,879,,,,458,,34,21,23,-7,,
,-3735,-33,,,,,,,,,,-1621,,,,-1100,,16,-17,-16,20,,
,-3228,,,,,,,,,,,-1199,,,,-813,,-4,8,9,-17,,
,-1165,,,,,,,,,,,243,,,,91,,-41,-8,7,-8,,
,-3168,,,,,,,,,,,1702,,,,922,,-14,3,-21,22,,
,-3612,,,,,,,,,,,638,,,,225,,45,-6,6,-17,,
,-3418,3,,,,,,,,,,-1775,,,,-1247,,14,-1,8,14,,
,-3763,-32,,,,,,,,,,-1189,,,,-811,,-38,14,9,-14,,
,-3234,20,,,,,,,,,,432,,,,268,,-16,5,-4,-18,,
,-3763,-10,,,,,,,,,,2034,,,,1243,,-13,-3,-19,27,,
,-3493,-8,,,,,,,,,,699,,,,306,,37,-4,20,17,,
,-3750,-18,,,,,,,,,,-1819,,,,-1282,,44,-18,-15,-17,,
,-3714,18,,,,,,,,,,-1138,,,,-769,,-26,-8,-7,5,,
4,-3678,15953,,,,,,,,,,-233,,,,-667,,-22,33,3,-24,,
,-3617,31,,,,,,,,,,207,,,,28,,-6,-17,-3,9,,
,-3754,-30,,,,,,,,,,1889,,,,1092,,-30,7,15,15,,
,-3609,13,,,,,,,,,,708,,,,342,,21,2,-6,-1,,
,-66,-31,,,,,,,,,,-1585,,,,-1043,,59,-15,15,-6,,
,403,-18,,,,,,,,,,-908,,,,-550,,-32,-1,-18,-3,,
,33,1,,,,,,,,,,260,,,,77,,-33,6,3,3,,
,-384,-5,,,,,,,,,,1834,,,,1032,,-39,-7,8,,,
,165,,,,,,,,,,,402,,,,51,,7,18,-18,1,,
,-583,-8,,,,,,,,,,-1788,,,,-1236,,19,15,-7,-17,,
,368,13,,,,,,,,,,-1036,,,,-681,,11,-20,23,12,,
,170,-13,,,,,,,,,,375,,,,176,,-18,-16,-16,3,,
,720,-14,,,,,,,,,,1798,,,,992,,6,14,9,8,,
,-1822,-5,,,,,,,,,,405,,,,69,,27,-8,-7,-1,,
,239,1,,,,,,,,,,-1667,,,,-1115,,-2,11,17,,,
,-230,-13,,,,,,,,,,-1010,,,,-662,,-20,11,-8,-16,,
,287,-17,,,,,,,,,,371,,,,165,,-6,-14,11,-5,,
,-116,,,,,,,,,,,2119,,,,1306,,-11,-6,-22,26,,
,600,-1,,,,,,,,,,740,,,,414,,44,4,6,-13,,
,-276,1,,,,,,,,,,-1664,,,,-1099,,15,,4,-15,,
,-125,-12,,,,,,,,,,-1299,,,,-956,,-32,-9,-3,13,,
,958,3,,,,,,,,,,363,,,,145,,-46,8,8,7,,
,2002,-47,,,,,,,,,,1954,,,,1142,,-19,23,-14,4,,
,-3442,54,,,,,,,,,,485,,,,176,,74,-14,-2,-14,,
,774,-53,,,,,,,,,,-1650,,,,-1088,,32,-14,5,-1,,
,-147,-1,,,,,,,,,,-957,,,,-622,,-16,20,5,,,
,130,-12,,,,,,,,,,249,,,,25,,-19,3,-7,8,,
,-462,14,,,,,,,,,,1854,,,,1039,,-9,-1,1,,,
,-189,-14,,,,,,,,,,403,,,,109,,28,-15,19,-10,,
,16,-20,,,,,,,,,,-1619,,,,-1053,,14,-21,-20,15,,
,262,2,,,,,,,,,,-1054,,,,-729,,-27,18,9,2,,
,-219,2,,,,,,,,,,406,,,,176,,-2,-7,-3,1,,
,386,-2,,,,,,,,,,1921,,,,1105,,9,8,18,-19,,
,-261,-12,,,,,,,,,,425,,,,141,,20,-1,-16,10,,
,262,-18,,,,,,,,,,-1830,,,,-1252,,23,-10,19,16,,
,14,16,,,,,,,,,,-999,,,,-680,,3,7,-27,-25,,
,135,-17,,,,,,,,,,355,,,,113,,-18,10,28,2,,
,-846,19,,,,,,,,,,1830,,,,1008,,-41,-6,-12,,,
,322,-19,,,,,,,,,,410,,,,142,,24,9,-6,7,,
,-231,2,,,,,,,,,,-1757,,,,-1180,,24,9,5,2,,
,-343,-33,,,,,,,,,,-939,,,,-631,,1,-12,-19,6,,
,753,4,,,,,,,,,,485,,,,238,,-4,-8,10,-18,,
,-320,13,,,,,,,,,,1825,,,,1006,,-9,3,4,12,,
,558,-18,,,,,,,,,,412,,,,161,,6,-8,-9,-14,,
,-659,-11,,,,,,,,,,-1609,,,,-1029,,-14,27,12,9,,
,3254,,,,,,,,,,,-928,,,,-622,,8,-14,-1,13,,
,-3032,7,,,,,,,,,,430,,,,173,,-40,3,-2,-25,,
,128,-7,,,,,,,,,,1961,,,,1131,,-7,-15,3,18,,
,-13,-15,,,,,,,,,,273,,,,38,,40,12,-5,-17,,
,1477,-16,,,,,,,,,,-1613,,,,-1032,,2,-12,14,16,,
,-1612,,,,,,,,,,,-869,,,,-568,,-22,13,-14,-7,,
,746,,,,,,,,,,,426,,,,160,,-13,-14,9,-4,,
,121,-16,,,,,,,,,,1828,,,,998,,-13,5,-15,16,,
,-721,17,,,,,,,,,,14,,,,-204,,48,10,,-6,,
,229,-32,,,,,,,,,,-1725,,,,-1143,,28,6,-6,-4,,
,270,16,,,,,,,,,,-849,,,,-555,,-1,-1,13,-8,,
,-111,-16,,,,,,,,,,472,,,,196,,-27,-4,1,12,,
,226,,,,,,,,,,,1699,,,,862,,-8,-11,10,8,,
,-432,,,,,,,,,,,347,,,,148,,36,13,-15,-11,,
,537,,,,,,,,,,,-1560,,,,-972,,27,-5,25,-8,,
,-418,-32,,,,,,,,,,-929,,,,-645,,-1,18,-27,14,,
,-77,1,,,,,,,,,,495,,,,210,,-49,-17,19,-20,,
,1628,17,,,,,,,,,,1901,,,,1075,,-37,-16,-8,13,,
,-1915,-18,,,,,,,,,,285,,,,94,,19,14,-6,8,,
,479,1,,,,,,,,,,-1594,,,,-1009,,23,5,2,-12,,
,8,1,,,,,,,,,,-980,,,,-701,,-28,11,-3,-10,,
,-225,-17,,,,,,,,,,581,,,,286,,-46,-26,7,10,,
,-116,-15,,,,,,,,,,1616,,,,784,,27,9,-3,7,,
,599,4,,,,,,,,,,-74,,,,-249,,77,-14,-1,-13,,
,-122,7,,,,,,,,,,-1681,,,,-1088,,22,22,-2,9,,
,-757,-26,,,,,,,,,,-650,,,,-385,,-16,-2,2,-3,,
,651,13,,,,,,,,,,538,,,,240,,-32,-18,-11,22,,
,190,-31,,,,,,,,,,2021,,,,1194,,-22,-2,12,-21,,
,-231,16,,,,,,,,,,3,,,,-159,,38,11,10,17,,
,1660,1,,,,,,,,,,-1866,,,,-1279,,-27,31,-8,-6,,
,-1709,-30,,,,,,,,,,-689,,,,-423,,-24,-43,-1,-2,,
,-136,13,,,,,,,,,,658,,,,345,,8,-2,2,10,,
,-210,-14,,,,,,,,,,2013,,,,1178,,-4,13,-1,-6,,
,3403,2,,,,,,,,,,56,,,,-85,,31,-9,-10,-7,,
,-3427,-16,,,,,,,,,,-1887,,,,-1293,,-14,13,15,-4,,
,651,-1,,,,,,,,,,-867,,,,-610,,-23,-16,-11,9,,
,107,-17,,,,,,,,,,687,,,,367,,-9,26,-3,-3,,
,-379,13,,,,,,,,,,1869,,,,1031,,22,-18,17,-13,,
,340,4,,,,,,,,,,20,,,,-110,,54,33,6,13,,
,-18,-12,,,,,,,,,,-1785,,,,-1186,,9,-26,-10,3,,
,-532,-23,,,,,,,,,,-773,,,,-522,,-10,-9,-20,3,,
,-178,24,,,,,,,,,,566,,,,235,,-50,17,16,-17,,
,62,-22,,,,,,,,,,1738,,,,908,,-8,-6,-11,7,,
,-232,-2,,,,,,,,,,-35,,,,-145,,19,-5,5,7,,
,496,-1,,,,,,,,,,-1508,,,,-920,,8,-3,-11,-15,,
,-972,-8,,,,,,,,,,-621,,,,-375,,4,22,18,20,,
,4307,11,,,,,,,,,,671,,,,329,,-46,-18,-7,-14,,
,-3908,,,,,,,,,,,1903,,,,1066,,-10,-13,4,-2,,
,-678,-10,,,,,,,,,,73,,,,-24,,43,9,6,6,,
,45,-16,,,,,,,,,,-1754,,,,-1158,,,8,-12,11,,
,-123,-23,,,,,,,,,,-877,,,,-641,,-20,-8,-12,-4,,
,-15,-14,,,,,,,,,,717,,,,370,,-7,-2,27,-27,,
,-84,14,,,,,,,,,,1756,,,,929,,12,27,-9,11,,
,-55,-29,,,,,,,,,,6,,,,-71,,26,-7,-6,3,,
,1253,1,,,,,,,,,,-1682,,,,-1093,,-1,-9,10,-17,,
,-1024,-3,,,,,,,,,,-719,,,,-490,,-5,-6,-4,17,,
,-165,4,,,,,,,,,,877,,,,519,,-38,9,-6,-2,,
,-72,-22,,,,,,,,,,1888,,,,1054,,-8,-11,1,-2,,
,1068,4,,,,,,,,,,-332,,,,-395,,28,-4,-3,,,
,-992,-1,,,,,,,,,,-2008,,,,-1415,,11,10,12,15,,
,56339,-4,,,,,,,,,,-705,,,,-485,,-10,1,-7,-21,,
,-3859,7,,,,,,,,,,770,,,,403,,7,-4,8,13,,
,-3484,-5,,,,,,,,,,1619,,,,792,,7,12,-24,-1,,
,-1702,-32,,,,,,,,,,-166,,,,-215,,46,3,28,7,,
,-3403,4,,,,,,,,,,-1558,,,,-960,,-9,-17,3,-19,,
,-3470,2,,,,,,,,,,-570,,,,-355,,-17,-1,-8,17,,
,-3679,-2,,,,,,,,,,585,,,,204,,-38,-9,-10,5,,
,-3491,1,,,,,,,,,,1703,,,,866,,6,-1,3,-11,,
,-3718,-28,,,,,,,,,,-66,,,,-96,,23,23,6,9,,
,-3255,1,,,,,,,,,,-1520,,,,-924,,-16,5,-6,3,,
,-3765,-1,,,,,,,,,,-737,,,,-527,,-3,-5,-3,-3,,
,-3120,,,,,,,,,,,670,,,,282,,-37,-22,3,-7,,
,-3780,,,,,,,,,,,1989,,,,1160,,-8,-8,17,-3,,
,-3259,,,,,,,,,,,-420,,,,-440,,62,28,-21,10,,
,-3736,3,,,,,,,,,,-1775,,,,-1181,,-1,-1,11,3,,
,-3552,-24,,,,,,,,,,-572,,,,-374,,-17,-7,-4,-9,,
,-3747,-1,,,,,,,,,,1072,,,,674,,-33,,-6,4,,
,330,-3,,,,,,,,,,1903,,,,1078,,20,18,17,1,,
,-392,-1,,,,,,,,,,-419,,,,-423,,21,-10,-17,-10,,
,416,,,,,,,,,,,-1898,,,,-1304,,-4,-6,-2,-10,,
,500,1,,,,,,,,,,-596,,,,-399,,-17,19,4,8,,
,-1154,-24,,,,,,,,,,907,,,,505,,-20,-6,14,5,,
,-165,-20,,,,,,,,,,1747,,,,921,,-8,-20,-15,-13,,
,715,2,,,,,,,,,,-373,,,,-365,,39,-6,-4,22,,
,-369,-14,,,,,,,,,,-1827,,,,-1240,,20,2,10,-3,,
,-658,11,,,,,,,,,,-549,,,,-357,,-26,3,-11,9,,
,291,1,,,,,,,,,,821,,,,412,,-45,-1,6,-16,,
,-281,-31,,,,,,,,,,1677,,,,857,,19,17,-4,15,,
,711,20,,,,,,,,,,-318,,,,-296,,31,-3,12,-34,,
,-311,-20,,,,,,,,,,-1606,,,,-1019,,-6,15,-2,25,,
,-536,,,,,,,,,,,-681,,,,-504,,-12,-20,-2,-1,,
,1298,-1,,,,,,,,,,945,,,,524,,-14,7,-8,-6,,
,-764,-11,,,,,,,,,,1668,,,,850,,16,-4,11,1,,
,220,1,,,,,,,,,,-421,,,,-384,,23,1,-2,11,,
,76,-20,,,,,,,,,,-1559,,,,-967,,22,-27,-9,15,,
,171,2,,,,,,,,,,-588,,,,-414,,-30,27,7,-23,,
,1786,-3,,,,,,,,,,745,,,,313,,-49,3,-5,13,,
,-2199,1,,,,,,,,,,1717,,,,899,,12,-5,9,-2,,
,216,-6,,,,,,,,,,-440,,,,-386,,8,-5,-30,,,
,238,,,,,,,,,,,-1570,,,,-979,,23,-8,9,-15,,
,49,30,,,,,,,,,,-722,,,,-556,,2,26,20,3,,
,112128,-24,,,,,,,,,,1150,,,,706,,-33,-3,-14,7,,
,-3550,3,,,,,,,,,,1866,,,,1051,,-10,-24,1,5,,
,-3723,-15,,,,,,,,,,-497,,,,-425,,27,8,11,-14,,
,-3800,-1,,,,,,,,,,-1867,,,,-1281,,6,-9,-3,-2,,
,-3691,,,,,,,,,,,-605,,,,-445,,-7,9,17,5,,
,-3695,-18,,,,,,,,,,1022,,,,569,,-41,-3,-23,12,,
,-3490,7,,,,,,,,,,1823,,,,1022,,3,-2,1,2,,
,-3851,,,,,,,,,,,-454,,,,-374,,58,6,21,-20,,
,-3675,-38,,,,,,,,,,-1739,,,,-1160,,-16,-9,-18,10,,
,-3487,31,,,,,,,,,,-507,,,,-353,,-18,12,13,-11,,
,-3680,-31,,,,,,,,,,982,,,,522,,-25,-8,-17,11,,
,-3854,-16,,,,,,,,,,1741,,,,941,,14,19,14,-10,,
,-3472,4,,,,,,,,,,-607,,,,-505,,64,-11,-3,4,,
,-3863,-1,,,,,,,,,,-1588,,,,-1008,,-29,3,-1,-12,,
,-3760,,,,,,,,,,,-415,,,,-269,,6,9,-4,20,,
,-3871,1,,,,,,,,,,980,,,,509,,-28,-8,-4,7,,
12,-3777,47931,,,,,,,,,,-509,,,,-1481,,56,8,1,-9,,
,-3867,24,,,,,,,,,,-299,,,,-179,,10,-14,-5,7,,
,-1662,-38,,,,,,,,,,972,,,,475,,-9,-1,-6,-15,,
,-188,-9,,,,,,,,,,1453,,,,675,,19,-5,-2,-1,,
,-579,-18,,,,,,,,,,-637,,,,-484,,18,19,2,15,,
,-32,2,,,,,,,,,,-1552,,,,-990,,-12,-8,8,-1,,
,131,,,,,,,,,,,-368,,,,-256,,12,1,-5,,,
,206,-1,,,,,,,,,,895,,,,395,,-16,-7,15,-1,,
,459,-2,,,,,,,,,,1697,,,,920,,-18,11,-17,2,,
,-199,-12,,,,,,,,,,-782,,,,-615,,12,-6,1,-14,,
,-268,-16,,,,,,,,,,-1703,,,,-1135,,-28,-22,5,6,,
,-167,17,,,,,,,,,,-395,,,,-283,,-10,7,6,11,,
,185,-19,,,,,,,,,,1044,,,,530,,-14,15,-7,4,,
,-243,5,,,,,,,,,,1584,,,,808,,29,-16,2,-17,,
,1327,-19,,,,,,,,,,-917,,,,-732,,17,12,3,10,,
,-622,-19,,,,,,,,,,-1408,,,,-849,,11,4,-3,-25,,
,-318,19,,,,,,,,,,-406,,,,-297,,11,,13,18,,
,410,-31,,,,,,,,,,1121,,,,593,,-35,4,4,-6,,
,-28,12,,,,,,,,,,1612,,,,846,,18,-3,-13,-5,,
,-762,-3,,,,,,,,,,-754,,,,-553,,38,12,7,8,,
,777,3,,,,,,,,,,-1528,,,,-971,,-26,-25,-14,7,,
,-43,-29,,,,,,,,,,-405,,,,-310,,-39,25,10,-13,,
,14,,,,,,,,,,,1112,,,,575,,-28,-17,7,14,,
,-668,-15,,,,,,,,,,1679,,,,913,,20,12,-18,-12,,
,169,19,,,,,,,,,,-781,,,,-568,,25,-25,5,13,,
,358,-4,,,,,,,,,,-1743,,,,-1187,,9,-1,5,-2,,
,824,-32,,,,,,,,,,-372,,,,-276,,-19,8,11,2,,
,27996,,,,,,,,,,,1488,,,,943,,-6,14,-18,3,,
,-3824,1,,,,,,,,,,1769,,,,1015,,34,15,2,-4,,
,-3589,4,,,,,,,,,,-1074,,,,-854,,19,-11,1,-4,,
,-3892,-17,,,,,,,,,,-1817,,,,-1261,,-27,-7,13,8,,
,-3400,-1,,,,,,,,,,-426,,,,-341,,-27,,-5,-4,,
,-3759,,,,,,,,,,,1330,,,,781,,-33,-1,-7,-13,,
,-3191,1,,,,,,,,,,1702,,,,951,,31,-10,7,3,,
,-3480,16,,,,,,,,,,-989,,,,-751,,47,9,-12,3,,
,-3676,-44,,,,,,,,,,-1693,,,,-1143,,16,-5,18,-22,,
,4718,11,,,,,,,,,,-308,,,,-235,,-65,-10,2,25,,
,-3760,-13,,,,,,,,,,1192,,,,631,,-32,20,-10,5,,
,-978,-43,,,,,,,,,,1518,,,,779,,14,4,9,7,,
,-447,3,,,,,,,,,,-916,,,,-673,,31,-6,-8,-5,,
,190,-15,,,,,,,,,,-1530,,,,-981,,-7,8,-4,-2,,
,-236,12,,,,,,,,,,-454,,,,-387,,7,-10,-1,-7,,
,296,-13,,,,,,,,,,1386,,,,812,,-9,5,3,-12,,
,-641,1,,,,,,,,,,1847,,,,1114,,25,11,-6,13,,
,388,,,,,,,,,,,-866,,,,-610,,39,-10,3,-16,,
,35,-33,,,,,,,,,,-1696,,,,-1147,,-25,-9,14,9,,
,-227,17,,,,,,,,,,-437,,,,-378,,7,-9,-27,23,,
,398,-15,,,,,,,,,,1316,,,,738,,-36,12,22,-22,,
,626,12,,,,,,,,,,1590,,,,865,,21,1,4,-9,,
,-1197,-32,,,,,,,,,,-1005,,,,-731,,49,2,-3,-5,,
,126,6,,,,,,,,,,-1659,,,,-1120,,-20,-3,-4,22,,
,131,-3,,,,,,,,,,-392,,,,-336,,-54,9,-5,-16,,
,-217,-14,,,,,,,,,,1418,,,,824,,6,6,21,11,,
,2288,-1,,,,,,,,,,1516,,,,803,,21,-4,,1,,
,-1860,-1,,,,,,,,,,-953,,,,-675,,16,4,-21,-3,,
,892,-12,,,,,,,,,,-1594,,,,-1060,,-33,-8,,8,,
,-1532,-17,,,,,,,,,,-320,,,,-272,,-32,-11,-2,,,
,1573,,,,,,,,,,,1484,,,,886,,-15,2,-8,8,,
,-1467,1,,,,,,,,,,1460,,,,753,,11,7,5,-12,,
,222,11,,,,,,,,,,-1169,,,,-872,,53,-5,18,-21,,
,116,-26,,,,,,,,,,-1461,,,,-933,,6,-3,,17,,
,1047,-2,,,,,,,,,,-150,,,,-108,,-32,-1,-1,6,,
,-1290,-15,,,,,,,,,,1370,,,,763,,-37,19,-9,-2,,
,430,16,,,,,,,,,,1489,,,,788,,28,-8,-20,8,,
,50,,,,,,,,,,,-1140,,,,-831,,40,1,21,-11,,
,-485,-15,,,,,,,,,,-1450,,,,-920,,-28,-9,2,26,,
,468,-14,,,,,,,,,,-339,,,,-304,,-3,4,-10,-31,,
,-367,-4,,,,,,,,,,1418,,,,805,,-6,5,5,12,,
,126,3,,,,,,,,,,1636,,,,942,,18,-1,2,,,
,31,1,,,,,,,,,,-1241,,,,-922,,16,-13,-1,-1,,
,-38,-3,,,,,,,,,,-1812,,,,-1293,,-18,-4,6,8,,
,-129,-13,,,,,,,,,,-317,,,,-290,,-50,-6,-13,-15,,
,275,-3,,,,,,,,,,1481,,,,860,,-20,15,15,-8,,
,249,-11,,,,,,,,,,1406,,,,720,,53,-7,9,18,,
,-267,-15,,,,,,,,,,-1230,,,,-898,,19,8,-17,2,,
,-144,8,,,,,,,,,,-1308,,,,-796,,-35,-1,7,4,,
,94,-26,,,,,,,,,,-43,,,,-27,,-10,,-1,-3,,
,-252,-3,,,,,,,,,,1308,,,,682,,-15,1,-3,3,,
,-202,2,,,,,,,,,,1370,,,,700,,41,19,8,-15,,
,187,-17,,,,,,,,,,-1308,,,,-964,,14,-16,-24,22,,
,-65,19,,,,,,,,,,-1569,,,,-1058,,5,-13,10,-13,,
,618,-4,,,,,,,,,,-105,,,,-96,,-25,16,7,2,,
,-156,1,,,,,,,,,,1715,,,,1075,,-45,-12,-9,-13,,
,-470,-29,,,,,,,,,,1457,,,,792,,19,,-4,-4,,
,1149,-2,,,,,,,,,,-1241,,,,-889,,14,5,,-2,,
,-1412,-2,,,,,,,,,,-1462,,,,-956,,-6,17,6,5,,
,982,5,,,,,,,,,,-149,,,,-142,,-19,-1,1,9,,
,-960,-4,,,,,,,,,,1424,,,,775,,-13,-22,-3,-4,,
,456,-13,,,,,,,,,,1420,,,,762,,46,4,6,,,
,-511,1,,,,,,,,,,-1170,,,,-804,,32,-7,-14,-1,,
,-125,,,,,,,,,,,-1540,,,,-1040,,-26,25,21,25,,
,475,-16,,,,,,,,,,-294,,,,-300,,-4,-10,-6,-25,,
,7,1,,,,,,,,,,1520,,,,866,,-30,-13,-15,6,,
,77,1,,,,,,,,,,1432,,,,784,,-5,2,20,-14,,
,522,-32,,,,,,,,,,-1233,,,,-855,,24,-6,-13,-14,,
,-1121,9,,,,,,,,,,-1494,,,,-1000,,-22,7,7,35,,
,-73,-9,,,,,,,,,,-136,,,,-145,,-37,-9,-7,-11,,
,393,12,,,,,,,,,,1455,,,,790,,-13,-2,10,-15,,
,19,-3,,,,,,,,,,1201,,,,569,,38,16,-12,26,,
,380,-9,,,,,,,,,,-1271,,,,-890,,27,11,14,-18,,
,-332,4,,,,,,,,,,-1439,,,,-945,,,11,8,4,,
,119,-23,,,,,,,,,,-166,,,,-186,,-15,-28,-12,14,,
,-14,,,,,,,,,,,1312,,,,644,,-37,10,-4,-13,,
,1261,4,,,,,,,,,,1379,,,,755,,27,-16,,3,,
,-1202,-4,,,,,,,,,,-1334,,,,-938,,21,7,9,4,,
,402,,,,,,,,,,,-1312,,,,-824,,9,11,1,-9,,
,-513,-35,,,,,,,,,,-99,,,,-126,,16,-23,-18,4,,
,-656,-14,,,,,,,,,,1410,,,,733,,-20,15,-3,-6,,
,857,2,,,,,,,,,,1189,,,,573,,14,5,-3,12,,
,279,11,,,,,,,,,,-1223,,,,-815,,-2,5,17,-8,,
,-613,-29,,,,,,,,,,-1351,,,,-876,,-17,,-1,-10,,
,330,-4,,,,,,,,,,-195,,,,-232,,-25,-9,7,-7,,
,-708,8,,,,,,,,,,1486,,,,803,,-29,1,-6,32,,
,931,-5,,,,,,,,,,1338,,,,741,,24,-1,-5,-9,,
,-815,-2,,,,,,,,,,-1216,,,,-799,,43,-8,-6,-9,,
,583,-9,,,,,,,,,,-1587,,,,-1117,,-11,-3,17,15,,
,-595,-1,,,,,,,,,,-154,,,,-193,,-25,,-10,-7,,
,246,-14,,,,,,,,,,1800,,,,1101,,-14,3,4,-4,,
,378,-3,,,,,,,,,,1232,,,,644,,37,-6,-6,-8,,
,180,-2,,,,,,,,,,-1483,,,,-1061,,24,9,-3,2,,
,-793,-12,,,,,,,,,,-1238,,,,-772,,-19,-3,12,2,,
,56,12,,,,,,,,,,-135,,,,-187,,-24,22,-6,7,,
,256,-11,,,,,,,,,,1638,,,,938,,-33,-25,-6,-17,,
,-218,-11,,,,,,,,,,1248,,,,677,,20,10,5,21,,
,9,-7,,,,,,,,,,-1586,,,,-1153,,57,5,9,-15,,
,803,-6,,,,,,,,,,-1288,,,,-828,,-7,-14,-14,-3,,
,-325,10,,,,,,,,,,139,,,,78,,-11,7,30,22,,
,-238,-6,,,,,,,,,,1714,,,,1008,,-18,-16,-24,-6,,
,-424,-23,,,,,,,,,,1140,,,,574,,43,40,23,-10,,
,393,,,,,,,,,,,-1321,,,,-878,,-2,-3,-11,8,,
,1788,,,,,,,,,,,-1304,,,,-849,,-20,-21,-15,-4,,
,-2444,3,,,,,,,,,,-76,,,,-146,,15,7,,-13,,
,610,-10,,,,,,,,,,1597,,,,884,,-20,-9,4,29,,
,-437,7,,,,,,,,,,1206,,,,653,,29,-13,-8,-10,,
,270,-27,,,,,,,,,,-1416,,,,-962,,47,11,20,10,,
,282,20,,,,,,,,,,-1501,,,,-1053,,-34,-5,-3,-13,,
,-269,-20,,,,,,,,,,-134,,,,-207,,-31,,4,-2,,
,114438,-30,,,,,,,,,,1561,,,,841,,-41,18,-5,-6,,
,-3725,6,,,,,,,,,,1167,,,,633,,29,-9,-11,14,,
,-3450,2,,,,,,,,,,-1398,,,,-937,,37,-1,13,5,,
,-3725,-3,,,,,,,,,,-1372,,,,-928,,-17,4,-2,-12,,
,-3628,2,,,,,,,,,,202,,,,117,,-44,8,-12,8,,
,-3818,-33,,,,,,,,,,1751,,,,1021,,-51,-14,2,-8,,
,-3795,2,,,,,,,,,,986,,,,457,,20,-1,-8,17,,
,-3834,,,,,,,,,,,-1467,,,,-1000,,38,11,12,-21,,
,-2973,,,,,,,,,,,-1334,,,,-894,,-5,-6,7,-4,,
,-3799,,,,,,,,,,,6,,,,-83,,8,2,-4,1,,
,-3064,-32,,,,,,,,,,1796,,,,1062,,22,8,18,9,,
,-3686,4,,,,,,,,,,948,,,,430,,41,-12,-21,12,,
,-3222,-5,,,,,,,,,,-1649,,,,-1167,,1,2,3,-18,,
,-3870,2,,,,,,,,,,-1113,,,,-685,,-39,,5,,,
,-2949,-13,,,,,,,,,,-36,,,,-134,,-10,25,2,-13,,
,-3765,-20,,,,,,,,,,1615,,,,869,,-30,-24,-14,21,,
12,-3005,47954,,,,,,,,,,-1886,,,,-2347,,37,-4,5,-10,,
,-3782,27,,,,,,,,,,289,,,,167,,-12,,-17,25,,
,-3392,13,,,,,,,,,,1884,,,,1123,,-40,12,11,-30,,
,-3184,-44,,,,,,,,,,971,,,,504,,12,7,14,7,,
,351,1,,,,,,,,,,-1718,,,,-1210,,25,-12,-27,-9,,
,1185,-1,,,,,,,,,,-1351,,,,-943,,-15,-4,2,7,,
,-768,-28,,,,,,,,,,248,,,,125,,-26,10,19,6,,
,-826,-5,,,,,,,,,,1727,,,,961,,-26,-5,-7,-13,,
,140,46,,,,,,,,,,788,,,,334,,24,-2,7,24,,
,1003,-58,,,,,,,,,,-1688,,,,-1182,,21,-13,-1,-4,,
,-1501,13,,,,,,,,,,-1409,,,,-1007,,-22,19,-8,-24,,
,1009,-18,,,,,,,,,,200,,,,66,,,4,-3,15,,
,-156,-8,,,,,,,,,,1842,,,,1072,,1,10,13,4,,
,976,-5,,,,,,,,,,1021,,,,579,,42,-20,-13,7,,
,-1059,,,,,,,,,,,-1584,,,,-1064,,,19,13,-2,,
,1103,,,,,,,,,,,-1239,,,,-839,,-24,-25,2,-16,,
,-662,4,,,,,,,,,,160,,,,11,,-15,6,-19,13,,
,-143,-14,,,,,,,,,,1846,,,,1070,,,1,,14,,
,-226,-3,,,,,,,,,,742,,,,314,,63,-19,2,-10,,
,118,-13,,,,,,,,,,-1731,,,,-1206,,17,16,-7,1,,
,-55,-4,,,,,,,,,,-1112,,,,-726,,-8,-10,20,-4,,
,110,-10,,,,,,,,,,403,,,,250,,-29,23,-14,-15,,
,-684,10,,,,,,,,,,1655,,,,875,,-18,-11,-4,18,,
,339,-28,,,,,,,,,,652,,,,237,,34,15,14,-12,,
,562,-2,,,,,,,,,,-1595,,,,-1069,,44,-11,2,13,,
,-331,21,,,,,,,,,,-1071,,,,-686,,-13,-19,1,-33,,
,126,-18,,,,,,,,,,199,,,,38,,-47,34,3,29,,
,79722,-2,,,,,,,,,,1845,,,,1059,,-52,-7,-2,-22,,
,-3740,-13,,,,,,,,,,642,,,,244,,38,-17,2,5,,
,-3700,-15,,,,,,,,,,-1790,,,,-1251,,17,17,2,15,,
,-3853,15,,,,,,,,,,-944,,,,-570,,-6,9,-5,-13,,
,-3441,-15,,,,,,,,,,370,,,,200,,-18,-25,-11,10,,
,-3863,-21,,,,,,,,,,1786,,,,997,,-4,-17,6,12,,
,-3421,5,,,,,,,,,,567,,,,186,,47,20,9,4,,
,-3866,17,,,,,,,,,,-1547,,,,-1008,,6,3,-11,-3,,
,-3532,-36,,,,,,,,,,-1240,,,,-878,,-30,10,13,-7,,
,-3867,1,,,,,,,,,,145,,,,-29,,-18,,,,,
,-3320,,,,,,,,,,,2030,,,,1239,,-7,-11,-1,-14,,
,-3802,-1,,,,,,,,,,861,,,,488,,59,11,3,-4,,
,-3362,5,,,,,,,,,,-1770,,,,-1229,,-2,-26,-15,7,,
,-3888,-4,,,,,,,,,,-1319,,,,-950,,-31,24,26,2,,
,-3395,-28,,,,,,,,,,239,,,,50,,-15,7,-4,-4,,
,-3815,-2,,,,,,,,,,1931,,,,1135,,-17,-31,-11,6,,
4,-1594,16001,,,,,,,,,,-31,,,,-484,,13,4,-1,-9,,
,-3426,4,,,,,,,,,,504,,,,162,,4,5,4,10,,
,-3385,-33,,,,,,,,,,-1632,,,,-1076,,-7,8,-4,,,
,-978,-16,,,,,,,,,,-1142,,,,-791,,8,-15,-1,-7,,
,-427,16,,,,,,,,,,361,,,,157,,-11,13,-12,24,,
,95,-16,,,,,,,,,,1969,,,,1160,,-14,12,10,-3,,
,31,-17,,,,,,,,,,526,,,,199,,37,-24,-10,-17,,
,273,17,,,,,,,,,,-1736,,,,-1172,,18,28,3,-5,,
,347,-17,,,,,,,,,,-1150,,,,-807,,-15,-15,-1,6,,
,1410,-12,,,,,,,,,,235,,,,23,,-62,11,13,5,,
,-1792,11,,,,,,,,,,1923,,,,1113,,-28,-1,-2,-17,,
,629,-10,,,,,,,,,,617,,,,308,,25,-18,-3,6,,
,142,-44,,,,,,,,,,-1784,,,,-1220,,26,1,-17,15,,
,-679,-13,,,,,,,,,,-1100,,,,-763,,-3,-7,21,-10,,
,3549,13,,,,,,,,,,311,,,,83,,-24,15,-10,4,,
,-3691,-13,,,,,,,,,,1792,,,,982,,3,14,6,1,,
,301,13,,,,,,,,,,420,,,,126,,27,-9,1,11,,
,-96,-13,,,,,,,,,,-1604,,,,-1033,,5,-3,8,-25,,
,1169,3,,,,,,,,,,-933,,,,-610,,-21,-18,-17,10,,
,-1482,-20,,,,,,,,,,445,,,,211,,-8,24,13,1,,
,229,-3,,,,,,,,,,1823,,,,1013,,-2,,-11,17,,
,890,3,,,,,,,,,,330,,,,46,,41,-34,9,10,,
,-887,-30,,,,,,,,,,-1607,,,,-1033,,-2,32,2,-26,,
,124,15,,,,,,,,,,-999,,,,-675,,-7,5,13,-7,,
,-46,-13,,,,,,,,,,120,,,,-115,,-23,-3,-26,3,,
,-708,-4,,,,,,,,,,1829,,,,1010,,-47,-20,-4,4,,
,-100,1,,,,,,,,,,579,,,,308,,50,1,7,3,,
,-138,1,,,,,,,,,,-1695,,,,-1118,,36,5,3,1,,
,93,-32,,,,,,,,,,-1207,,,,-897,,-32,17,-4,8,,
,88,19,,,,,,,,,,508,,,,265,,-37,-21,,-23,,
,965,-16,,,,,,,,,,2022,,,,1202,,-3,8,14,10,,
,-37,-17,,,,,,,,,,367,,,,111,,31,-16,-10,-9,,
,-1129,1,,,,,,,,,,-1796,,,,-1214,,30,23,3,-8,,
,5,13,,,,,,,,,,-1199,,,,-891,,-39,4,3,26,,
,-52,-12,,,,,,,,,,532,,,,277,,-37,-20,-10,-9,,
,849,-1,,,,,,,,,,1994,,,,1168,,21,3,9,-5,,
,27,-16,,,,,,,,,,337,,,,98,,82,-4,-22,16,,
,904,1,,,,,,,,,,-1778,,,,-1200,,26,17,20,-22,,
,-191,-18,,,,,,,,,,-998,,,,-693,,-22,4,-3,15,,
,-1154,-14,,,,,,,,,,656,,,,390,,-37,-3,,1,,
,-241,15,,,,,,,,,,2055,,,,1230,,-1,-20,-3,1,,
,306,-19,,,,,,,,,,190,,,,-31,,33,27,10,-6,,
,400,2,,,,,,,,,,-1567,,,,-988,,-13,-11,-11,-5,,
,-627,,,,,,,,,,,-899,,,,-604,,-18,-10,-2,11,,
,143,-14,,,,,,,,,,501,,,,232,,1,11,13,-11,,
,-193,-17,,,,,,,,,,1742,,,,918,,4,-18,-4,-2,,
,3246,2,,,,,,,,,,246,,,,38,,35,4,,4,,
,-2765,19,,,,,,,,,,-1549,,,,-963,,-6,4,-11,-2,,
,-677,-36,,,,,,,,,,-921,,,,-630,,-14,-6,6,9,,
,226,2,,,,,,,,,,544,,,,260,,-31,3,9,-7,,
,-231,,,,,,,,,,,1808,,,,973,,-6,4,7,3,,
,567,,,,,,,,,,,79,,,,-115,,37,-5,-9,6,,
,-517,-18,,,,,,,,,,-1899,,,,-1311,,5,-1,-4,2,,
,144,-2,,,,,,,,,,-868,,,,-584,,-11,25,3,-7,,
,63,4,,,,,,,,,,537,,,,252,,-27,-24,-10,6,,
,-8,-16,,,,,,,,,,1820,,,,988,,-28,-1,15,6,,
,1002,-14,,,,,,,,,,273,,,,92,,52,10,-13,-19,,
,5226,33,,,,,,,,,,-1757,,,,-1167,,21,9,-8,-4,,
,-2651,-38,,,,,,,,,,-768,,,,-491,,-24,,11,7,,
,-3777,-10,,,,,,,,,,545,,,,246,,-6,-21,18,-8,,
,-168,12,,,,,,,,,,2004,,,,1174,,-40,-2,-19,11,,
,532,-13,,,,,,,,,,47,,,,-119,,29,7,-14,9,,
,-389,-17,,,,,,,,,,-1614,,,,-1021,,32,8,21,-1,,
,292,3,,,,,,,,,,-933,,,,-660,,-4,5,-2,12,,
,685,15,,,,,,,,,,637,,,,325,,-24,-18,-5,,,
,-604,-34,,,,,,,,,,2125,,,,1295,,-7,5,1,-19,,
,-416,17,,,,,,,,,,76,,,,-74,,45,-3,6,2,,
,945,-5,,,,,,,,,,-1880,,,,-1290,,-13,7,-7,-20,,
,-1109,1,,,,,,,,,,-639,,,,-380,,-2,-4,-1,19,,
,89,-25,,,,,,,,,,522,,,,205,,-11,4,8,-6,,
,265,3,,,,,,,,,,1602,,,,774,,-13,7,11,1,,
,341,10,,,,,,,,,,-12,,,,-146,,34,15,-13,7,,
,585,-31,,,,,,,,,,-1550,,,,-960,,38,-12,,-9,,
,-1605,,,,,,,,,,,-800,,,,-544,,-1,5,9,3,,
,802,-11,,,,,,,,,,635,,,,308,,-5,-6,-7,10,,
,116,12,,,,,,,,,,1873,,,,1042,,5,8,-18,10,,
,984,-2,,,,,,,,,,63,,,,-51,,19,-24,1,-2,,
,-1677,-2,,,,,,,,,,-1629,,,,-1037,,-10,6,11,-16,,
,285,2,,,,,,,,,,-829,,,,-576,,1,2,-1,-13,,
,305,-32,,,,,,,,,,727,,,,394,,-52,-4,-1,16,,
,-733,-16,,,,,,,,,,1952,,,,1119,,-24,-3,12,-8,,
,843,12,,,,,,,,,,-46,,,,-153,,25,3,-13,7,,
,-237,6,,,,,,,,,,-1804,,,,-1212,,-2,23,3,-9,,
,-246,-17,,,,,,,,,,-904,,,,-664,,7,-17,15,-3,,
,-93,-22,,,,,,,,,,805,,,,466,,-11,-2,-16,16,,
,70,3,,,,,,,,,,1775,,,,943,,-28,-21,18,2,,
,-379,-14,,,,,,,,,,-155,,,,-247,,55,34,-24,-15,,
,957,15,,,,,,,,,,-1855,,,,-1259,,3,5,17,10,,
,-24,-5,,,,,,,,,,-703,,,,-463,,-42,-17,-2,9,,
,295,-9,,,,,,,,,,753,,,,400,,-57,8,13,-25,,
,115651,13,,,,,,,,,,1875,,,,1041,,-4,-4,-21,22,,
,-3727,-2,,,,,,,,,,-192,,,,-273,,32,3,12,-14,,
,-2625,-31,,,,,,,,,,-1666,,,,-1070,,7,,-16,12,,
,-3813,-3,,,,,,,,,,-604,,,,-374,,2,-7,-3,13,,
,-3402,-25,,,,,,,,,,755,,,,392,,-41,-1,-6,-11,,
,-3403,-2,,,,,,,,,,1841,,,,1015,,-22,24,28,-11,,
,-3779,5,,,,,,,,,,-170,,,,-230,,38,-9,-3,-8,,
,-3668,-1,,,,,,,,,,-1845,,,,-1250,,-13,-10,-5,15,,
,-3719,,,,,,,,,,,-779,,,,-560,,-8,10,-12,-4,,
,-3705,,,,,,,,,,,729,,,,355,,10,-8,-3,-1,,
,-3810,-27,,,,,,,,,,1740,,,,914,,9,-10,11,2,,
,-3683,12,,,,,,,,,,-174,,,,-215,,40,2,4,-12,,
,-3831,1,,,,,,,,,,-1612,,,,-1023,,,16,-5,14,,
,-3721,-19,,,,,,,,,,-653,,,,-440,,-4,-24,2,4,,
,-3821,7,,,,,,,,,,722,,,,346,,-37,22,-4,-10,,
,-3720,-6,,,,,,,,,,1907,,,,1083,,-26,-4,-3,10,,
13,-3801,51936,,,,,,,,,,-1967,,,,-2473,,-45,10,27,-12,,
,-3710,-9,,,,,,,,,,1864,,,,1040,,5,,-31,9,,
,-2866,-32,,,,,,,,,,-351,,,,-332,,25,-33,16,5,,
,858,9,,,,,,,,,,-1740,,,,-1149,,-2,9,-11,-15,,
,2115,-28,,,,,,,,,,-624,,,,-434,,-17,7,9,-1,,
,-2524,25,,,,,,,,,,816,,,,401,,-11,18,-9,-2,,
,164,-29,,,,,,,,,,1772,,,,949,,,-11,7,23,,
,699,,,,,,,,,,,-365,,,,-335,,37,-23,1,-14,,
,-1213,-11,,,,,,,,,,-1644,,,,-1053,,6,7,-10,-2,,
,550,14,,,,,,,,,,-623,,,,-442,,-15,5,7,-5,,
,-378,-21,,,,,,,,,,790,,,,361,,-33,11,,11,,
,1254,2,,,,,,,,,,1964,,,,1148,,8,-10,-1,-4,,
,-1274,13,,,,,,,,,,-299,,,,-247,,49,-3,-4,3,,
,-41,2,,,,,,,,,,-1760,,,,-1170,,26,-3,-14,-2,,
,1248,2,,,,,,,,,,-672,,,,-502,,-31,3,5,-11,,
,-1331,-22,,,,,,,,,,768,,,,328,,-17,19,7,19,,
,161,-1,,,,,,,,,,1817,,,,1004,,27,-11,12,-7,,
,-219,-1,,,,,,,,,,-338,,,,-276,,39,-5,-6,2,,
,281,1,,,,,,,,,,-1708,,,,-1124,,2,-11,-4,,,
,316,-7,,,,,,,,,,-727,,,,-560,,9,7,-3,15,,
,-21,8,,,,,,,,,,1060,,,,616,,-42,-4,3,-36,,
,83,-40,,,,,,,,,,1852,,,,1039,,-4,,4,19,,
,-454,34,,,,,,,,,,-445,,,,-364,,25,-2,5,-18,,
,776,-33,,,,,,,,,,-1796,,,,-1217,,9,-16,1,33,,
,-998,-13,,,,,,,,,,-663,,,,-503,,-7,35,-10,-14,,
,601,9,,,,,,,,,,972,,,,518,,-50,,-5,-16,,
,80858,-13,,,,,,,,,,1862,,,,1057,,3,-8,7,18,,
,-1953,-13,,,,,,,,,,-358,,,,-273,,33,-9,-8,-10,,
,-2680,14,,,,,,,,,,-1812,,,,-1224,,13,19,15,-5,,
,-3889,-30,,,,,,,,,,-660,,,,-504,,6,-9,6,8,,
,-3321,16,,,,,,,,,,1190,,,,725,,-31,-2,-20,4,,
,-3725,,,,,,,,,,,1826,,,,1022,,1,12,3,-27,,
,-3528,-34,,,,,,,,,,-462,,,,-358,,65,1,-1,12,,
,-3775,21,,,,,,,,,,-1724,,,,-1146,,3,-9,-14,4,,
,-1723,-34,,,,,,,,,,-667,,,,-522,,-17,-25,1,8,,
,-3814,3,,,,,,,,,,987,,,,516,,-27,22,34,-16,,
,-2919,-3,,,,,,,,,,1921,,,,1119,,3,-7,-18,11,,
,-3810,,,,,,,,,,,-529,,,,-413,,32,26,-3,5,,
,-3411,3,,,,,,,,,,-1797,,,,-1217,,3,-24,10,,,
,-3749,1,,,,,,,,,,-504,,,,-361,,-10,-9,-37,6,,
,-3438,-34,,,,,,,,,,899,,,,417,,-13,9,29,-4,,
,-3725,,,,,,,,,,,1695,,,,904,,13,1,-2,6,,
4,-3389,15988,,,,,,,,,,-323,,,,-759,,-73,-2,-2,5,,
,-3748,24,,,,,,,,,,-658,,,,-518,,48,10,12,-21,,
,-3307,-3,,,,,,,,,,-1521,,,,-948,,17,14,-3,11,,
,-3740,-55,,,,,,,,,,-375,,,,-253,,-9,-12,9,-21,,
,-362,12,,,,,,,,,,958,,,,458,,-16,-5,-21,18,,
,-823,-28,,,,,,,,,,1630,,,,849,,-11,-1,9,17,,
,1155,4,,,,,,,,,,-713,,,,-552,,23,-14,5,-17,,
,-1959,12,,,,,,,,,,-1640,,,,-1070,,23,7,,-19,,
,1396,-14,,,,,,,,,,-531,,,,-413,,9,23,-6,8,,
,-1315,-22,,,,,,,,,,893,,,,389,,-31,-13,10,12,,
,440,7,,,,,,,,,,1714,,,,938,,-12,9,-10,1,,
,-624,1,,,,,,,,,,-528,,,,-359,,29,-25,3,-3,,
,173,-17,,,,,,,,,,-1476,,,,-908,,-12,7,9,11,,
,397,13,,,,,,,,,,-449,,,,-339,,-2,10,-8,4,,
,-507,-4,,,,,,,,,,1160,,,,647,,-10,-6,4,-8,,
,177,-5,,,,,,,,,,1729,,,,957,,12,-1,-10,-13,,
,227,-4,,,,,,,,,,-745,,,,-562,,32,9,12,-8,,
,511,-35,,,,,,,,,,-1689,,,,-1128,,-2,-6,,18,,
,-593,18,,,,,,,,,,-496,,,,-387,,3,14,10,-4,,
,178,,,,,,,,,,,1130,,,,603,,-41,-2,-12,11,,
,-669,-13,,,,,,,,,,1720,,,,953,,6,-21,,-5,,
,161,-19,,,,,,,,,,-862,,,,-659,,28,31,7,-26,,
,-226,33,,,,,,,,,,-1649,,,,-1084,,-4,-15,-11,13,,
,108,-49,,,,,,,,,,-283,,,,-193,,-25,-4,3,-6,,
,15,16,,,,,,,,,,1174,,,,632,,-50,-11,-12,23,,
,522,-13,,,,,,,,,,1698,,,,941,,-2,-6,15,-23,,
,785,1,,,,,,,,,,-981,,,,-770,,43,8,-15,10,,
,1252,,,,,,,,,,,-1728,,,,-1173,,4,11,13,-3,,
,-2282,-29,,,,,,,,,,-304,,,,-213,,,-6,-12,11,,
,295,-1,,,,,,,,,,1263,,,,719,,-17,7,-1,6,,
,371,16,,,,,,,,,,1732,,,,977,,17,-18,9,-2,,
,-638,-15,,,,,,,,,,-882,,,,-660,,35,9,6,-19,,
,-238,-1,,,,,,,,,,-1547,,,,-990,,5,-16,-6,25,,
,412,-44,,,,,,,,,,-611,,,,-526,,-15,53,4,-34,,
,-646,1,,,,,,,,,,1172,,,,617,,-47,-24,8,18,,
,2380,-12,,,,,,,,,,1637,,,,891,,-35,-14,-10,9,,
,-2443,3,,,,,,,,,,-848,,,,-608,,8,-5,-6,-9,,
,132,-3,,,,,,,,,,-1497,,,,-947,,2,1,-5,10,,
,314,-16,,,,,,,,,,-341,,,,-267,,22,5,4,5,,
,-326,,,,,,,,,,,1060,,,,501,,-27,10,4,2,,
,76,-13,,,,,,,,,,1725,,,,984,,2,-6,-6,-8,,
,8,11,,,,,,,,,,-790,,,,-540,,48,5,18,-2,,
,150,-1,,,,,,,,,,-1599,,,,-1046,,-2,-8,-7,8,,
,1769,-12,,,,,,,,,,-119,,,,-60,,-13,-1,-6,-9,,
,-1949,-18,,,,,,,,,,1395,,,,830,,-22,-3,5,-20,,
,231,3,,,,,,,,,,1490,,,,761,,2,8,-3,9,,
,-107,,,,,,,,,,,-1109,,,,-853,,25,-2,-1,4,,
,221,3,,,,,,,,,,-1709,,,,-1167,,-26,14,6,-1,,
,-280,-35,,,,,,,,,,-287,,,,-224,,-6,-9,13,-11,,
,-229,17,,,,,,,,,,1320,,,,745,,-22,-17,-43,-3,,
,1103,-15,,,,,,,,,,1494,,,,770,,27,-3,29,16,,
,-1042,,,,,,,,,,,-974,,,,-701,,44,32,,2,,
,369,-1,,,,,,,,,,-1575,,,,-1038,,-12,-20,-11,5,,
,1440,1,,,,,,,,,,-247,,,,-195,,-22,1,4,-1,,
,-1442,-4,,,,,,,,,,1117,,,,524,,-19,15,6,-25,,
,-318,-9,,,,,,,,,,1553,,,,839,,21,-23,-1,38,,
,545,-35,,,,,,,,,,-1173,,,,-880,,55,3,21,-34,,
,-335,13,,,,,,,,,,-1538,,,,-1004,,-21,-8,-25,20,,
,107,5,,,,,,,,,,-236,,,,-192,,-27,3,-4,-2,,
,16,-3,,,,,,,,,,1209,,,,611,,-20,4,-8,2,,
,-266,-14,,,,,,,,,,1632,,,,930,,35,4,24,1,,
,118,1,,,,,,,,,,-954,,,,-654,,-7,1,-16,-7,,
,-335,-17,,,,,,,,,,-1513,,,,-983,,-3,14,6,5,,
,221,1,,,,,,,,,,-371,,,,-334,,18,-8,10,4,,
,1005,-17,,,,,,,,,,1368,,,,763,,-31,-2,12,-13,,
,-412,,,,,,,,,,,1569,,,,873,,11,-3,-32,10,,
,-626,-13,,,,,,,,,,-1033,,,,-720,,12,19,8,3,,
,197,-4,,,,,,,,,,-1677,,,,-1149,,11,-13,-4,-10,,
,19,3,,,,,,,,,,-332,,,,-306,,-3,5,4,22,,
,-219,-1,,,,,,,,,,1402,,,,790,,-32,-13,13,-31,,
,346,-15,,,,,,,,,,1413,,,,728,,29,18,-13,,,
,439,,,,,,,,,,,-1186,,,,-865,,15,-5,,18,,
,916,-14,,,,,,,,,,-1455,,,,-940,,-22,-16,-5,-20,,
,-1355,,,,,,,,,,,-320,,,,-297,,-12,-7,-6,16,,
,-211,-19,,,,,,,,,,1368,,,,749,,-15,14,12,29,,
,-303,2,,,,,,,,,,1647,,,,967,,20,13,-5,-41,,
,-125,,,,,,,,,,,-1184,,,,-853,,40,-21,-2,19,,
,364,-14,,,,,,,,,,-1550,,,,-1036,,10,17,-5,-4,,
,-221,-2,,,,,,,,,,-290,,,,-273,,-35,-13,22,-5,,
,573,-2,,,,,,,,,,1347,,,,717,,-54,9,-18,-5,,
,163,4,,,,,,,,,,1627,,,,954,,28,-1,3,16,,
,-508,,,,,,,,,,,-985,,,,-640,,34,-17,3,5,,
,-91,-17,,,,,,,,,,-1432,,,,-920,,2,18,7,-2,,
,58,,,,,,,,,,,-249,,,,-241,,-17,-8,,-28,,
,-402,1,,,,,,,,,,1258,,,,620,,-20,9,-13,18,,
,447,-16,,,,,,,,,,1505,,,,846,,6,-18,1,,,
,2691,-2,,,,,,,,,,-1352,,,,-996,,21,10,3,-3,,
,-2329,-13,,,,,,,,,,-1487,,,,-976,,-25,-7,-8,10,,
,-737,-16,,,,,,,,,,-132,,,,-134,,-27,34,28,-37,,
,1757,,,,,,,,,,,1423,,,,776,,-18,-14,-20,17,,
,-1676,7,,,,,,,,,,1438,,,,784,,45,-14,23,15,,
,3847,-12,,,,,,,,,,-1064,,,,-700,,33,24,-19,-13,,
,-2784,14,,,,,,,,,,-1600,,,,-1097,,9,-28,-17,1,,
,-437,-5,,,,,,,,,,-272,,,,-278,,22,17,30,5,,
,-766,-22,,,,,,,,,,1526,,,,873,,-32,-6,-5,-1,,
,12,22,,,,,,,,,,1367,,,,723,,23,-6,2,3,,
,-24,-19,,,,,,,,,,-1249,,,,-870,,19,1,-20,3,,
,1007,-27,,,,,,,,,,-1587,,,,-1091,,-30,-11,-16,5,,
,-566,-12,,,,,,,,,,-115,,,,-123,,-24,16,20,-7,,
,114,1,,,,,,,,,,1505,,,,837,,-13,2,16,-8,,
,469,-2,,,,,,,,,,1402,,,,768,,15,17,,5,,
,-807,-10,,,,,,,,,,-1174,,,,-783,,24,-26,-10,11,,
,66987,,,,,,,,,,,-1421,,,,-930,,-14,,-9,4,,
,-3701,11,,,,,,,,,,-230,,,,-250,,-9,3,20,-5,,
,-3718,-11,,,,,,,,,,1388,,,,718,,-38,7,-31,-7,,
,-3867,,,,,,,,,,,1325,,,,701,,36,-18,22,-2,,
,-3826,-34,,,,,,,,,,-1310,,,,-912,,47,14,8,5,,
,-3897,-6,,,,,,,,,,-1276,,,,-796,,-17,8,-12,6,,
,-3821,21,,,,,,,,,,68,,,,40,,-38,-20,-3,-5,,
,-3900,-12,,,,,,,,,,1595,,,,920,,-23,12,13,-6,,
,-3329,-17,,,,,,,,,,1157,,,,549,,9,8,-12,-4,,
,-3675,15,,,,,,,,,,-1474,,,,-1064,,23,-11,-1,-1,,
,-3769,-19,,,,,,,,,,-1328,,,,-855,,13,-8,1,13,,
,-3614,-10,,,,,,,,,,-2,,,,-40,,-1,33,12,-20,,
,-3774,,,,,,,,,,,1469,,,,791,,-33,-22,5,7,,
,-3476,,,,,,,,,,,1301,,,,706,,49,-23,-11,17,,
,-3410,1,,,,,,,,,,-1171,,,,-757,,32,11,-10,-16,,
,-3753,-32,,,,,,,,,,-1475,,,,-1003,,-12,5,9,13,,
1,-3808,4029,,,,,,,,,,1388,,,,650,,-66,6,3,-16,,
,-3615,-2,,,,,,,,,,1213,,,,627,,50,14,7,17,,
,194,-39,,,,,,,,,,-1371,,,,-945,,31,-4,-13,-26,,
,63,19,,,,,,,,,,-1345,,,,-880,,-15,-16,10,17,,
,-134,-25,,,,,,,,,,-10,,,,-60,,-27,-1,-13,-8,,
,-443,,,,,,,,,,,1631,,,,925,,-26,12,9,3,,
,-74,,,,,,,,,,,1042,,,,463,,32,-16,2,,,
,-105,7,,,,,,,,,,-1520,,,,-1078,,6,6,-5,12,,
,331,-18,,,,,,,,,,-1495,,,,-1032,,10,21,9,-14,,
,-116,-9,,,,,,,,,,-9,,,,-72,,-57,-17,-20,21,,
,-79,9,,,,,,,,,,1786,,,,1082,,-41,-21,8,-13,,
,-189,-9,,,,,,,,,,1046,,,,485,,31,35,1,-1,,
,18,,,,,,,,,,,-1437,,,,-993,,35,-10,7,-5,,
,1329,-21,,,,,,,,,,-1486,,,,-1034,,-19,7,6,-3,,
,-984,-19,,,,,,,,,,91,,,,24,,-24,-15,-16,2,,
,40,-2,,,,,,,,,,1763,,,,1044,,-1,10,5,,,
,-119,-12,,,,,,,,,,1139,,,,589,,25,-14,-3,-3,,
,146,1,,,,,,,,,,-1496,,,,-1040,,27,-3,-8,-5,,
,-79,13,,,,,,,,,,-1355,,,,-905,,-16,25,11,13,,
,-253,-33,,,,,,,,,,6,,,,-65,,-16,-12,-9,8,,
,69,3,,,,,,,,,,1784,,,,1063,,-35,1,-2,-6,,
,-133,-4,,,,,,,,,,1081,,,,545,,26,-13,22,,,
,27,4,,,,,,,,,,-1633,,,,-1173,,28,35,-7,-10,,
,709,-17,,,,,,,,,,-1419,,,,-977,,-19,-31,-2,12,,
,-317,14,,,,,,,,,,,,,,-80,,1,17,-4,12,,
,502,-32,,,,,,,,,,1621,,,,889,,-20,-13,-15,-27,,
,115449,28,,,,,,,,,,1158,,,,631,,65,-11,3,4,,
,-2988,-42,,,,,,,,,,-1441,,,,-975,,37,16,17,16,,
,-3144,3,,,,,,,,,,-1322,,,,-883,,-27,-13,-3,,,
,-3725,13,,,,,,,,,,146,,,,61,,-18,8,-5,-5,,
,-3506,-6,,,,,,,,,,1602,,,,866,,-4,12,9,-1,,
,-3713,2,,,,,,,,,,1030,,,,517,,11,,-17,-12,,
,-3251,,,,,,,,,,,-1352,,,,-878,,4,-10,,5,,
,-3719,-2,,,,,,,,,,-1266,,,,-831,,13,12,21,-5,,
,-3553,7,,,,,,,,,,80,,,,-16,,-10,-4,-15,15,,
,-3781,-27,,,,,,,,,,1644,,,,901,,-12,-22,9,-11,,
,-3664,-1,,,,,,,,,,1036,,,,541,,63,9,-1,17,,
,-3632,,,,,,,,,,,-1444,,,,-958,,5,-6,2,6,,
,-3249,,,,,,,,,,,-1306,,,,-883,,-46,20,-10,-13,,
,-3826,-23,,,,,,,,,,-45,,,,-157,,-11,-8,5,-17,,
,-3039,24,,,,,,,,,,1818,,,,1071,,-22,9,-5,21,,
,-3631,-5,,,,,,,,,,1030,,,,541,,44,1,18,-24,,
13,-3114,51903,,,,,,,,,,-896,,,,-1738,,-36,-10,-10,8,,
,-3748,15,,,,,,,,,,906,,,,457,,37,-10,-6,19,,
,-3542,-15,,,,,,,,,,-1690,,,,-1168,,-5,9,6,-23,,
,1495,-26,,,,,,,,,,-1258,,,,-861,,-43,11,-5,18,,
,-3399,,,,,,,,,,,85,,,,-56,,-25,-5,7,3,,
,51,-4,,,,,,,,,,1751,,,,979,,-29,-16,-6,-3,,
,-137,-10,,,,,,,,,,835,,,,410,,53,23,13,-20,,
,-11,-3,,,,,,,,,,-1660,,,,-1145,,14,-9,-19,22,,
,90,15,,,,,,,,,,-1305,,,,-914,,-25,-11,2,-25,,
,-312,-31,,,,,,,,,,169,,,,23,,-34,-2,19,1,,
,513,20,,,,,,,,,,1725,,,,950,,-10,-5,-2,2,,
,-354,-19,,,,,,,,,,934,,,,510,,35,23,-15,19,,
,47,,,,,,,,,,,-1581,,,,-1050,,41,-15,-6,1,,
,-38,,,,,,,,,,,-1551,,,,-1166,,-16,-4,9,-21,,
,-146,-29,,,,,,,,,,203,,,,47,,-72,19,10,5,,
,838,17,,,,,,,,,,1964,,,,1179,,-3,-19,-9,31,,
,-711,-19,,,,,,,,,,1023,,,,620,,50,5,7,-27,,
,-1,-14,,,,,,,,,,-1702,,,,-1165,,20,5,-8,2,,
,593,14,,,,,,,,,,-1145,,,,-768,,-24,-14,8,9,,
,-718,3,,,,,,,,,,318,,,,157,,-21,17,-22,-10,,
,-120,-35,,,,,,,,,,1707,,,,921,,-5,-9,17,3,,
,-149,18,,,,,,,,,,574,,,,183,,37,9,-8,11,,
,168,-18,,,,,,,,,,-1663,,,,-1123,,19,19,13,1,,
,-59,4,,,,,,,,,,-1206,,,,-834,,-20,-37,4,-6,,
,141,-17,,,,,,,,,,266,,,,95,,-17,51,-1,-1,,
,-99,13,,,,,,,,,,2045,,,,1253,,-8,-49,-10,-3,,
