Packet No,App TimeStamp,Sensor TimeStamp,Fp1 (uV),Fp2 (uV),F3 (uV),Fz (uV),F4 (uV),T3 (uV),C3 (uV),Cz (uV),C4 (uV),T4 (uV),P3 (uV),Pz (uV),P4 (uV),O1 (uV),O2 (uV),ref (uV),AccX(mg),AccY(mg),AccZ(mg),Event A,Event B
1456,1722490006957836,1904849852,-168372,-168017,-168515,-168526,-168103,-168350,-168412,-168622,-168561,-168759,-168830,-168630,-168338,-168718,-168634,-168660,0,0,0,0,0
,-297,-2,1,-1,9,5,2,3,2,-9,,5,15,8,14,-12,3,1,,,,,
,65,-12,9,14,14,6,6,-3,-3,11,8,-1,-12,-2,3,,5,6,,,,,
,580,-13,-6,-7,-2,-8,7,-2,7,-2,-5,-6,,-7,-6,2,-4,-3,,,,,
,-446,15,-11,-6,-18,-1,-10,-8,2,-6,-5,-2,-1,-9,1,-5,-7,8,,,,,
,70,,-8,-3,-3,-1,-10,,,-4,-5,-3,1,,11,-11,-10,-5,,,,,
,-30,-2,9,1,5,-1,10,10,1,3,-8,8,-2,9,-1,-9,4,-2,,,,,
,1910,-1,7,-7,-1,4,6,-16,-5,-1,3,3,12,5,-1,10,24,4,,,,,
,-1785,2,-3,8,5,1,-4,10,5,-3,10,-5,-8,2,-11,13,5,5,,,,,
,-68,-20,-1,2,6,-4,-2,18,-5,2,,-3,7,3,,2,-16,-5,,,,,
,97,-1,4,-1,-9,-10,3,-17,-5,,-7,-2,,-5,-7,-1,2,-4,,,,,
,926,1,,-3,-7,7,6,-5,-5,-1,-11,4,-2,-7,-9,-4,-5,,,,,,
,-264,,-10,4,1,-5,-13,14,5,2,1,-10,-11,5,7,-13,6,2,,,,,
,-1178,1,3,1,2,-5,2,-1,-2,4,5,-2,5,-10,9,1,1,-7,,,,,
,-19,-11,5,-8,15,12,7,,14,-2,,2,4,3,-2,9,-12,,,,,,
,102,1,4,-8,-7,4,4,6,8,3,3,,-6,-2,4,5,,-5,,,,,
,1727,-1,-1,2,-8,2,-6,-5,-12,,6,8,2,-1,-7,6,,6,,,,,
,-1435,-1,-12,4,9,8,,,-5,-10,-5,3,-10,5,10,-1,-2,5,,,,,
,46,-3,4,2,8,-5,,-13,-13,5,,4,13,15,-4,-3,8,3,,,,,
,-340,-17,7,3,3,1,5,4,-4,4,7,-2,7,-3,-3,,4,-2,,,,,
,170,1,-5,3,-7,-9,-6,5,21,2,,-6,-9,-12,2,-2,5,-1,,,,,
,1527,-14,-8,4,-15,,1,-5,5,-4,1,-8,-9,1,3,1,-7,-4,,,,,
,-1340,14,4,-3,,-11,11,9,-7,3,,12,6,-3,2,2,-3,5,,,,,
,47,,5,,12,-2,-5,-9,2,-10,-12,9,-8,10,,-4,7,-7,,,,,
,-57,-12,-1,8,8,18,-6,5,-2,4,7,-4,3,-3,-7,-4,-12,9,,,,,
,-285,1,6,,-11,,5,3,-5,-5,13,-21,2,-12,-13,-1,1,1,,,,,
,-44,-1,-1,-3,-4,-1,8,1,-1,9,-6,6,13,22,15,-3,7,-2,,,,,
,18,1,2,-12,-4,-2,-1,-3,8,12,-2,-1,2,-10,-2,2,-4,-7,,,,,
,156,,-1,4,5,-7,-5,-9,-2,-9,10,,-14,-12,2,,-4,3,,,,,
,2525,-1,-1,-9,4,4,-2,-1,-3,3,-16,5,-10,5,-12,,7,6,,,,,
,-2120,18,7,-5,2,-5,-1,9,3,1,-1,-5,12,10,,8,6,7,,,,,
,1965,-18,-11,,-5,-1,-4,4,-11,5,-10,17,-2,4,7,1,-5,-18,,,,,
,-904,-31,2,8,-4,11,,-8,9,-6,7,-9,,-10,-2,-2,4,12,,,,,
,-1496,4,-2,7,4,-7,,,4,-13,7,-5,4,-11,-1,-4,-2,-1,,,,,
,-157,-3,11,8,8,1,7,9,-3,14,-9,5,-7,10,4,,-6,-8,,,,,
,26,11,-17,-8,3,2,-5,-10,6,4,4,,7,-3,-8,-2,-3,7,,,,,
,453,-10,1,3,-3,12,2,1,-2,-2,3,6,10,5,2,2,6,2,,,,,
,36,9,1,-20,-6,,-4,-7,-16,-10,-13,-1,-4,11,8,7,1,-4,,,,,
,-182,-10,14,9,2,4,2,3,16,-6,8,-2,-12,-7,6,-4,-3,2,,,,,
,-345,7,-11,12,-7,-15,,2,4,6,8,3,7,-3,1,11,12,-5,,,,,
,166,-18,5,1,6,-2,12,11,1,-3,9,-6,-5,3,-1,-10,-2,3,,,,,
,171,5,-6,-3,-5,-1,,9,-14,7,-2,2,-4,4,-4,-2,-5,,,,,,
,-664,-21,4,5,-3,2,-14,-9,-1,3,-8,-9,5,1,15,5,,-5,,,,,
,296,18,7,2,15,1,9,-12,15,10,-1,1,6,-13,-10,,-1,-3,,,,,
,-114,-15,-10,-1,-10,-1,-7,6,-5,-12,2,3,-9,1,-10,-8,-6,2,,,,,
,1498,13,-2,-8,3,3,1,6,-20,2,-5,-3,-9,-2,12,-2,-3,4,,,,,
,-1231,10,-12,-3,,-8,-1,4,9,-7,13,-7,9,5,-3,10,15,-1,,,,,
,-184,-38,3,3,-8,,-6,-16,10,7,-10,,5,,-6,-12,-4,-3,,,,,
,230,,2,6,-8,-6,2,-9,-8,-5,-4,16,1,3,,-1,2,4,,,,,
,934,9,2,-4,-2,8,-1,5,2,,5,,-10,-8,12,5,-4,2,,,,,
,233,1,5,-5,11,7,,21,-1,1,-9,-1,-7,-5,-13,11,-6,-2,,,,,
,-1495,11,6,,-1,3,3,,-2,11,-10,-5,8,19,-2,-13,2,8,,,,,
,-137,-11,-4,10,14,-10,-4,-8,9,-3,15,-3,7,-9,,-10,-5,-4,,,,,
,2492,,,,5,5,-8,3,,-12,4,-4,8,-10,,7,9,-10,,,,,
,-1925,-7,,8,-5,-3,8,-4,1,8,-7,-12,,8,8,-3,1,3,,,,,
,-105,-31,2,-14,-7,3,6,1,-2,-5,12,7,-6,3,-4,4,5,12,,,,,
,-497,10,-3,-1,1,-2,2,-2,5,-4,,13,14,-7,1,8,,-11,,,,,
,471,17,4,8,-14,-19,-4,-4,-16,5,-7,,-4,7,7,1,-2,-6,,,,,
,-114,11,1,-5,-5,8,-2,-4,2,10,4,-2,-9,-2,,-7,-4,6,,,,,
,307,-11,-3,-11,12,13,2,10,8,-9,1,2,,2,3,3,-4,2,,,,,
,99,-36,-5,3,6,2,-7,-8,4,-9,5,-1,14,1,-2,8,10,6,,,,,
,-993,,-3,3,3,1,9,2,-3,9,-5,7,-5,9,6,-1,9,8,,,,,
,428,,13,9,-3,15,5,13,-2,-7,-11,-8,-8,-6,-10,-1,-13,-3,,,,,
,621,2,-7,1,-2,-17,-13,-8,1,-3,3,-5,2,-1,3,-1,-13,-13,,,,,
,10,-12,-9,-3,-10,-8,6,3,2,8,-3,5,-4,-4,-5,-5,7,3,,,,,
,-75,1,9,-5,11,5,9,7,-8,1,-18,6,1,-5,4,,-10,-2,,,,,
,-78,-4,4,-10,3,2,,-8,-2,-5,19,-4,,-10,-4,-1,2,-4,,,,,
,-101,18,-7,9,12,9,-12,-9,-1,2,8,6,-3,9,5,4,11,-5,,,,,
,39,-3,-1,-4,-13,3,-2,1,6,2,,-7,2,3,,3,-6,1,,,,,
,-138,-35,18,3,-6,-4,8,11,3,-9,-2,-10,-2,-8,-11,4,-3,6,,,,,
,434,2,-10,5,7,-12,,-1,8,6,,11,-5,6,-4,2,5,13,,,,,
,-497,6,-4,2,-1,3,-4,-12,-14,-4,-5,12,8,10,8,-5,1,-5,,,,,
,413,-3,2,5,4,6,-3,9,7,-2,-7,-10,2,7,2,,2,-13,,,,,
,-124,-3,-5,-12,-7,-8,8,2,-2,-10,7,-2,3,-7,8,-4,12,12,,,,,
,1176,1,14,7,-3,6,3,6,-2,12,10,9,-7,-12,1,-6,-9,1,,,,,
,-1064,-15,3,4,3,-3,,-5,5,-5,-3,-4,-8,2,-13,-15,-12,-15,,,,,
,46,4,55414,55432,55483,55507,55408,55447,55485,55512,55483,55526,55553,55574,55474,55524,55585,55542,,,,,
,894,1,222783,222892,223131,223258,222810,223004,223164,223179,223166,223326,223449,223402,223034,223217,223455,223333,,,,,
,53,,55973,56027,56087,56110,56014,56066,56097,56103,56098,56145,56170,56126,56047,56102,56160,56130,,,,,
,-1637,9,-12,-4,10,7,-11,4,-4,-6,-5,-13,-2,-9,,-8,,2,,,,,
,1611,-30,3,-3,-1,4,-5,4,-19,7,1,4,3,,-15,-2,-1,1,,,,,
,-983,1,,-17,-2,7,-2,-3,11,-7,-3,4,-3,-13,8,17,16,-13,,,,,
,34,-6,,7,-5,-10,-11,-13,5,-14,3,1,1,-3,5,-5,-14,2,,,,,
,55,5,12,17,6,3,13,14,4,12,-2,3,-1,10,-5,-12,-5,5,,,,,
,1105,2,5,-4,6,20,3,-9,-2,10,-5,4,3,,3,6,11,7,,,,,
,-1974,-1,-6,-10,-12,-16,-8,3,-4,-5,12,-7,-2,8,-4,3,-9,-12,,,,,
,-17,-11,-3,8,1,-2,-5,,-11,-13,-5,-10,-11,-3,-2,-7,15,-7,,,,,
,660,11,-6,4,9,2,22,1,19,-4,2,13,12,4,1,-9,7,6,,,,,
,15,-10,4,-1,-6,3,3,4,-6,14,-7,4,1,2,7,5,-9,1,,,,,
,-123,-15,1,6,-9,2,-9,-9,3,-5,9,-11,-13,-12,-3,10,-9,4,,,,,
,430,5,-9,-12,2,-14,3,-8,-9,-17,-3,1,,-6,,-1,1,7,,,,,
,3459,-7,-1,-1,-2,-3,5,13,11,12,2,2,10,12,8,5,-6,-1,,,,,
,-2833,,5,9,13,12,1,-8,5,3,6,,7,18,-9,-10,1,-3,,,,,
,577,10,3,-4,7,8,-16,13,9,6,-3,8,,-7,-5,7,7,-1,,,,,
,-1913,23,4,1,-8,14,,1,-9,8,-6,5,,-6,9,-7,3,3,,,,,
,1235,-38,-4,4,11,-7,10,1,-1,-6,,-3,-4,-10,-8,13,-4,-10,,,,,
,2232,3,4,-9,-6,-10,4,2,-4,-3,5,-15,7,-6,-8,-7,-2,-4,,,,,
,-2820,-2,5,-1,,-8,-9,-19,-9,-1,5,10,-1,3,-9,2,2,21,,,,,
,2644,-1,7,-11,-4,12,5,7,12,5,-8,6,-17,4,14,1,1,-4,,,,,
,-3670,,-19,11,-7,10,-12,-2,5,,-8,-12,5,4,7,-4,-11,-5,,,,,
,298,,-8,-2,2,-14,-3,-3,-8,1,5,-8,15,6,10,8,1,9,,,,,
,3411,-1,11,5,-3,-14,-1,9,-6,-1,-4,5,-5,-1,-9,3,7,,,,,,
,-2310,-14,-6,-17,2,13,-4,-1,10,-12,-4,-8,-1,-7,-7,-22,3,-20,,,,,
,-720,-3,3,13,5,-1,,12,-4,21,4,2,-7,4,-8,2,-4,-5,,,,,
,-6,19,,4,10,,10,-13,4,8,,5,-9,4,4,-3,-14,1,,,,,
,48,-19,8,2,-17,-2,5,8,6,-5,2,-2,-5,-4,4,8,-2,11,,,,,
,850,11,1,7,3,15,,-7,-5,3,-2,6,7,-11,2,6,10,5,,,,,
,2797,-16,5,-19,-3,-11,1,,5,-7,,6,12,,-11,-14,-12,-5,,,,,
,-3931,5,-13,1,2,-7,2,2,-8,-4,1,1,1,3,4,7,12,-9,,,,,
,684,,-7,11,-4,6,2,,2,3,-2,-2,2,5,1,9,6,-3,,,,,
,-861,2,5,,-3,2,-17,-9,7,-7,3,-10,-5,-1,8,-10,-4,6,,,,,
,536,-2,-2,-1,-1,-2,6,5,-9,-9,-2,2,-3,-3,-7,6,4,6,,,,,
,-603,-41,-5,1,10,1,2,7,8,9,-3,15,2,7,3,1,-2,-2,,,,,
,720,-3,3,1,1,3,,-5,-6,8,8,-8,-8,-4,-1,3,8,2,,,,,
,-514,36,6,-13,-1,3,,-5,-9,-12,-5,,-7,6,1,5,-2,8,,,,,
,279,-34,-16,,1,-6,-5,2,-1,-11,,4,7,-11,3,-9,-11,-16,,,,,
,8,1,18,7,11,13,2,-2,5,16,2,1,9,6,9,-5,3,-2,,,,,
,52,-1,3,2,-3,-5,13,-2,-5,-3,-7,2,4,14,2,9,-1,9,,,,,
,1024,-1,-6,4,-15,-21,2,4,,5,5,-6,,-6,-5,-8,1,-2,,,,,
,169,,12,-5,5,18,-8,,16,14,5,-3,2,-15,-3,8,-5,-2,,,,,
,-1243,,1,-18,-5,-2,-2,,-11,-12,12,8,-8,8,8,3,,-5,,,,,
,22,3,-10,2,3,-2,-3,-5,-3,-9,-12,,-5,3,,-3,-8,5,,,,,
,1459,-2,-4,14,3,-9,8,8,-1,-8,6,-3,8,-6,3,2,11,-10,,,,,
,1637,-3,7,-9,-3,-2,-3,-11,,5,-9,-3,,-1,-1,-7,1,3,,,,,
,-3888,-29,-5,8,-4,5,-5,11,5,2,4,-2,-6,,-15,2,15,8,,,,,
,220,22,-2,10,5,10,15,4,,4,9,-1,-1,,2,-3,-16,5,,,,,
,1480,-19,8,3,-2,-5,-5,-9,8,2,-11,-5,-6,4,-2,-6,-3,1,,,,,
,-295,-1,-2,-7,-7,1,-8,-6,3,3,,-6,16,3,-7,3,7,-9,,,,,
,-1014,-16,1,4,-2,,3,7,-7,2,-14,12,-2,-10,2,14,-3,4,,,,,
,313,15,5,-2,6,2,-4,6,-10,-7,4,-3,-3,9,-2,-8,-6,-8,,,,,
,-312,1,11,-5,10,2,-6,,1,9,13,,-5,3,3,-11,8,3,,,,,
,628,-23,-24,-5,-11,-4,-3,-1,,-10,3,6,5,5,2,6,10,16,,,,,
,219,2,-5,8,4,,6,11,1,1,-1,-8,1,-16,,5,-12,-12,,,,,
,-236,20,7,-6,2,2,2,-2,-6,,-1,-4,-7,2,-6,,7,2,,,,,
,-496,-30,2,-11,-5,-8,-9,-8,2,-11,1,7,3,15,6,-1,8,14,,,,,
,-73,-1,3,6,-4,5,13,-1,3,12,-8,8,5,-3,-9,6,-15,-7,,,,,
,1518,,1,11,4,6,4,4,-2,1,-5,-8,4,-1,,-8,8,-19,,,,,
,-1013,-2,-13,9,8,2,-3,,1,2,3,7,,1,10,-1,4,5,,,,,
,948,-1,-1,-3,7,-3,-4,-1,-3,7,2,-3,-11,-12,-3,-2,-2,-1,,,,,
,80,5,22,-12,-7,-12,-5,-10,12,-3,-2,-13,-16,-7,-16,,-13,-2,,,,,
,1232,1,-4,2,,6,13,3,7,-7,-3,-5,8,19,3,-8,-2,-1,,,,,
,-2284,14,-14,6,-2,,-8,-6,-15,-6,4,10,1,-5,17,8,-1,-3,,,,,
,2232,-3,-4,-12,15,2,-4,8,-1,3,11,8,18,-12,9,6,1,-2,,,,,
,-2099,-27,8,10,-5,-5,8,-3,5,-1,-15,-4,-3,,-9,-3,2,3,,,,,
,2677,-5,3,12,-9,9,5,-3,-6,-6,1,-4,-2,2,1,7,8,12,,,,,
,-3237,28,,,-7,1,6,-6,2,3,2,4,,8,-2,-4,1,8,,,,,
,516,,,-16,-7,-2,-4,7,-4,5,1,7,-9,5,,1,-3,-15,,,,,
,-49,-17,-1,5,18,-11,-7,3,2,6,,-10,-1,,-5,9,-2,10,,,,,
,3416,,,-13,1,3,,-7,12,,6,,6,-16,7,-13,5,,,,,,
,-3932,2,-7,-1,-3,4,-9,2,-5,-5,-12,-7,2,6,,-2,3,,,,,,
,110,-13,10,1,-11,11,-1,10,-8,12,5,12,-5,10,-3,5,-9,2,,,,,
,-310,4,1,4,10,-10,-3,2,11,-6,6,-5,12,,11,5,6,8,,,,,
,395,13,-2,2,,-11,-2,5,-2,-9,-1,-8,-2,7,-6,-2,1,-3,,,,,
,1461,-11,5,-7,-8,-2,7,-9,7,-5,-1,1,-7,-11,-6,-3,-5,-19,,,,,
,-1147,-14,4,15,16,12,4,-3,-11,2,8,7,,-7,-9,5,,-3,,,,,
,-664,-6,4,-4,-11,5,-2,5,-12,1,11,4,7,6,15,2,,15,,,,,
,340,2,-15,-7,-6,-5,-9,-13,7,-1,-14,9,5,1,10,-2,2,-1,,,,,
,866,-2,1,15,10,-2,11,4,4,8,-13,-11,,-11,-14,-16,5,,,,,,
,-468,2,5,-3,-3,2,-1,-5,13,-5,1,7,-3,4,3,10,5,6,,,,,
,-260,1,,-3,-1,6,-9,4,2,-1,-5,6,-7,9,10,-1,2,-13,,,,,
,2046,-3,-9,-4,-2,-10,2,6,-14,5,19,-3,18,2,,1,-7,11,,,,,
,-2113,19,-3,-2,-7,-11,11,2,1,-10,-3,-17,-10,-3,-13,-7,-5,2,,,,,
,428,-19,11,17,10,16,-3,-8,9,13,-1,2,-7,-1,-5,13,,-4,,,,,
,710,,-3,-8,-4,4,-3,-4,-9,1,-6,3,3,-2,2,-20,,2,,,,,
,-843,,9,-6,9,3,13,17,-6,-9,-1,11,6,-2,12,11,5,-16,,,,,
,-66,-32,-4,5,-3,5,-5,2,8,6,,-1,-8,6,-5,11,-3,1,,,,,
,-114,32,-12,2,,-9,-14,6,-5,-1,3,-3,-5,-1,-3,-1,-8,2,,,,,
,3906,-32,7,-8,,-6,10,-13,-2,-4,8,-7,4,-3,-2,-15,7,-3,,,,,
,6417,32,-2,-9,-2,9,4,-6,2,1,-3,-4,9,-4,-1,6,6,8,,,,,
,-3928,3,-4,13,-1,-6,-9,-1,-4,2,-8,9,-6,-3,11,-1,-11,-4,,,,,
,-1616,-11,-8,6,-10,1,-12,-1,8,-3,-4,-9,1,11,-2,-7,-1,2,,,,,
,-2495,-10,17,-14,10,-6,12,12,,5,,-1,,7,-7,3,4,-2,,,,,
,-2056,-25,-7,-7,,-3,,,1,-6,,15,-8,-23,-5,8,5,9,,,,,
,991,17,3,11,6,8,6,2,8,,-1,-7,6,8,2,-6,13,2,,,,,
,-1495,-3,3,1,2,7,5,-1,,8,-6,2,-2,2,-2,-1,-2,-11,,,,,
,-2,-3,-6,-1,-8,-9,-5,,-6,-4,9,-6,-1,-7,8,1,-6,-6,,,,,
,655,-10,-7,-4,-5,-4,-7,-7,-3,-15,-5,-12,-4,-3,-8,3,-7,-3,,,,,
,-254,,4,5,5,-9,-9,2,-2,1,13,15,16,8,10,,-7,9,,,,,
,-534,-18,11,10,-4,14,14,9,3,31,7,9,-3,-2,4,8,10,3,,,,,
,312,,-4,4,12,-2,6,-10,4,-5,-13,-2,-4,1,-10,14,-2,8,,,,,
,294,-4,3,-14,-5,7,-1,3,,-12,3,-2,-5,-3,-7,-12,-8,-2,,,,,
,-238,-13,-2,2,,-8,-1,-2,,1,-2,8,-4,14,15,-2,10,2,,,,,
,768,43,-1,-1,3,-2,-7,8,-2,-6,2,-11,-5,-6,2,-6,-5,-15,,,,,
,589,-39,3,-12,3,2,-4,-13,-8,-1,2,-3,-3,-2,-10,11,-1,4,,,,,
,-242,9,-4,,2,-1,-5,-10,2,,-2,6,7,,-10,-6,9,-3,,,,,
,-621,-9,,8,-15,12,7,22,-1,,12,-2,12,5,11,-4,2,7,,,,,
,386,,-8,9,-3,-10,9,-3,,,-9,2,6,3,7,,-12,3,,,,,
,-1239,,17,-12,8,-5,4,-8,-2,-2,-14,-18,-7,-1,-4,-8,-7,-18,,,,,
,-8,-18,-13,-10,-5,9,-4,9,-4,-5,8,2,-5,-5,-3,5,6,2,,,,,
,-245,1,-1,11,-5,-4,-2,-9,4,2,-1,-2,-21,,2,-3,-3,12,,,,,
,-174,3,13,17,11,17,3,3,8,11,9,13,8,-2,11,5,-3,11,,,,,
,138,-16,-9,-10,-8,-9,-17,1,-4,2,-4,2,3,6,-4,-1,-7,-6,,,,,
,1701,-4,-7,2,1,-5,9,2,-1,-5,3,-9,9,2,-9,2,19,9,,,,,
,3313,16,3,-11,4,-1,-13,-5,-2,4,-6,5,,-8,7,-5,4,-3,,,,,
,-3928,-12,2,7,6,10,6,-8,5,-2,5,20,11,8,10,-1,11,-5,,,,,
,2439,9,7,-6,1,-4,14,7,4,-5,12,-11,-12,-16,-8,1,-20,-2,,,,,
,843,-2,11,6,3,,8,6,5,12,-13,-4,-8,3,-1,-5,-11,9,,,,,
,125,2,-16,-11,-13,-7,-16,-4,-4,-9,,,4,3,-1,-3,13,-4,,,,,
,591,-9,-11,-9,-11,-4,-1,-11,-20,-8,-7,-3,6,-5,-12,8,12,-1,,,,,
,1264,-1,6,6,20,5,14,10,13,2,3,3,17,14,,10,-15,2,,,,,
,-3855,1,11,3,-1,6,-2,-2,-2,15,,1,-8,5,,-6,3,,,,,,
,-1948,-30,-1,10,-13,1,-6,-1,2,6,10,11,-15,-21,12,-4,2,-2,,,,,
,514,11,-2,6,3,-1,-12,1,1,-5,-9,-15,-4,6,,,5,-6,,,,,
,-597,2,-8,-15,2,4,16,5,-6,-9,-7,-8,-3,13,-8,-9,3,8,,,,,
,152,-13,-55409,-55439,-55480,-55518,-55411,-55460,-55485,-55507,-55494,-55534,-55545,-55577,-55476,-55501,-55587,-55559,,,,,
,521,8,-222774,-222889,-223125,-223260,-222820,-223004,-223161,-223177,-223155,-223313,-223426,-223394,-223028,-223201,-223463,-223305,,,,,
,2513,9,-55979,-56015,-56088,-56128,-56001,-56054,-56088,-56086,-56085,-56135,-56162,-56128,-56041,-56097,-56156,-56121,,,,,
,-3257,-24,-3,2,,-2,6,,4,-5,-5,-8,-16,4,7,-18,15,-17,,,,,
,-79,3,-12,,-3,3,-5,-15,1,-5,14,15,12,-4,9,10,3,6,,,,,
,-126,-10,-3,-12,-3,-7,2,5,-17,-4,-5,-3,-12,4,-7,4,-1,-3,,,,,
,-183,-8,4,6,-9,4,2,7,-6,10,-12,1,-4,1,21,4,-7,10,,,,,
,1068,1,3,-1,-3,3,-1,,9,-6,9,-6,2,11,-18,-1,-9,6,,,,,
,-170,1,1,2,12,-5,-7,-7,5,3,-9,-10,12,-7,-11,-12,7,-17,,,,,
,-516,-10,2,,-13,-7,-9,-4,-18,-5,5,5,-8,-9,-14,-7,2,3,,,,,
,2450,9,-1,-2,4,5,13,2,-4,-3,9,6,6,,16,8,-5,9,,,,,
,-2995,,-11,-5,5,-10,-2,6,,-13,1,-11,-18,4,4,6,-5,3,,,,,
,1064,,7,14,,12,4,,14,14,2,4,10,10,5,-8,4,6,,,,,
,1183,18,-4,-2,-2,,4,4,4,,-12,11,,-16,-4,1,-9,-7,,,,,
,-1621,-21,-1,5,2,-7,-10,4,7,-1,2,-6,-2,-4,12,10,-2,-8,,,,,
,-306,-5,3,,2,12,9,-2,1,6,-3,-3,13,9,-11,2,4,-3,,,,,
,-206,-21,2,-7,-3,4,5,-6,-6,,8,1,-1,6,,-9,9,5,,,,,
,1911,5,,-4,-8,-6,,9,-6,2,-10,6,,9,4,-11,10,2,,,,,
,-95,-9,11,-2,6,-14,-11,-3,-3,5,-8,-5,-15,,2,11,-1,,,,,,
,-922,3,3,15,5,13,1,-5,-1,-1,17,10,8,-10,-1,5,-4,11,,,,,
,476,1,-7,-5,7,7,7,2,,-4,2,-2,,-5,-7,-8,-6,-13,,,,,
,-515,,5,4,-2,-2,-6,1,19,-1,-13,-5,-10,4,6,,-2,-12,,,,,
,-11,-1,-2,,-2,-5,8,-4,-14,,5,-11,-9,-9,-6,-11,-17,3,,,,,
,895,,-12,-18,2,-10,-2,-5,7,-5,8,4,12,1,,5,19,9,,,,,
,-1052,-3,,10,6,5,-5,9,9,4,-8,16,2,,-5,15,11,-3,,,,,
,-555,-10,-3,12,-6,10,-2,-7,-1,-1,2,-23,3,7,-2,6,,13,,,,,
,-46,13,8,-10,2,-2,,-6,-5,6,15,6,-7,5,8,-8,-7,3,,,,,
,-211,-25,12,2,-1,-5,5,8,5,-2,-15,-1,12,-8,-3,-10,2,-1,,,,,
,533,21,-10,2,-15,-8,4,9,-11,2,,8,-10,-16,-3,3,-20,-1,,,,,
,188,-9,-4,12,7,6,-2,3,-3,4,-8,-9,-3,9,-1,-8,6,-23,,,,,
,355,1,-3,-13,7,9,3,-3,6,-4,-3,5,8,7,4,6,12,16,,,,,
,-422,-14,-6,-15,-11,-3,-10,,-1,-11,6,4,-1,-4,6,-6,-4,-1,,,,,
,423,-4,12,2,1,-5,-1,4,,6,-2,5,-13,3,5,10,1,2,,,,,
,923,1,-12,1,12,4,6,-11,-2,5,6,-7,5,-4,-3,2,4,-8,,,,,
,-85,,11,12,10,11,-5,2,-1,6,-1,-4,1,-3,-5,-1,-7,7,,,,,
,-949,,9,,-5,3,12,-10,7,1,,-3,5,7,4,5,-3,12,,,,,
,1230,-13,-3,-5,-20,-9,-16,1,-8,-12,2,-5,1,2,3,,23,-4,,,,,
,-172,,-7,11,4,-1,1,6,-1,7,-10,9,7,5,5,7,-3,-14,,,,,
,-729,,5,-3,12,-2,4,-7,-4,5,6,3,-4,3,-10,-8,-22,-5,,,,,
,2081,-18,7,-2,-6,-13,2,2,9,-7,-4,-3,-17,-7,-12,-9,-4,,,,,,
,-2568,,-16,9,-7,2,4,11,11,3,-2,-3,6,-11,-3,,4,-6,,,,,
,-21,,-1,-8,-4,8,2,-1,-15,-6,12,6,17,-1,14,2,4,13,,,,,
,-32,-4,3,-12,8,-9,-11,-3,-3,5,3,3,-5,21,6,9,18,5,,,,,
,-675,4,13,2,13,6,-2,-2,3,-5,2,-6,-5,8,-3,-13,-2,-2,,,,,
,62,,-15,5,-9,3,9,1,-5,9,3,-17,10,-18,-13,2,-15,-6,,,,,
,1655,7,4,2,-1,-1,13,5,23,-3,2,7,-8,-6,-2,5,-2,6,,,,,
,760,-4,1,13,3,-11,-20,,-1,7,-15,4,-3,7,13,2,9,-6,,,,,
,-1498,-6,4,-5,2,18,14,-6,-9,-11,-3,16,1,-7,2,-2,3,,,,,,
,-1319,-18,2,-20,-1,5,1,-3,-11,-12,-4,8,10,-4,-7,5,-14,-5,,,,,
,-131,-13,-4,,-1,-6,-2,2,-1,17,4,-6,-15,13,1,4,1,2,,,,,
,220,3,3,8,-8,-3,-8,9,8,9,1,-2,13,-2,6,-17,12,11,,,,,
,6079,-3,-1,-3,23,3,-3,-8,-3,-9,-8,-12,-7,-6,-1,5,-9,-1,,,,,
,-3914,20,-8,3,-15,-14,1,3,-1,-7,8,8,3,2,2,9,3,-1,,,,,
,-1727,-7,-9,4,-10,,-3,-4,-1,-10,-7,7,11,12,-8,-7,-2,3,,,,,
,-193,-13,7,-5,9,9,-3,-1,7,8,5,-2,-7,-10,6,11,-4,-5,,,,,
,459,23,13,-10,-3,,5,10,10,-3,7,-7,-4,2,-3,-3,,-3,,,,,
,-632,-32,-3,3,-3,-5,12,-7,-13,16,-10,-1,3,-2,-7,-9,3,7,,,,,
,463,,-13,-1,6,3,-4,,-11,-9,3,-3,10,7,11,7,-1,-5,,,,,
,361,,-2,6,-4,-6,6,-9,1,-12,14,3,-2,-2,-2,10,1,7,,,,,
,-87,-2,,-5,-2,4,-9,2,4,8,-9,-4,-5,3,-8,-11,-1,-16,,,,,
,320,-42,5,7,9,15,-4,11,4,,-4,-3,7,-7,11,2,6,7,,,,,
,-318,27,5,,-4,-15,1,3,-4,-5,9,17,-15,-3,4,-2,-5,12,,,,,
,375,17,-2,3,,3,3,2,8,18,-5,2,7,-6,,-3,9,-5,,,,,
,-434,-53,5,8,-15,2,-3,-15,9,4,6,-17,-14,2,-14,-5,4,,,,,,
,3100,33,-8,13,12,-8,1,-3,-2,-9,-9,-2,-8,,-6,-2,-18,-17,,,,,
,-3929,-30,-10,-20,-7,2,-10,3,-17,-1,8,1,13,1,-2,11,6,,,,,,
,465,31,11,-5,2,3,19,2,8,-2,9,6,12,5,7,-5,6,6,,,,,
,-86,-1,10,-4,10,13,8,12,6,9,-4,6,-13,2,3,1,,2,,,,,
,-70,2,-9,8,-2,-7,-12,-3,-22,-11,-9,-3,1,-1,3,-11,,3,,,,,
,83,-37,9,7,-9,-8,10,-3,16,-3,-2,-1,15,7,-7,7,,8,,,,,
,796,1,,7,9,17,-6,11,11,-3,-7,-15,-7,-8,-1,,-10,,,,,,
,21,1,-7,-1,-6,-18,-4,-16,-7,7,6,15,-6,6,8,6,11,-8,,,,,
,2264,,-6,-12,-1,5,-3,2,6,10,-10,10,-7,1,3,1,1,13,,,,,
,-3490,-18,11,-5,-6,1,-5,9,-14,-14,-1,-15,,-9,-6,-11,-8,-17,,,,,
,1288,-2,1,17,14,5,17,-13,-1,10,14,14,15,5,8,,-3,-5,,,,,
,-179,-14,-3,-6,3,-6,-13,6,-2,-6,4,-6,2,,2,7,7,10,,,,,
,1078,12,7,1,-2,20,11,5,3,3,7,-12,-14,-5,-5,12,13,6,,,,,
,-1877,-9,6,-5,7,-20,2,-4,9,-7,-12,4,4,5,-2,-1,-6,,,,,,
,932,4,-15,5,1,-2,-19,-5,-9,1,4,11,1,2,,3,,1,,,,,
,-109,-4,-1,,-20,13,-13,-10,11,-7,-6,-1,,-2,-3,-15,-2,-13,,,,,
,136,-1,4,-15,-3,-9,-3,10,-2,6,,-4,-3,-6,-8,,-12,-7,,,,,
,-27,-13,-1,-3,10,6,16,3,2,4,-1,-5,6,4,3,10,25,19,,,,,
,-130,-8,-7,15,1,,12,-1,-8,3,3,9,-10,-2,14,-11,-2,2,,,,,
,-1126,2,,-4,,7,-10,1,-16,-9,,-5,-4,1,8,1,-10,-1,,,,,
,1902,,12,-1,-10,-6,-5,4,6,-13,9,6,5,-2,-7,-5,-8,-7,,,,,
,-1682,4,-16,,7,-8,6,4,11,11,5,-7,-9,7,-2,8,2,-2,,,,,
,-378,1,-1,-4,10,-1,4,-8,-2,8,-7,5,10,-1,3,-4,7,2,,,,,
,260,-15,13,-2,8,10,10,2,3,-5,,19,10,7,-9,5,1,3,,,,,
,-262,11,-7,6,-7,-3,-6,2,24,-3,3,-9,-9,-10,-4,-4,4,-11,,,,,
,135,-10,4,2,-18,-1,6,1,-5,16,-12,-11,2,-7,4,8,-9,,,,,,
,326,6,-5,-4,-8,-21,-15,3,-11,-8,-3,-3,-3,2,1,-3,-18,9,,,,,
,-669,-24,3,,10,4,-2,-5,-12,5,5,3,3,7,7,-6,10,-2,,,,,
,33,25,2,-1,1,16,7,-4,-8,,8,-6,1,2,13,9,-11,8,,,,,
,442,-30,-12,,-1,-11,7,2,,-5,1,3,8,-1,-15,-4,1,-4,,,,,
,119,-2,4,8,5,5,5,4,11,3,-7,1,-5,,1,11,22,3,,,,,
,1028,24,17,15,10,7,-5,5,7,,1,4,3,-3,1,-4,1,4,,,,,
,-3,-21,-16,-15,-5,-6,-12,-1,-13,,10,1,9,5,2,-8,,2,,,,,
,-718,-1,-3,-10,-8,8,-5,-7,,-8,-1,-10,-9,-7,-12,-6,-6,7,,,,,
,3822,1,8,6,1,-5,6,-2,7,-2,-10,9,-10,2,-3,14,-3,-9,,,,,
,-3925,14,,2,5,2,16,9,8,8,-5,8,-1,-4,2,-6,-2,-17,,,,,
,519,-25,3,-15,-3,3,-2,-8,6,-2,13,-8,5,3,9,-7,3,-12,,,,,
,-755,-2,-6,-1,-2,-14,-16,-4,-6,-14,8,-10,1,-2,-9,-3,-5,20,,,,,
,3172,14,1,4,3,3,-11,,-15,9,-11,1,-4,-2,7,,3,13,,,,,
,-2484,-13,7,4,11,6,8,-3,-3,12,-8,-1,10,2,4,-2,1,-6,,,,,
,-702,-19,,-5,-5,-11,6,5,13,-8,-5,,3,7,1,13,5,-5,,,,,
,238,18,5,11,3,-3,3,3,-10,2,3,6,-6,6,7,9,1,2,,,,,
,507,-19,5,5,2,12,5,-2,3,7,-2,-2,-1,-10,-20,-4,-8,-3,,,,,
,-581,2,-15,-8,-2,5,3,-10,-4,-7,14,1,-3,-1,7,-1,8,-6,,,,,
,-149,-11,3,,-2,,-3,8,2,-9,-1,-2,3,-9,3,10,-9,6,,,,,
,919,14,2,-1,2,,12,9,7,9,-16,-4,-9,4,-4,-24,-7,1,,,,,
,168,-14,-7,8,-1,1,-5,-10,8,3,5,2,-3,8,11,-4,15,5,,,,,
,-755,-1,-2,-4,-16,-11,-14,2,-19,-15,5,4,4,-12,-7,4,-9,-12,,,,,
,437,14,-4,-10,4,2,-7,8,1,-8,4,8,4,5,-11,14,-13,-14,,,,,
,3102,-13,10,-1,,2,3,8,-10,10,4,-3,6,5,10,-4,15,16,,,,,
,-3807,,7,4,20,15,5,5,10,16,-1,-7,1,-10,,-9,14,-5,,,,,
,2151,,-8,8,4,-14,4,-13,-2,-3,-5,-2,-9,-5,-1,-13,-1,4,,,,,
,-965,-1,1,,-14,-7,9,-4,2,8,-5,-1,-3,7,-11,9,-10,4,,,,,
,873,1,-5,,-8,14,-5,-1,-3,,-6,5,1,6,8,2,6,-3,,,,,
,-1787,-1,-7,-4,-6,-7,-8,-5,11,-18,5,9,1,-7,-1,8,8,1,,,,,
,523,-19,12,15,9,,-3,7,-1,-1,6,-3,-5,-7,,1,-2,1,,,,,
,33,-14,-6,-13,8,9,4,5,-7,13,-2,-7,20,6,-11,4,-8,-3,,,,,
,-41,4,-3,-8,-6,-10,-5,-4,-6,-8,-3,-8,-5,9,-1,-23,-11,-5,,,,,
,739,9,4,6,6,1,3,4,20,-2,2,-1,-2,15,10,7,7,4,,,,,
,-1432,1,8,7,,7,5,-3,-11,5,3,4,-11,-13,5,3,,-4,,,,,
,134,-9,7,-8,2,-12,-8,3,-3,4,-9,,5,-6,-3,10,5,-3,,,,,
,-396,9,-9,1,-1,3,7,3,2,,14,3,2,12,-10,-3,7,9,,,,,
,1630,-12,-3,9,5,2,-4,-14,13,-8,-10,-17,-1,8,-4,1,6,1,,,,,
,-1290,,7,-4,-7,3,5,13,-4,7,-4,12,3,-6,3,-3,-6,-9,,,,,
,681,-11,55420,55427,55473,55512,55417,55453,55478,55510,55499,55539,55564,55554,55495,55513,55567,55541,,,,,
,-1147,-7,222773,222901,223132,223260,222804,223010,223169,223182,223161,223333,223442,223391,223021,223216,223458,223337,,,,,
,2412,-1,55983,56014,56089,56118,55989,56041,56103,56078,56084,56127,56143,56131,56029,56088,56151,56108,,,,,
,4027,-10,-1,14,11,1,9,2,-4,8,3,2,-2,-7,4,4,-12,2,,,,,
,-2404,-1,-4,5,-9,5,5,2,-4,7,5,4,14,3,,-7,,8,,,,,
,937,12,,-23,1,13,-9,3,-12,-8,-7,-10,-1,-9,-9,-3,7,-5,,,,,
,-2386,-11,4,5,-10,-9,7,8,7,-12,-2,4,-1,10,4,1,9,7,,,,,
,-2570,-11,2,-1,-2,-11,3,6,-3,10,-3,-5,-3,,10,10,-4,-4,,,,,
,3338,20,-8,3,6,-2,-17,-12,-7,-2,7,-3,2,12,-2,-1,-8,-7,,,,,
,-1875,-9,,-2,9,-2,9,-4,10,,8,10,1,4,13,-1,13,18,,,,,
,1854,-20,4,11,2,-3,,1,-6,-8,-10,-12,7,-17,-8,1,-3,-4,,,,,
,-3655,20,,-4,16,16,5,3,11,-2,4,-6,-16,-1,-1,3,-14,4,,,,,
,59,-19,10,2,-5,-3,13,4,13,13,3,10,-2,8,3,-4,6,2,,,,,
,1846,-13,-7,-2,-19,-5,-15,-1,-11,-6,-8,-4,1,6,-11,-3,7,-14,,,,,
,-1156,-2,,,1,2,-1,-9,6,-5,14,-12,,-8,-4,8,-1,5,,,,,
,559,3,5,,4,-2,10,-6,-5,8,7,18,7,4,2,4,-17,-3,,,,,
,-674,10,-4,-6,5,,-2,11,-3,-6,-3,19,17,13,9,-1,15,-4,,,,,
,-222,-12,-6,13,2,5,1,7,5,1,4,-7,-15,-12,9,-2,-1,-3,,,,,
,124,1,7,2,3,-6,-5,1,5,14,-14,1,8,-8,10,1,1,3,,,,,
,228,1,-7,-8,-5,8,-1,-4,9,3,-7,-2,,10,-13,,9,9,,,,,
,197,,-4,1,-1,-2,,-8,4,-5,-5,2,-2,-5,-4,1,-1,1,,,,,
,-413,-2,2,,-2,-6,-6,-7,-24,-2,3,-7,-20,-1,-7,-1,-6,1,,,,,
,-232,-18,-1,3,-17,-2,1,-4,-7,-5,6,9,-2,12,1,1,-5,-4,,,,,
,-222,-11,3,,2,10,11,16,23,5,2,6,24,4,8,,-1,,,,,,
,285,-1,-1,-5,5,-12,,-1,-20,-16,-9,-16,,-16,-9,3,7,5,,,,,
,-168,9,-2,-12,3,-3,-18,-14,-3,3,5,-2,1,-1,-8,-11,5,,,,,,
,-261,-8,4,14,-13,4,,5,-9,-4,1,7,-3,2,14,-2,-6,-1,,,,,
,106,11,7,,2,3,4,11,17,-1,-2,-4,-4,-1,-7,14,-7,-9,,,,,
,725,1,-4,-10,11,9,,-8,-2,16,4,-7,-1,-10,-1,-9,1,-9,,,,,
,2049,-13,-3,-5,7,9,4,-7,4,-6,-2,5,-1,7,-3,-4,-2,1,,,,,
,-1151,-4,-4,13,5,-13,19,10,-2,5,8,12,3,7,15,10,1,4,,,,,
,509,-15,1,4,-3,-10,-15,,-5,-9,-13,2,1,1,-2,-1,1,9,,,,,
,-793,1,1,,-12,12,-2,-8,-10,2,5,-23,-6,-8,-11,-22,-4,,,,,,
,423,,5,1,9,9,12,20,10,-4,4,-6,,,-10,10,17,-10,,,,,
,-756,8,4,-2,2,-8,-2,5,17,17,-2,14,1,7,4,11,-3,8,,,,,
,-305,-21,-15,-1,-8,-12,-4,-16,-15,,7,10,,-1,20,-4,1,23,,,,,
,-41,11,3,-8,-8,4,-5,,-4,-13,-5,-7,-5,-4,,-1,-8,-19,,,,,
,-94,1,7,4,2,5,-3,-15,6,2,-4,-12,7,4,-12,-7,-1,-13,,,,,
,-314,,-11,3,4,1,-10,7,-1,5,4,12,2,3,3,1,5,-1,,,,,
,56,-10,13,-6,-1,-1,8,8,-2,10,-1,13,-1,-3,-8,12,-4,8,,,,,
,410,-1,5,8,,-6,6,2,6,-9,-1,-11,-7,6,-5,-14,-9,4,,,,,
,73,9,-5,-5,-2,-7,-10,-4,3,-3,13,-2,-3,9,11,-2,15,-2,,,,,
,-511,-9,,-9,3,6,5,-9,,-5,-9,5,9,-12,-5,7,1,-5,,,,,
,2539,-3,7,8,8,,9,12,10,8,-9,-7,-7,-5,-5,-2,-6,4,,,,,
,-2081,4,-10,,-6,10,-8,3,-23,,5,-2,-3,-20,6,4,-2,3,,,,,
,-4,-21,-5,,4,-3,-1,-2,1,-18,-3,-3,8,7,1,,-4,-3,,,,,
,16,-8,15,7,-7,5,10,-1,15,15,,-1,3,14,-8,,10,-8,,,,,
,2985,-2,-4,3,9,-4,-9,3,-3,12,8,13,1,3,12,3,-2,5,,,,,
,-3203,-1,-3,-12,4,-13,,-5,-3,-4,6,-4,5,-5,-1,-8,-12,4,,,,,
,10,,-5,6,-10,-7,5,-8,-6,-8,-6,2,-11,-2,6,-8,8,3,,,,,
,675,30,2,11,3,14,-1,-2,-10,-14,-7,-2,9,3,3,8,5,2,,,,,
,3374,-29,-7,-15,7,6,-9,8,5,12,-6,-6,-5,-3,-8,-2,2,-1,,,,,
,-3926,15,-4,-7,5,-7,2,-3,4,2,1,10,1,7,12,9,-10,-1,,,,,
,1129,-36,14,3,-11,9,3,11,,-2,3,-7,-4,-7,-16,-8,-5,-14,,,,,
,-153,22,10,5,10,-2,-6,-9,9,14,-3,4,3,-2,7,-4,12,13,,,,,
,1184,-20,-5,2,-14,-14,1,1,,-12,7,,10,,-1,17,12,13,,,,,
,-716,16,-10,-1,-9,6,10,-8,-1,3,3,-17,-12,1,8,-5,-10,-8,,,,,
,-1517,-19,-3,1,8,5,-6,18,4,2,-9,6,3,12,3,-4,-9,-15,,,,,
,-305,-8,5,,-4,,7,-15,-6,-2,6,12,1,-14,-9,7,8,6,,,,,
,303,,3,-8,17,3,-7,4,-10,-6,-7,-5,-10,-4,-8,-10,6,7,,,,,
,-93,10,-12,1,,2,3,,9,,19,-5,13,10,-10,-3,6,-6,,,,,
,76,,3,5,-7,-8,-5,2,-3,6,3,10,9,-2,,4,2,-4,,,,,
,-151,-11,21,9,-8,13,,9,9,2,-9,-13,-7,-6,6,7,-11,3,,,,,
,430,10,-9,-14,-1,-1,-3,-13,,-7,-4,5,-16,2,16,1,-11,-2,,,,,
,-89,-3,1,9,2,3,3,10,-6,21,7,2,8,-6,-7,-2,11,6,,,,,
,120,-18,-4,3,-6,-9,7,4,-12,-9,1,8,9,9,7,9,-4,-3,,,,,
,-113,-10,-2,-8,-6,-4,3,-1,4,-8,-8,-3,-8,10,-3,-1,,6,,,,,
,-743,,-6,,8,,-8,-4,12,-5,-10,-11,-2,-13,-8,-23,-8,-14,,,,,
,1009,11,6,18,15,9,,3,-9,6,3,7,-1,-7,-3,6,7,-2,,,,,
,-255,-2,9,-3,-2,-13,11,6,3,-3,10,-4,-11,6,-7,5,6,23,,,,,
,1747,1,1,-15,12,5,1,,9,,-5,,-1,13,13,6,-11,-12,,,,,
,-1928,25,-3,8,-3,8,-4,-13,-7,-12,10,2,13,,1,3,3,-8,,,,,
,780,-26,-2,1,1,-1,3,-7,10,12,-1,-2,5,-17,4,-2,2,12,,,,,
,2033,-18,-5,-6,-3,5,-7,4,-10,-5,-15,-1,2,-2,-3,-8,-5,-5,,,,,
,-3151,4,6,-3,-14,1,,,3,3,-8,2,,5,-6,-2,,-9,,,,,
,-55,-26,3,7,-5,-3,-4,-3,2,,3,9,3,-9,-4,-12,-4,3,,,,,
,47,12,-9,-5,2,-9,-5,-3,5,1,2,-3,-10,3,-1,3,2,1,,,,,
,235,,-1,3,10,-7,4,-3,-13,11,12,,10,13,,19,5,13,,,,,
,272,-19,-4,1,8,4,7,5,5,-10,-3,-16,-5,5,3,5,9,-4,,,,,
,-178,3,2,,-15,10,-1,,-4,-3,-8,6,1,1,4,-3,-3,-1,,,,,
,832,26,-4,5,2,-8,-9,5,2,3,21,7,10,4,2,10,6,7,,,,,
,157,1,-2,-11,10,-9,8,14,3,-5,-6,1,-7,-14,-1,-15,1,-4,,,,,
,-804,-27,11,1,11,13,1,-6,-2,8,-2,10,-5,-11,-1,-15,-7,-8,,,,,
,1068,-19,5,-6,-13,-1,-4,-14,-3,1,-10,-12,-4,10,-9,1,-11,-5,,,,,
,736,-3,5,-6,-12,7,4,-1,-6,4,6,3,7,11,7,13,13,-1,,,,,
,-1773,2,2,12,2,-6,3,9,5,-6,-8,3,-8,4,12,11,-9,15,,,,,
,377,-10,-12,9,-1,-9,-2,4,-11,7,5,-5,6,-19,-5,-7,-5,-3,,,,,
,-292,9,-6,-12,-4,2,-1,-7,,-2,19,16,4,12,-4,8,12,5,,,,,
,3729,-8,-2,,3,2,-9,1,7,-2,-1,-8,-7,12,,-10,9,8,,,,,
,-3924,9,12,6,9,,-3,6,-5,15,-23,-1,2,-7,,,-16,-12,,,,,
,1944,2,1,2,6,-1,7,3,2,-7,,15,-5,-1,2,-3,2,-2,,,,,
,61,-25,-7,-2,6,-8,4,-4,1,-2,5,-9,-2,-9,-2,-7,-11,-12,,,,,
,-1459,24,2,-1,3,2,-6,-5,3,-16,-9,-2,2,-2,-12,9,6,5,,,,,
,-557,-29,-3,3,-14,9,8,4,8,1,-1,-3,11,10,7,-2,8,4,,,,,
,-271,-2,-8,-1,-8,6,1,6,-3,7,7,,2,2,6,,-5,-4,,,,,
,-195,-2,11,6,7,6,,7,16,5,3,4,-18,-7,4,8,13,-3,,,,,
,-61,2,2,,-2,-15,-3,-13,3,-10,4,-5,-5,-9,,-10,-9,5,,,,,
,222,18,-4,-8,17,,3,-7,-9,4,-6,-9,15,6,7,-2,5,8,,,,,
,3220,-2,-5,-2,-9,-5,-9,-5,-14,-1,-2,1,8,10,-15,2,7,4,,,,,
,-1774,-28,,9,-11,-1,4,10,,-6,3,4,1,-7,-3,8,-10,-9,,,,,
,-1520,5,,-5,5,3,5,-5,10,8,-4,-6,-3,-2,6,6,3,11,,,,,
,1088,7,-10,-15,-9,2,-4,5,4,-5,-7,10,-5,2,-9,-9,-5,-15,,,,,
,-801,-13,,,4,6,-13,-10,-7,-11,6,11,-3,5,11,4,12,3,,,,,
,-8,15,3,4,-15,-3,14,7,10,5,11,-10,8,2,1,-3,-4,-2,,,,,
,247,-13,16,14,22,7,2,15,3,9,-5,-1,-5,-10,4,-1,-15,-10,,,,,
,472,-20,3,,-10,1,8,-10,-13,-9,5,-3,-1,-8,8,-6,4,8,,,,,
,-522,18,3,-6,1,-6,-8,2,12,6,4,1,-7,8,-2,5,11,-1,,,,,
,1081,-10,-4,4,4,,-16,6,-8,11,,10,-2,,-5,5,,-4,,,,,
,-327,11,-3,-1,-1,-2,12,-13,-1,-4,-6,-17,5,-1,-8,-5,-6,2,,,,,
,1244,-30,-8,-4,-11,-2,6,7,-2,-8,-3,5,9,1,-4,11,-10,,,,,,
,149,-2,2,-10,7,-3,-12,-6,-7,3,-1,-6,-3,4,13,-4,2,3,,,,,
,-2280,11,,-1,-4,,-1,-19,14,-5,-3,12,-1,-1,1,-10,3,,,,,,
,1719,-11,-3,15,9,6,-4,9,,1,-10,-4,3,2,-12,6,-5,6,,,,,
,-1751,,2,-10,-1,,12,15,-13,5,21,,-1,5,5,8,2,-1,,,,,
,-546,-11,4,4,-2,4,-4,4,6,-3,13,3,,1,4,-11,4,2,,,,,
,627,15,5,11,6,-7,5,-2,3,-5,-16,-10,8,-7,,-6,,,,,,,
,-259,1,-10,5,,11,-3,-3,-8,-2,-7,5,-7,-8,,-3,-6,2,,,,,
,-242,-4,1,5,-8,-11,-1,-5,-1,4,12,7,-4,6,-11,15,1,2,,,,,
,100,-1,11,-5,16,-5,7,13,11,3,-11,-3,2,-5,-5,-1,4,6,,,,,
,429,-16,-9,-2,-5,7,-8,3,,-7,-1,-7,-6,-1,9,-1,3,-6,,,,,
,1526,-1,-1,-12,-10,12,-4,-6,2,2,-2,-8,-1,5,12,-6,-1,-17,,,,,
,-1902,-3,-10,-4,-8,-12,6,-12,-11,7,15,,3,2,2,-3,-2,8,,,,,
,264,4,5,18,9,9,-6,17,-2,,-6,13,-16,-8,-16,-7,-4,-5,,,,,
,45,-1,5,-7,-3,-7,-4,-4,-2,-2,-6,7,10,-5,4,13,4,,,,,,
,-51,-1,-4,-8,-1,-2,17,9,13,6,,,13,8,12,-6,1,11,,,,,
,23,7,,-4,4,-8,-6,-1,-8,-9,7,-9,-6,2,-15,1,-11,-6,,,,,
,-65,-7,12,-1,11,-1,-5,-6,-5,8,12,6,8,-3,-1,1,14,7,,,,,
,178,,-1,5,-3,-1,6,4,7,2,-11,2,-11,8,8,6,7,1,,,,,
,829,,-55425,-55430,-55483,-55507,-55414,-55474,-55489,-55502,-55499,-55530,-55554,-55569,-55487,-55515,-55576,-55549,,,,,
,-923,-8,-222783,-222909,-223132,-223258,-222828,-223000,-223175,-223195,-223154,-223337,-223432,-223396,-223023,-223218,-223463,-223325,,,,,
,80,-10,-55969,-56008,-56090,-56121,-55981,-56046,-56080,-56076,-56091,-56137,-56160,-56128,-56024,-56096,-56160,-56121,,,,,
,-155,-7,-8,4,9,16,15,2,13,2,4,8,-5,15,-5,8,5,4,,,,,
,46,20,-1,-17,-7,-1,-12,-2,-11,-5,-4,-4,-16,-9,-3,-1,,2,,,,,
,40,-13,16,2,-13,-8,-7,-13,-5,-4,-6,-6,3,2,-5,-6,-9,8,,,,,
,152,1,2,21,8,-2,11,-2,7,5,10,-3,-1,9,3,22,10,4,,,,,
,2788,-8,-7,-1,2,8,-7,11,2,4,8,-3,2,-5,7,-6,7,-16,,,,,
,-3228,-19,-3,-7,3,-10,-5,-5,-5,-11,-17,-11,7,-15,-15,-16,-6,-10,,,,,
,-793,-17,-15,-2,-2,-2,8,-7,16,2,-1,7,-9,-1,,9,-2,11,,,,,
,482,-2,,7,-4,-12,,9,-2,-5,9,7,15,-9,-2,2,-15,11,,,,,
,-359,21,1,-6,3,7,-1,-1,-24,-1,-9,7,-3,1,6,1,-8,-8,,,,,
,1050,-16,6,7,-3,-10,-3,-1,3,-3,-5,1,-3,14,-9,-13,14,-7,,,,,
,1796,-2,2,-1,1,-8,4,-6,2,16,6,-1,5,1,7,-4,9,2,,,,,
,-1909,,-6,-13,-5,6,-10,-11,-7,-6,-1,-7,-7,-10,10,13,-2,-1,,,,,
,53,5,4,11,11,16,6,12,13,4,-10,4,-1,12,-1,5,-2,-11,,,,,
,-192,-4,4,-3,9,6,1,2,-10,,6,3,11,-2,,-2,7,4,,,,,
,82,-12,8,-8,-10,-3,-5,,,-1,12,9,-9,9,7,-5,-2,13,,,,,
,-904,,8,13,5,5,,5,5,-7,-8,-1,-7,-7,-14,-4,4,-1,,,,,
,87,-3,-6,2,-5,2,2,-3,2,2,-5,-5,15,5,8,,-5,-1,,,,,
,-337,-18,-5,5,,-3,1,-6,-4,8,23,13,-8,,3,10,16,13,,,,,
,25,-1,-21,-14,-2,-7,9,-12,-4,-7,5,-6,-5,-4,-3,-4,-15,8,,,,,
,709,2,1,-13,-6,-2,-3,2,4,-3,-7,-1,5,1,-8,-15,-2,-9,,,,,
,201,1,16,13,9,10,3,6,-12,7,-8,-6,-3,-14,7,5,-14,-12,,,,,
,363,-12,-4,,-11,-13,-7,12,-9,-3,-5,-13,-6,10,-3,12,2,-8,,,,,
,-297,-3,5,4,3,-2,3,-4,13,-1,-3,-5,-3,4,-4,-6,18,3,,,,,
,56,12,2,-12,3,12,-5,-8,7,-13,-2,,11,18,-4,6,,10,,,,,
,1058,3,5,9,-12,8,4,-3,7,12,8,20,-3,-2,11,4,,-5,,,,,
,-1663,-2,-4,-1,2,-10,-2,3,1,-7,-8,3,8,-9,2,-5,-6,5,,,,,
,279,5,-4,3,7,-7,7,7,-11,-1,3,-16,-6,-9,-7,3,-6,-11,,,,,
,127,-5,-2,-1,5,5,-10,9,-1,5,-1,-1,12,-5,2,-10,7,3,,,,,
,113,-28,-6,-7,5,-5,1,-10,-6,-1,-9,6,-2,-1,-9,-10,6,-4,,,,,
,302,-3,-4,,6,7,14,9,5,,12,10,-3,3,11,10,-2,1,,,,,
,3953,22,3,-5,-11,5,-14,3,9,-3,-1,7,,5,7,-2,1,16,,,,,
,-3929,1,13,,-1,7,-1,-8,-2,5,3,-12,1,-6,-8,2,4,-2,,,,,
,360,-34,9,14,-2,-7,15,,7,20,-6,-4,-9,-8,-7,,2,-8,,,,,
,-500,10,-14,-2,3,-2,-4,-9,-15,-14,2,-9,1,13,-1,-12,-19,-9,,,,,
,-8,17,1,,-5,-8,-13,4,-4,-19,8,2,-3,12,-1,15,-5,9,,,,,
,991,-28,-7,-6,2,-3,5,2,4,6,11,15,-2,-13,9,-8,3,-5,,,,,
,-44,,4,-11,1,9,5,-4,-6,10,-21,-11,,-10,-3,1,-12,-5,,,,,
,-1121,,1,15,9,2,-4,12,8,7,-6,-8,-4,-2,2,10,3,8,,,,,
,1968,8,-10,-1,-2,-8,-6,3,2,-8,-13,12,7,10,,-6,18,-1,,,,,
,-1750,15,6,-12,-17,-7,6,-15,1,,11,11,12,4,-1,-4,1,-1,,,,,
,-724,-16,14,5,3,10,1,5,-7,6,7,-10,1,3,13,2,-2,6,,,,,
,141,-14,-5,-1,11,7,8,8,8,-12,10,,-14,-13,-18,8,1,-6,,,,,
,592,19,,3,,2,-3,-16,12,4,-6,5,-1,-2,-9,8,-4,4,,,,,
,-625,-4,-5,-2,-11,-17,-9,5,-15,-11,-2,-2,10,2,19,-1,7,3,,,,,
,-150,-14,-7,2,-1,10,11,4,-5,14,,-13,-16,13,3,-5,2,-5,,,,,
,-178,-6,13,8,1,-6,-9,5,-12,5,5,-1,4,,-4,-4,-5,-1,,,,,
,545,23,-10,-8,24,11,,-9,21,2,-5,2,-6,,-5,-11,3,4,,,,,
,-597,-26,-6,3,-7,2,-3,5,6,-4,-5,9,12,-3,-1,3,1,-3,,,,,
,1718,2,-5,-2,-9,-5,-5,-8,-9,3,5,,-3,-6,-1,5,4,,,,,,
,-1298,34,23,18,-2,8,8,-2,3,,-8,-5,-9,-3,2,7,3,-3,,,,,
,1164,-16,-1,-12,13,-8,2,8,-1,-2,-1,6,-1,6,-2,-2,-12,-7,,,,,
,-1860,-22,-6,-4,3,-14,1,-3,6,-7,15,,13,6,-3,-4,-2,9,,,,,
,231,10,-8,1,-15,7,5,2,2,,1,,-4,-7,9,5,7,,,,,,
,-13,-12,3,5,-13,-2,-8,-2,-2,2,-1,-10,5,-1,-3,10,2,10,,,,,
,-27,,-1,6,7,22,,-9,-8,-7,-7,6,-5,5,-7,-12,-8,4,,,,,
,908,4,-5,-4,1,-11,-9,7,3,5,,-3,-18,-15,7,-9,5,-6,,,,,
,157,-3,2,-10,9,-14,4,4,6,10,8,4,18,11,,7,-12,-4,,,,,
,-655,2,1,-9,-2,10,8,6,20,,-6,-5,16,4,,,,-8,,,,,
,1131,-2,-2,-13,-12,-3,6,-7,-21,-15,8,8,-6,1,5,5,13,2,,,,,
,306,-33,5,6,5,7,-6,4,6,-5,-17,-6,-12,4,-13,,-5,-4,,,,,
,1661,6,-1,11,5,-4,4,-8,-4,12,9,-2,,5,11,-12,-2,12,,,,,
,-2674,26,5,10,7,-6,-10,9,2,5,9,-1,-1,-9,-9,8,,-4,,,,,
,1414,,-2,-1,-6,18,8,7,2,5,2,2,5,,3,1,10,3,,,,,
,-1195,-32,-4,-4,-3,-12,-10,-7,-11,-16,-3,4,6,-10,-5,-1,,-10,,,,,
,-27,-15,-1,-4,-3,-7,3,-5,-16,1,-11,-3,-11,4,-2,-13,-20,,,,,,
,2332,5,11,9,-1,8,3,2,13,3,-2,8,12,-6,7,4,,8,,,,,
,-2821,16,4,3,-5,-5,-6,1,-4,2,5,-5,3,4,3,6,9,-9,,,,,
,,-16,-5,-12,5,7,-6,-11,3,-2,10,9,-2,2,3,,2,12,,,,,
,36,13,2,-3,-2,-3,13,-9,6,-5,4,-9,3,8,5,-5,-4,9,,,,,
,1510,3,-10,8,-7,-10,11,15,2,3,-10,-8,-8,-8,-5,2,2,-18,,,,,
,-1872,-26,-4,9,14,9,-16,7,-5,7,-7,1,-8,-8,-8,2,-4,-4,,,,,
,1897,-12,,-5,,13,8,,-4,-8,7,6,7,,6,-4,10,25,,,,,
,-1029,56,12,5,10,-5,,4,6,1,-6,-6,4,9,-11,7,3,-5,,,,,
,1529,-34,-5,,-8,2,1,-12,-9,-10,-1,-1,-14,-5,11,-9,-13,-13,,,,,
,-1076,-22,-13,-9,-4,-14,-8,-5,-11,,-7,3,-7,-7,-3,2,8,-7,,,,,
,-316,-13,12,-2,6,,4,5,21,7,4,-1,,-3,-10,10,2,2,,,,,
,-88,4,9,,2,15,6,8,17,8,-4,,10,16,5,-5,7,7,,,,,
,1879,-1,-18,-5,-14,,5,,-12,2,10,6,7,-4,12,10,-2,-10,,,,,
,-2604,18,5,6,3,3,2,-10,-14,-7,,-7,-4,1,4,-6,1,4,,,,,
,970,-4,12,-2,-4,-8,-18,8,4,-2,5,,4,7,-9,-2,-1,2,,,,,
,-332,-17,-12,-1,7,-9,-7,-5,-4,2,-9,-1,2,-14,1,4,-14,3,,,,,
,-8,-9,3,3,9,2,10,-3,5,14,6,6,4,4,5,1,-6,1,,,,,
,-260,-5,7,-8,4,-4,13,-2,2,-1,-3,10,,6,-1,-8,,3,,,,,
,-94,18,5,12,-4,5,-1,8,1,-11,1,-10,-11,-14,-6,-1,2,-10,,,,,
,-328,-18,-4,8,-11,-2,-8,-2,2,1,-3,-10,-4,3,-1,,11,-4,,,,,
,-5,-12,-3,-15,-13,5,-1,,5,-8,-12,6,-1,12,5,6,2,9,,,,,
,22,13,7,-1,13,-7,-6,1,-4,7,4,4,10,-5,-5,,4,7,,,,,
,1730,-13,-3,6,3,7,-9,8,-4,10,13,-4,-3,7,,-7,-1,9,,,,,
,-1733,-4,-9,-3,-4,15,24,-5,4,-3,3,-1,1,-4,,-3,-12,-8,,,,,
,-227,17,4,3,2,-25,5,-9,-10,-2,-10,-2,2,3,-3,-3,4,-15,,,,,
,-173,-13,7,14,8,-6,-2,11,-2,15,10,14,8,-1,11,8,12,2,,,,,
,-69,11,-6,1,-5,14,-11,9,10,,7,10,-2,4,1,16,2,4,,,,,
,-3,-2,-1,-11,-8,-3,-5,-20,-1,-18,-11,-20,-4,-2,-12,-11,-10,11,,,,,
,-6,-9,6,-14,-1,-9,4,6,,-5,-2,-25,-7,-4,7,-8,-7,-10,,,,,
,227,-22,,-6,3,10,-6,8,-3,-9,-9,12,-2,-10,-2,1,3,-9,,,,,
,250,9,2,6,1,14,5,-18,-8,-2,2,13,,6,1,-11,-6,,,,,,
,799,9,-4,6,5,-9,8,5,8,7,8,-3,10,1,10,22,3,13,,,,,
,-441,-13,-8,-5,-2,-8,-8,-4,8,3,1,14,10,3,-9,7,6,-4,,,,,
,289,-1,7,16,-5,1,-1,14,6,6,3,-7,-5,-1,-12,-6,3,-7,,,,,
,93,-13,-7,4,5,5,4,10,1,3,-5,-8,,10,-1,-7,-11,-10,,,,,
,-16,12,12,-4,-10,2,-2,,-12,-7,3,10,-3,-13,21,8,10,7,,,,,
,-33,-12,7,1,12,-7,15,1,5,7,2,-6,8,1,1,-5,-1,11,,,,,
,2384,,-10,-18,-9,-4,-22,-9,-12,-5,-7,3,-10,-5,-12,6,8,-1,,,,,
,-3573,1,-4,,,,9,2,-7,-8,5,5,5,3,1,3,-5,2,,,,,
,472,-22,,7,,-2,,-5,12,3,-7,-1,-9,10,5,-5,-4,4,,,,,
,-218,2,-6,3,2,-5,-5,-8,5,8,17,5,4,4,4,-7,,3,,,,,
,5667,3,-2,,3,1,3,-14,-15,4,-2,-4,12,-7,7,-4,,-1,,,,,
,-2875,-3,5,6,1,7,10,10,5,6,-9,-20,-9,-5,-18,-4,-6,-7,,,,,
,-2314,10,6,6,1,8,,17,10,2,-10,,-10,-12,-6,,3,-3,,,,,
,398,-20,12,-2,10,-7,-10,-5,16,,-5,4,5,9,3,9,-1,4,,,,,
,46,11,-15,-8,1,2,-5,,1,-13,18,6,-1,-1,-2,-4,4,-7,,,,,
,-34,-10,10,-3,-11,5,-2,-14,-9,-12,5,6,-7,-4,11,10,-3,-9,,,,,
,-319,12,-3,-6,,-4,,3,-4,7,-8,9,3,-9,-2,-1,-5,12,,,,,
,398,-12,-4,4,-1,3,6,14,-5,2,-6,-1,16,5,-6,1,12,-3,,,,,
,-237,9,-9,9,8,5,7,9,2,6,9,-4,-19,16,-3,-12,5,4,,,,,
,34,-31,2,-13,-18,-12,-12,-6,-4,-5,-5,3,7,11,16,8,-5,-1,,,,,
,-248,19,3,7,7,-1,6,-2,-2,-7,16,-3,,-8,-10,3,4,4,,,,,
,5526,-22,,-3,4,8,8,-2,8,6,-10,,-17,-6,-5,-11,-4,,,,,,
,-3931,23,3,-1,-6,1,-7,7,2,4,-10,-5,3,-8,-5,-3,,-6,,,,,
,-1901,-6,-7,1,-1,-6,-4,-5,-10,-1,11,5,4,13,4,5,7,-5,,,,,
,1632,-1,9,-7,13,-10,-2,-1,3,-11,1,5,6,6,6,17,-7,21,,,,,
,976,-29,11,7,2,7,2,-4,-3,-1,2,-1,2,-7,2,-7,3,2,,,,,
,11215,26,-14,-1,-6,-3,-6,1,-2,5,3,-9,-4,-9,-1,-6,-11,-25,,,,,
,-1920,-22,-2,16,,18,-2,-4,2,9,,-6,-1,1,-8,-8,6,-9,,,,,
,-3927,12,11,-12,-4,-7,4,1,7,10,10,,5,-3,5,-1,4,4,,,,,
,-3958,-3,55411,55437,55487,55522,55421,55461,55480,55493,55483,55540,55564,55574,55494,55521,55568,55560,,,,,
,-1904,7,222784,222891,223133,223255,222804,222995,223149,223179,223163,223334,223437,223385,223018,223203,223447,223320,,,,,
,-1956,-1,55981,56019,56081,56120,55996,56067,56114,56097,56084,56133,56164,56134,56035,56107,56160,56124,,,,,
,334,-15,-19,-7,-8,-7,-2,-1,1,-7,-4,-11,-7,-5,2,-11,8,,,,,,
,2514,9,1,8,3,5,-9,-5,-5,-4,-8,7,7,9,-7,7,1,-4,,,,,
,-2100,-26,11,-2,15,1,18,5,4,6,-10,11,-4,-4,-2,8,-7,1,,,,,
,595,-1,11,2,4,-20,6,-1,2,-2,1,5,-1,-6,-5,3,12,6,,,,,
,-501,1,-6,2,-8,-2,-5,2,-12,-9,,-11,8,-3,16,-11,-5,4,,,,,
,581,-2,-9,5,-7,10,-5,1,3,14,21,-17,-1,,1,-11,-3,-2,,,,,
,-1780,-3,1,-21,7,11,5,-7,2,-6,-1,8,2,2,8,3,6,3,,,,,
,620,4,6,19,17,3,14,4,16,-1,-2,5,3,10,-5,2,7,-7,,,,,
,-782,-4,1,1,-10,-1,-4,1,-10,-2,1,-3,-3,10,-13,1,-6,-3,,,,,
,-373,-8,-3,-2,-12,-6,-12,-12,-8,7,,6,-6,-10,5,5,-6,3,,,,,
,166,-18,-2,,,-15,-18,3,3,1,2,-2,2,-5,9,-1,7,5,,,,,
,3352,,4,-2,-11,,,4,-3,-2,-2,-7,6,7,-15,-4,-6,7,,,,,
,-2301,18,-5,-7,9,10,10,-9,7,-5,-2,10,2,-2,-3,1,5,1,,,,,
,68,-32,-3,12,8,10,-5,,-9,-5,2,3,-7,1,3,1,-6,-14,,,,,
,-9,,6,-1,,4,7,9,,10,8,-15,6,-6,-2,-1,-3,5,,,,,
,-114,10,-2,-5,-4,-3,3,-1,10,5,4,12,-7,-2,11,10,15,-5,,,,,
,-258,4,8,,-6,-11,-12,1,-8,-10,-12,10,-2,1,-11,5,-10,-5,,,,,
,49,-26,9,12,11,-3,16,12,9,3,-6,-7,,3,-6,-9,-2,1,,,,,
,-76,13,-14,-1,7,13,7,13,9,8,-3,-13,2,-1,9,-8,-12,-5,,,,,
,-266,9,-1,1,-1,-3,2,-13,-5,-8,-3,,-5,4,-5,2,16,,,,,,
,-62,-9,6,-2,4,15,-12,-16,-6,4,4,-4,-1,-5,-9,-9,-8,-4,,,,,
,475,-14,-7,-12,-18,-12,5,-14,-3,-5,2,2,3,-3,4,10,3,3,,,,,
,121,-4,-2,-7,6,-8,-5,9,,7,3,1,4,12,15,16,1,-7,,,,,
,265,,6,13,4,6,2,5,8,2,14,1,-1,13,15,-15,1,15,,,,,
,-24,-3,-10,,-1,-6,-8,16,2,-12,3,4,8,-7,-3,-6,5,10,,,,,
,89,3,-8,2,-7,-5,11,-11,-1,3,-8,11,2,-3,-13,14,-6,2,,,,,
,92,-12,16,6,12,28,7,-1,-3,18,-6,-3,3,-2,-5,1,-4,-4,,,,,
,1674,-1,-4,-1,5,,-20,4,-10,-14,3,4,-13,-4,13,-9,9,15,,,,,
,-2836,-1,6,,-7,-17,-3,-5,8,-3,5,-2,-1,14,-2,-6,2,-8,,,,,
,258,,-1,-6,-3,-11,13,3,14,1,-18,-6,1,-4,-9,-6,-15,-18,,,,,
,823,14,-3,-3,-2,7,-3,-7,-12,1,3,-2,1,-10,2,13,2,,,,,,
,-280,-26,-2,-3,-6,-2,-3,13,-12,-2,14,,-6,-1,-2,,1,1,,,,,
,218,-30,-3,,10,,6,-1,2,-8,-13,4,2,,9,-5,9,14,,,,,
,1258,24,-6,,,-2,-3,2,1,6,-4,-2,7,,10,10,5,-13,,,,,
,-1603,3,7,-7,-15,12,,,-3,-1,3,3,-4,11,-6,9,-2,8,,,,,
,1029,,22,15,3,2,-1,2,5,5,-1,-8,10,-12,-12,-6,4,-2,,,,,
,1093,2,-17,,8,-5,-1,-12,,-4,-2,5,-5,-3,5,-5,-17,-5,,,,,
,-2477,-5,-11,-9,2,-5,1,2,-1,3,4,-2,-12,-5,1,-5,-1,2,,,,,
,-231,-23,1,8,-7,8,10,10,22,1,-3,-7,2,-8,-4,-13,-3,-4,,,,,
,-22,27,,-4,14,3,-12,-3,-3,,6,-9,-1,4,-9,9,,-2,,,,,
,501,-5,-4,-2,1,-10,-6,-8,-10,9,-22,-2,,9,5,7,4,-4,,,,,
,447,-22,8,-2,-15,3,2,-8,-10,-11,8,13,11,,6,-11,-5,9,,,,,
,93,-21,-1,-4,-9,4,13,2,-3,4,7,-2,-6,5,6,15,1,6,,,,,
,-595,-9,4,1,8,3,-5,8,-4,-2,-7,-8,1,,-10,2,-1,-1,,,,,
,565,19,1,14,5,-5,-4,3,1,2,15,11,-1,-8,-3,-3,4,-1,,,,,
,-363,-18,-5,-1,9,-3,8,-10,7,-3,8,11,,-3,2,-9,4,-7,,,,,
,-61,,7,-2,-1,3,11,9,1,4,2,-4,2,15,7,3,8,9,,,,,
,-99,,-8,3,,12,-5,19,-1,9,-2,-13,-8,-2,2,-4,,3,,,,,
,1695,-2,,2,4,-8,5,-1,11,-1,-3,4,7,-2,-7,-1,-6,,,,,,
,-1149,,6,8,-2,-7,2,-22,-3,-8,-20,6,,-11,-14,14,-8,-17,,,,,
,-600,-11,-1,-12,-16,-7,-10,-5,-5,-1,4,-16,-4,-1,9,-7,-4,4,,,,,
,268,-14,9,-3,4,8,-3,11,,5,6,-5,-1,11,9,2,17,23,,,,,
,2382,26,-9,-1,1,5,-13,-9,5,-2,14,30,-2,11,,15,3,1,,,,,
,-2449,-31,3,-9,,-5,-6,,3,-7,-7,-9,5,-20,-11,-17,7,-9,,,,,
,-51,-1,-7,5,1,-4,10,7,-1,5,-9,-11,5,12,6,5,-10,-7,,,,,
,858,6,-4,-7,-7,-2,2,-10,-12,-1,5,7,6,3,-6,-3,-3,4,,,,,
,-403,-13,11,-1,,7,3,7,10,8,-3,11,-3,-6,1,-7,4,-6,,,,,
,639,7,-3,16,8,4,5,10,-3,,6,-6,1,5,8,7,-6,-5,,,,,
,-1739,-13,-10,-5,-5,-19,-8,-16,-15,-15,-1,-1,-2,-4,-5,2,7,-3,,,,,
,-18,4,16,,4,16,-3,2,11,5,-6,2,-10,-10,2,-4,13,-2,,,,,
,257,11,-2,7,5,2,1,6,8,2,-5,10,6,15,-5,3,-12,-4,,,,,
,25,-11,4,-4,3,3,9,7,-2,3,-4,-3,9,1,3,,1,26,,,,,
,233,-1,-12,2,-8,-13,-3,-4,-4,-2,13,-5,-15,-6,10,2,-2,-6,,,,,
,-390,,9,-3,6,12,6,14,12,-8,-7,-10,-7,-5,-9,-2,-10,,,,,,
,3343,-21,,8,1,10,7,4,-2,10,,8,6,13,-2,3,8,-5,,,,,
,-3915,8,-8,-6,-11,-5,5,-12,3,-5,-7,-15,-3,-14,4,3,-7,1,,,,,
,1471,-2,,-2,-5,-14,-4,,-6,-7,-2,-2,10,5,-6,-9,,-5,,,,,
,130,4,12,-1,10,2,-10,-2,2,-3,-6,12,-3,-2,2,-2,-1,12,,,,,
,-366,-9,-11,4,-3,,-11,-8,-4,5,9,2,3,-2,10,2,6,-1,,,,,
,271,-13,1,,-2,-2,5,-8,-8,-1,9,-6,-2,-1,-21,-2,1,-19,,,,,
,-370,3,1,7,9,7,5,9,13,-2,3,7,,1,1,6,1,15,,,,,
,126,10,-2,-13,-5,-1,-3,-12,-5,,-3,5,-1,5,14,5,,3,,,,,
,211,-10,-2,-9,-9,-7,-10,-4,-17,1,1,-1,-6,,-1,-3,-6,-15,,,,,
,1842,-1,11,,16,,9,7,2,-1,13,-19,3,-1,2,-4,-5,4,,,,,
,-1692,1,-9,9,3,-2,-3,-4,7,10,-9,5,-3,1,-2,5,4,4,,,,,
,-294,-15,-2,3,-2,10,-3,,,6,7,8,10,-5,,-11,6,2,,,,,
,900,15,10,3,-18,-8,2,4,-4,-6,-4,-5,3,4,-10,8,-6,-3,,,,,
,1735,-23,4,-6,4,6,6,3,4,,-22,7,-3,-5,15,-4,8,,,,,,
,-3929,26,-13,,-3,,-13,-8,4,-1,12,-2,11,-5,-8,6,-3,-2,,,,,
,861,-5,-6,-2,5,7,8,5,8,-1,4,,-1,13,10,1,,-2,,,,,
,-443,-31,5,3,7,5,3,3,8,11,5,-13,-16,1,2,-3,-7,7,,,,,
,156,2,2,,-3,-7,1,-4,-10,,11,7,6,-3,-9,-3,-3,-7,,,,,
,-43,,10,-1,-1,-6,4,2,-5,-12,-15,8,-8,-6,,-11,-3,-7,,,,,
,595,-1,-7,1,-11,-8,-1,,-4,14,7,-7,-3,,5,8,12,11,,,,,
,14,14,7,-5,-7,6,,4,-7,-12,7,2,7,8,3,5,8,14,,,,,
,1067,-11,-15,7,16,2,10,8,9,-1,-7,4,10,6,-3,,-2,-1,,,,,
,-2164,-2,5,16,4,1,-6,5,8,12,-15,10,-1,-2,1,-7,-11,-5,,,,,
,1752,-22,7,-9,12,,-2,-5,-10,-14,-3,-7,1,-10,-9,2,-2,-1,,,,,
,-1972,45,-1,-8,-13,5,-10,-8,7,-10,2,-7,13,1,-1,20,12,-1,,,,,
,287,-43,-4,9,-5,-8,-3,11,-7,11,,-5,-21,2,9,-5,3,-1,,,,,
,388,-11,3,-3,,12,7,-3,11,-2,11,12,2,-6,8,-11,1,1,,,,,
,782,-2,6,-7,15,-3,-3,-12,4,3,-3,-2,4,8,-12,-4,-1,-11,,,,,
,-56,-2,-6,2,-8,-7,-3,14,-10,8,,-1,-5,,-6,2,-11,-8,,,,,
,2762,3,-2,2,14,-4,8,1,-3,-6,4,4,3,4,-13,8,-7,5,,,,,
,-3678,,4,-5,-14,-1,-8,-6,-3,-2,4,5,4,10,18,4,10,16,,,,,
,945,14,-4,9,-4,10,-4,-3,12,,-3,-17,5,-6,16,5,5,3,,,,,
,-563,-14,-13,-6,-14,-13,7,11,-10,6,-2,-1,-10,6,-10,-7,-12,-6,,,,,
,629,1,15,-7,-4,2,6,,-6,-5,-18,-8,-4,-8,-13,-9,-12,-13,,,,,
,1618,,13,5,19,2,2,-2,12,7,7,7,-1,-13,-5,1,-1,-11,,,,,
,-2484,-19,-20,2,,-2,2,-6,-3,-7,12,12,2,8,12,,23,3,,,,,
,52,-1,-3,3,1,4,-2,-4,8,-8,-3,15,7,15,-1,7,8,11,,,,,
,-298,-11,10,3,,-5,2,8,2,5,3,-14,-4,-16,-2,3,3,,,,,,
,-37,10,-12,-4,-2,-13,-6,-8,-22,,8,-12,-3,-9,-2,-7,-14,8,,,,,
,-130,-9,10,-8,8,15,-16,7,-5,,-14,-4,3,4,3,-10,-11,-13,,,,,
,295,-2,-6,3,-6,-1,-6,-9,2,12,10,3,-7,8,3,2,6,10,,,,,
,138,18,2,-7,-8,-14,13,-4,10,-7,,-1,10,3,6,8,8,3,,,,,
,1068,-17,6,8,,9,5,15,-4,-1,-10,11,-16,-8,-9,,-14,-7,,,,,
,-14,12,2,-7,3,9,5,14,,,5,-2,,1,-1,-11,-5,4,,,,,
,-1073,-3,-6,-1,5,2,1,-18,,-7,-10,-5,6,3,-11,6,11,3,,,,,
,133,-9,-6,5,-9,1,-8,-11,2,-6,,-5,-5,-8,1,-5,-5,-13,,,,,
,-35,-20,3,8,-1,,1,8,3,,8,5,12,-3,10,2,1,1,,,,,
,134,1,-6,-14,3,4,5,2,,15,-8,7,7,8,-7,6,4,7,,,,,
,81,-1,11,14,22,-5,1,3,1,4,17,4,-9,-8,7,3,15,11,,,,,
,462,-1,4,-4,-17,-10,-5,-1,,-1,3,-11,-5,7,8,-10,-15,-11,,,,,
,-451,1,-1,-2,5,8,7,20,-1,3,-15,13,2,2,-9,6,1,5,,,,,
,342,-10,4,13,2,11,6,-7,16,-3,5,7,3,2,-3,11,9,8,,,,,
,-354,10,-5,-8,-17,-6,-11,-18,-8,-12,-12,-12,4,-8,8,-13,1,-11,,,,,
,3715,-15,-7,8,4,7,6,1,-1,5,2,-12,-2,-11,-13,2,-8,2,,,,,
,-3908,4,-2,-6,17,3,1,7,3,,5,5,-5,2,12,-9,-5,-4,,,,,
,-393,11,14,6,-1,-7,6,-2,-8,-5,1,9,3,15,15,15,8,5,,,,,
,1035,-11,-10,-13,-8,-10,-14,-4,10,7,-2,13,,10,-15,12,,5,,,,,
,-1041,-20,-6,-2,-4,4,4,-6,-7,1,2,-13,,-13,7,-1,-1,-9,,,,,
,977,21,8,10,10,11,6,5,7,-2,-6,,11,4,-2,-21,2,4,,,,,
,-537,-20,9,1,2,-5,-1,-3,2,8,-8,-5,-9,-10,-3,-12,-14,-4,,,,,
,456,-1,-14,-3,-8,,-3,-7,-10,-4,7,-3,,8,-6,27,5,5,,,,,
,978,-13,-55420,-55436,-55481,-55525,-55420,-55450,-55493,-55515,-55494,-55520,-55563,-55559,-55483,-55512,-55570,-55548,,,,,
,2616,15,-222777,-222894,-223131,-223264,-222813,-222995,-223150,-223183,-223162,-223339,-223437,-223398,-223023,-223226,-223461,-223319,,,,,
,-3928,9,-55978,-56029,-56093,-56105,-55997,-56053,-56111,-56081,-56091,-56138,-56173,-56137,-56030,-56101,-56160,-56112,,,,,
,-136,-19,6,3,3,-15,5,-5,-3,8,7,9,8,8,2,11,11,8,,,,,
,905,29,14,7,2,6,-5,-8,4,-9,8,9,-2,-3,4,12,-6,-9,,,,,
,-868,-30,-6,5,-10,14,6,6,6,-1,-5,5,9,,-2,-12,3,-2,,,,,
,36,-1,-14,3,,-14,-6,-1,-1,1,9,-16,-4,19,-5,-5,-4,-4,,,,,
,326,-1,-8,-4,-2,-12,13,10,2,-7,-3,,-4,-7,9,-2,-13,-5,,,,,
,126,2,8,-8,17,5,-2,-2,-9,3,-9,1,1,-16,-14,8,17,-8,,,,,
,-554,-2,-7,7,-3,15,-4,-7,7,-6,4,-9,-11,1,,-6,-3,3,,,,,
,614,-30,7,-5,-14,-9,-4,-3,-5,-4,4,-7,-1,2,1,2,3,9,,,,,
,-970,12,5,,19,9,13,8,4,3,-12,12,27,1,2,-3,2,-9,,,,,
,35,-12,7,-7,9,-6,-1,-5,6,8,3,3,-4,6,5,,1,-6,,,,,
,141,11,-10,4,-21,-7,-8,,-14,1,6,-1,-4,-3,-10,-7,-11,7,,,,,
,-192,-1,-5,-17,-2,,-9,-13,-1,-6,7,-12,-7,2,-3,-17,1,-7,,,,,
,587,-9,,5,2,-7,7,3,-1,-5,-8,8,4,,-8,23,,-15,,,,,
,34,-2,,10,12,10,8,8,6,8,-1,7,1,-9,2,-1,3,13,,,,,
,-162,17,-4,12,-7,2,3,5,13,12,11,-1,-2,4,9,-4,-3,6,,,,,
,1482,-18,-3,-2,-7,12,-14,-1,-7,-5,1,-1,-2,14,10,9,2,11,,,,,
,-1506,3,5,-3,2,-7,-4,-5,-5,-11,-19,-8,-7,-14,-18,7,3,-3,,,,,
,49,-1,12,-9,-10,-11,6,-8,9,4,10,-1,-7,3,13,1,-6,-7,,,,,
,-506,-31,,-12,8,-2,9,4,-7,10,-5,5,2,7,10,,,-7,,,,,
,1233,12,-8,9,1,6,5,-1,,-8,3,7,11,-11,-6,-11,15,7,,,,,
,-1084,-12,3,,3,1,-5,-9,-15,,,3,4,4,-2,4,5,13,,,,,
,963,1,14,12,1,3,1,9,10,7,-1,-7,,3,-5,6,,-3,,,,,
,-812,-1,-13,-5,,5,-11,-3,9,-5,-6,-11,-10,-13,6,-10,-8,1,,,,,
,195,13,4,-4,6,6,5,10,13,-4,9,2,8,-5,-1,,1,-3,,,,,
,-177,-12,-1,-6,3,-12,-12,-3,-14,10,,3,-3,13,-3,4,-15,-9,,,,,
,-112,,-18,17,-1,-3,5,3,,-6,-6,4,-17,-5,,-1,2,,,,,,
,947,,-6,7,-3,1,2,-5,4,-6,13,1,20,7,9,-8,14,10,,,,,
,-406,-18,16,-8,-5,-2,-8,3,-5,-1,3,-2,11,4,4,3,6,11,,,,,
,386,-1,8,-9,-13,3,9,5,11,8,3,-1,-13,-5,,3,-9,-21,,,,,
,-1054,-2,-9,-11,8,-2,16,-1,-16,-1,-17,8,-12,-6,-7,-11,-9,-5,,,,,
,84,3,2,8,-1,-4,-16,1,-1,-4,-1,8,-2,8,-12,4,3,25,,,,,
,-82,-13,-6,10,-7,3,-2,-13,1,-11,-6,-6,1,-5,4,10,6,-10,,,,,
,-238,11,9,-11,1,5,-1,2,3,12,-1,-1,5,-11,1,-2,-10,-10,,,,,
,239,-12,-6,7,6,-5,-5,-4,7,3,15,-7,3,17,,3,8,,,,,,
,-82,1,-9,3,-4,-3,-5,18,-11,-5,-1,-4,3,-2,4,,6,12,,,,,
,405,7,-3,-3,8,-1,11,,2,3,-2,4,8,-12,-6,-11,6,8,,,,,
,2860,,17,-11,1,19,3,-10,-2,,3,18,-7,9,6,17,-8,-16,,,,,
,-2624,-16,5,10,6,-8,-7,-9,-10,4,-11,-4,-4,-2,-3,-1,-9,-1,,,,,
,-335,-15,-7,12,-3,,2,11,11,-2,5,-9,2,-2,-1,-32,-5,,,,,,
,-16,19,,-8,-4,3,10,1,7,9,3,3,-11,9,10,13,10,-2,,,,,
,689,-24,3,,-5,-5,-8,-4,-7,1,3,7,11,4,-8,12,3,5,,,,,
,-1024,7,3,-8,9,-5,5,-1,,-2,2,-4,5,3,7,-14,-1,4,,,,,
,105,-2,3,4,,7,,15,8,-15,,2,-13,-12,-1,19,-11,2,,,,,
,140,23,-11,,-10,3,3,-6,-8,10,-2,-10,1,-1,-3,10,9,-3,,,,,
,-197,-11,-5,6,5,-5,-7,-8,2,7,-2,-1,18,2,3,-8,6,-3,,,,,
,-79,-17,13,-7,10,,,5,2,-7,-8,4,-1,-1,2,-4,-13,5,,,,,
,113,18,-3,-12,-4,-7,-1,-3,-4,-4,5,,-10,1,-5,1,10,,,,,,
,664,-19,10,13,-6,1,6,-1,16,-2,-3,-5,-8,-8,-4,3,,,,,,,
,3985,-17,-9,10,-3,4,1,-4,-15,4,4,-6,3,10,-2,-10,2,1,,,,,
,-466,35,-8,-6,11,-1,-8,,-1,-4,-1,10,17,-2,4,-5,-4,-5,,,,,
,-2208,-15,7,-11,4,6,11,-2,23,4,8,3,-9,2,1,13,-5,2,,,,,
,-1913,-2,-1,8,-4,-1,5,6,4,10,-14,2,4,-6,-4,-7,3,3,,,,,
,-466,-10,-9,6,-4,6,-2,-3,-9,2,10,-1,-14,1,-5,-6,,-3,,,,,
,61,-19,-9,-3,-5,-9,1,13,-12,-4,-6,-6,9,2,-4,5,,-6,,,,,
,671,28,16,-10,7,-1,-18,-4,-3,-11,-8,-8,-7,-1,,,3,-10,,,,,
,-597,-44,-2,4,1,7,4,-4,,-4,16,6,5,7,8,1,-5,8,,,,,
,3173,,4,-1,-9,-5,5,-5,-6,4,,9,-2,-3,1,-5,-5,1,,,,,
,-3370,-5,-7,3,3,-3,-2,7,6,9,-6,-6,2,-2,7,7,3,1,,,,,
,1781,5,3,6,-4,1,-10,-9,5,-10,-11,-4,-2,-15,-9,7,-7,3,,,,,
,-338,4,5,-2,4,-1,20,5,-10,1,6,2,16,9,-5,-7,1,-7,,,,,
,-423,-6,-1,,-2,1,,-3,4,-3,9,-5,-3,3,10,2,2,13,,,,,
,-298,2,4,8,-2,2,-12,-1,-1,1,1,-1,-6,17,2,,2,-14,,,,,
,-24,-2,-5,-6,2,2,7,8,4,-3,-7,8,5,-15,2,-5,,-2,,,,,
,208,-13,-15,-5,-8,-9,,-7,-5,7,6,2,-9,-4,5,5,9,20,,,,,
,76,,10,-11,6,12,-13,4,,,,4,-7,1,-13,10,9,-2,,,,,
,-94,-5,12,-4,,-3,8,1,5,5,-10,-5,-4,6,-1,-7,-3,-8,,,,,
,-285,19,6,18,4,-7,8,7,1,-2,18,-7,7,,-1,-2,-2,13,,,,,
,317,-30,-1,3,-4,7,-10,-14,-5,-4,6,-4,6,10,7,-3,-3,-1,,,,,
,-150,-2,-9,1,-2,-7,-2,-3,-4,2,-17,2,-3,-8,-1,-9,-9,-17,,,,,
,1865,23,-7,4,5,5,-11,2,9,5,-6,10,-8,2,-1,4,-10,-2,,,,,
,-2304,-22,-3,-14,1,2,-3,5,5,-6,4,-5,3,,7,7,3,5,,,,,
,1581,17,12,-6,7,-12,17,-4,-7,-2,10,10,14,-5,8,-5,5,7,,,,,
,-1319,-13,-2,20,6,18,-4,9,7,20,-3,-11,-1,-1,-12,-5,2,-4,,,,,
,-76,-14,11,10,-2,3,4,15,-2,-5,-6,-4,-8,,-11,-2,13,-5,,,,,
,1319,10,-3,-13,-10,-4,6,-11,,-2,13,7,-3,5,14,5,-5,4,,,,,
,-1060,-9,1,-12,8,-5,3,-11,2,-5,-4,7,3,-5,,9,-5,,,,,,
,-2,-5,-7,-9,-8,-3,-11,3,-5,-5,-14,-7,4,-3,1,-5,5,12,,,,,
,-37,3,1,6,-2,-4,5,11,-5,-6,2,-4,4,2,5,-4,-6,-1,,,,,
,-38,23,-12,-6,-5,2,1,-4,-1,4,10,1,4,-10,-14,7,2,-17,,,,,
,257,-42,-1,11,17,-2,3,-7,8,8,-2,3,-9,5,2,-2,-6,15,,,,,
,1258,16,-1,-5,-11,-7,2,2,-5,-3,10,,-11,14,6,-5,,-10,,,,,
,-874,-28,8,,7,-1,-9,,6,-4,-4,-11,-3,-8,-9,3,9,-16,,,,,
,-366,13,5,1,-6,6,-2,-5,1,3,-11,1,6,5,,-8,1,18,,,,,
,575,-13,7,9,-5,,7,2,1,-12,5,2,5,-9,12,6,-1,5,,,,,
,99,12,-11,-9,-6,1,-3,-6,,-4,4,6,-7,1,-12,-3,-3,-10,,,,,
,1790,-14,-3,-8,4,-5,-10,4,-7,9,-7,20,3,16,1,-3,3,8,,,,,
,-3241,18,2,9,,8,11,7,6,-9,-2,-10,6,3,7,7,-11,-5,,,,,
,3485,-2,4,4,-2,-4,5,-6,,4,-4,-11,-14,-15,-2,2,7,4,,,,,
,-2779,-28,6,14,12,11,6,9,6,11,-4,15,6,-4,-1,,7,-1,,,,,
,1728,-6,-2,-12,,7,-19,-12,-3,1,5,-13,14,-3,,6,1,2,,,,,
,-1919,12,-11,,-3,-11,4,22,-11,7,-2,-16,-10,9,8,-6,-3,-2,,,,,
,790,-11,,-15,17,5,-1,-15,8,-10,10,4,-2,-3,-6,-9,5,-4,,,,,
,-936,16,11,12,-7,,13,5,3,-3,2,7,9,-8,-2,5,-5,2,,,,,
,-504,-18,-1,13,2,-4,-4,-5,,23,-3,5,-15,-9,-1,-1,-7,7,,,,,
,-114,2,-12,-5,-11,-14,-5,-5,-20,-11,,7,11,14,-9,12,9,-7,,,,,
,429,2,16,-2,-8,,-1,13,10,-6,8,4,-6,,10,2,3,-5,,,,,
,441,-2,3,1,5,16,2,2,-6,,-12,-6,12,-8,1,-6,-3,,,,,,
,-161,1,-4,-2,3,4,-1,-16,4,-3,8,1,-2,13,-7,-7,3,2,,,,,
,235,,-2,-8,-9,1,4,6,4,2,7,3,2,-8,9,11,10,6,,,,,
,-62,-2,-1,8,,-8,3,-5,-5,-10,-12,-8,-7,2,11,-4,-17,13,,,,,
,-43,-18,-9,-10,-2,-10,-14,-2,-3,-12,-14,2,-7,-2,-6,3,4,2,,,,,
,135,2,-5,-3,7,7,,1,9,16,11,-1,12,,-9,,-2,-17,,,,,
,839,15,-8,11,-3,-2,-9,-3,4,4,-3,,1,7,-7,1,-8,4,,,,,
,-770,,10,3,,2,13,-6,-2,-5,-9,-8,-1,-1,3,-9,-5,-6,,,,,
,326,-6,14,-3,9,-2,19,12,,3,2,5,-1,-8,2,-10,9,1,,,,,
,-493,-11,-16,-3,13,9,-2,19,-6,-5,7,14,-11,12,9,4,11,-11,,,,,
,2932,-7,,-3,-16,-9,-8,-7,6,7,10,-8,-6,8,-5,7,-8,9,,,,,
,-3926,7,16,5,-3,12,-6,-5,6,3,3,8,20,-3,9,9,-5,3,,,,,
,624,,1,11,14,-5,1,-7,-8,7,-5,-12,-4,-10,-12,-10,,4,,,,,
,-115,-7,-14,,-6,-4,6,,-6,-9,-3,-15,1,1,3,6,2,1,,,,,
,-118,-31,-4,-13,,-1,-8,-10,-12,-1,-6,-1,-6,-4,1,5,14,-6,,,,,
,69,-3,8,3,4,-4,11,8,13,-4,2,1,-1,3,-10,-13,-8,-2,,,,,
,2588,-4,8,-1,-3,-6,-13,4,,1,-9,-3,-6,1,6,-5,-18,5,,,,,
,-66,20,-4,1,3,,,-14,,7,13,9,11,6,-6,3,3,-2,,,,,
,750,-14,,10,2,9,-6,2,,-4,-5,11,4,4,-11,-3,7,-12,,,,,
,-2865,-7,4,-12,-11,1,,8,-5,-17,,-6,-9,-9,15,8,6,4,,,,,
,514,-13,-3,-6,-6,-1,6,-6,7,10,-3,-3,-3,-9,5,10,-15,-2,,,,,
,743,1,-12,8,11,-3,,1,-4,5,12,5,5,2,-5,-12,10,10,,,,,
,-24,24,7,-7,-1,6,12,6,-1,2,4,12,10,12,4,4,18,-4,,,,,
,609,-1,,4,5,-1,-3,,13,-2,-6,-15,8,3,8,-4,-13,16,,,,,
,-1720,-18,-2,-3,-12,2,-16,-6,-5,9,12,2,3,,-2,-8,8,1,,,,,
,935,11,19,-10,2,2,,-2,-1,-6,-7,-4,-11,-12,8,10,-6,-19,,,,,
,-1019,-2,-6,5,1,-17,-5,7,-2,-11,-4,13,-19,,-16,-2,-7,6,,,,,
,-49,-30,-7,3,1,-5,5,-7,-3,3,-5,6,6,5,-10,8,5,4,,,,,
,-62,1,-7,2,-12,8,-1,2,1,-7,5,-19,8,6,3,-7,4,-4,,,,,
,1811,,55417,55427,55503,55525,55421,55468,55491,55505,55489,55525,55552,55565,55500,55506,55571,55552,,,,,
,-245,17,222785,222902,223121,223256,222825,223013,223169,223192,223162,223344,223437,223387,223025,223237,223455,223317,,,,,
,-540,-29,55985,56029,56084,56131,55996,56054,56095,56100,56091,56131,56163,56130,56025,56092,56150,56109,,,,,
,-1317,16,-7,5,14,5,-2,-7,2,-9,3,-8,2,-5,2,-18,18,-3,,,,,
,1082,-4,14,3,,3,-4,-2,-7,-10,-6,12,-2,-2,-10,1,-8,5,,,,,
,-1017,5,4,-14,,8,1,5,-8,15,-7,4,5,4,-14,5,-9,,,,,,
,29,-19,-12,-3,-8,-19,-8,-16,10,-2,-1,-4,4,5,24,13,11,-8,,,,,
,164,,-13,13,-6,-18,3,5,2,-2,12,-6,1,-3,-9,-14,-8,11,,,,,
,922,4,3,-1,6,16,8,10,2,6,4,15,-5,-1,,,3,4,,,,,
,-1305,-23,10,-8,5,-7,-1,-2,-11,-3,,-2,15,5,10,3,-1,-7,,,,,
,-313,,-6,3,-1,2,1,-3,12,-7,-8,-13,-7,5,-8,-3,-2,9,,,,,
,-125,,,1,,10,,-2,2,1,1,1,3,-11,-3,-9,1,,,,,,
,-70,-1,4,-8,-4,-7,,1,-11,-11,-3,1,-14,-22,-4,-6,-10,-4,,,,,
,1379,-10,2,,2,2,-9,7,-1,,5,7,2,12,9,4,7,-7,,,,,
,-1278,10,5,3,1,4,2,4,8,10,8,1,6,-3,8,20,7,2,,,,,
,126,1,5,2,-1,6,,5,5,8,-11,-6,-4,9,-18,-10,2,-8,,,,,
,111,17,-3,5,3,6,4,-10,2,,-4,3,11,11,5,-5,-5,16,,,,,
,-92,-14,-9,-3,6,-15,-4,-10,-10,-6,13,-11,1,-7,-5,3,4,-1,,,,,
,124,-4,14,13,-3,,4,5,6,-1,6,-1,-4,10,3,10,-1,9,,,,,
,-317,-15,-5,2,3,-10,-7,3,-8,2,-1,4,-9,-9,3,-7,-10,-16,,,,,
,872,,-9,-15,-11,14,-2,,-8,8,5,7,-2,4,2,-3,-2,8,,,,,
,26,15,6,9,-5,-13,5,,-7,-11,-21,6,-8,-10,,5,-8,,,,,,
,81,-3,1,2,7,8,-7,-1,8,4,5,2,13,2,7,6,11,4,,,,,
,-243,-12,-3,-3,-1,8,5,3,12,6,-4,-3,14,-2,-2,-3,3,-9,,,,,
,65,13,-14,-10,-16,-7,-3,-6,-12,-14,-11,-6,-15,5,-10,4,14,4,,,,,
,-202,-14,11,5,18,,-2,9,5,4,6,,4,2,18,3,,5,,,,,
,332,7,-5,-15,-9,-1,5,-12,2,9,10,2,-15,-14,-5,-18,-5,-5,,,,,
,-34,11,3,4,9,1,4,6,1,,7,,13,11,-6,4,1,1,,,,,
,-221,-29,-8,7,,-13,1,3,-4,-1,-2,2,4,2,-6,4,-4,-3,,,,,
,101,17,5,5,-7,9,-8,-9,,-8,-16,-15,-5,-8,7,-11,-7,-19,,,,,
,1410,-16,-6,-7,-6,9,,2,4,8,11,11,9,15,7,8,,9,,,,,
,-1061,,11,3,13,8,10,7,-3,2,10,-3,-6,3,-12,10,1,11,,,,,
,-9,-1,1,8,-2,-11,-5,-2,-1,-13,5,,8,-7,18,-2,7,10,,,,,
,2330,-2,4,-13,-13,-15,8,-1,-6,3,-9,10,-8,-8,-8,-5,-12,-8,,,,,
,-2520,,-7,3,5,13,-8,-9,11,8,,-18,-4,4,-12,-3,-1,-3,,,,,
,-18,,-2,10,9,5,-1,3,,,-7,-7,-8,1,-1,,9,5,,,,,
,970,,5,-16,-3,-3,-2,10,-2,,-7,15,-5,-6,6,3,7,,,,,,
,-1139,,5,-4,-1,2,-2,-1,-4,-1,-2,8,13,-2,2,7,2,-5,,,,,
,175,3,-5,-2,,-11,,1,-6,-5,5,-10,,-1,5,-10,-20,-5,,,,,
,1555,-32,-4,7,-6,-2,-13,4,-1,4,-9,1,-5,6,5,2,11,13,,,,,
,-1448,29,-1,2,6,-6,3,1,4,-2,2,4,2,-3,-5,-8,-7,-3,,,,,
,-111,,15,-5,10,12,15,2,5,-2,11,,,13,-3,-1,-4,,,,,,
,987,-32,-7,3,,13,18,-4,9,-8,-9,-3,,-3,3,9,7,-6,,,,,
,-1136,6,-15,15,-2,-3,-9,2,1,16,1,5,12,-5,,3,1,-4,,,,,
,-223,-6,3,-3,-1,-3,-11,-8,-3,2,9,5,-8,4,-7,-2,-9,10,,,,,
,239,-10,-4,-8,-5,-9,8,1,3,-1,3,-2,-6,-11,-9,3,11,-8,,,,,
,-470,,8,8,-7,4,-4,-6,-6,-16,-4,-7,-1,-18,4,-7,5,1,,,,,
,209,,5,2,5,5,1,-1,-6,5,-10,4,-2,8,1,-9,-5,,,,,,
,1088,18,-3,-17,2,-4,-8,,-11,7,-10,-8,-2,8,5,-3,-15,2,,,,,
,-565,-2,5,14,11,4,5,10,7,,13,3,12,20,9,3,12,5,,,,,
,-178,-35,-5,-9,-6,2,-1,19,11,1,3,2,3,-12,-7,1,2,-7,,,,,
,109,-3,-15,15,-2,-9,-1,-14,-3,-2,-2,-5,10,-1,9,3,1,7,,,,,
,-27,4,14,-2,5,-8,-1,-2,4,-9,8,-1,-7,-1,-11,-6,4,5,,,,,
,127,-4,4,-13,-3,-1,4,5,1,3,3,6,-5,-6,8,8,-11,-4,,,,,
,-634,,5,14,-2,14,-1,-17,13,-3,-7,11,-12,,,2,15,4,,,,,
,298,9,-11,-7,,5,2,8,-21,-8,2,-13,8,9,-8,4,-2,-5,,,,,
,418,-5,-3,-4,-10,-14,-5,-8,-1,17,-7,-3,16,2,,10,5,-3,,,,,
,-238,,2,-4,-7,-7,-2,-1,-8,-3,5,-2,-5,1,13,-8,-9,7,,,,,
,-12,-14,8,6,18,15,-6,10,6,7,,13,-7,-7,-8,-4,-12,-1,,,,,
,1385,-3,6,-3,-1,1,12,-6,11,-2,-2,4,,1,-5,8,16,-3,,,,,
,-1358,,-5,-4,-5,,-1,-4,4,-1,-1,,2,8,-4,4,5,-2,,,,,
,-20,4,-10,4,7,-8,-13,9,-11,10,-9,4,-5,-1,10,-9,-5,,,,,,
,1056,-21,4,-1,-4,8,6,8,,-9,11,-6,2,1,3,-1,-2,-3,,,,,
,-1667,3,-8,1,-8,-3,4,-6,10,-10,-2,-22,-4,4,2,,-4,,,,,,
,50,1,,-7,-8,-9,-5,-3,-10,-10,5,10,4,-9,-10,3,4,-10,,,,,
,81,-9,2,2,3,9,3,,4,10,1,,-14,-8,-6,-3,5,6,,,,,
,-183,-5,-5,8,8,,12,-1,4,4,-2,,5,20,15,19,-5,14,,,,,
,697,1,7,-7,6,,1,2,-9,18,3,11,11,2,10,-4,-7,8,,,,,
,31,-1,1,5,-4,-2,-8,-1,3,-10,-2,3,-6,-12,-6,-12,8,-16,,,,,
,-220,12,5,13,-1,3,-2,,3,5,,-4,-8,-4,-15,-3,-5,6,,,,,
,1199,-2,1,-1,14,2,11,4,-1,-1,-2,7,3,8,-4,6,1,-5,,,,,
,-957,-22,-2,-17,-9,-4,6,-4,-3,4,5,-2,14,-2,15,-13,16,18,,,,,
,-52,-9,6,2,11,8,-10,-2,-2,5,-10,-9,-2,-10,3,9,-14,-9,,,,,
,352,20,4,,-4,-9,-15,3,,-16,7,-4,-8,4,-13,6,-13,-10,,,,,
,-310,-17,-4,5,-18,3,-1,-3,2,-12,-4,12,10,-10,,3,5,8,,,,,
,96,5,-2,-2,3,-8,13,-3,-3,3,-1,1,-2,18,8,-1,12,9,,,,,
,446,13,-7,,8,10,-2,9,-6,-1,7,-5,-8,2,-3,-9,-12,-1,,,,,
,945,-18,5,4,-9,-8,2,7,1,11,7,-2,-6,-11,1,4,2,-18,,,,,
,-1317,-3,6,-9,-7,5,-2,-3,-4,-17,-6,-4,1,8,,-1,13,,,,,,
,-134,5,-7,10,7,3,-7,-14,5,7,7,-4,16,-7,-3,-2,-3,1,,,,,
,66,-15,2,7,12,-5,3,-2,10,4,-2,9,6,,16,4,-4,4,,,,,
,396,36,-12,,-2,-5,4,9,2,10,-8,1,-10,8,-14,2,5,-7,,,,,
,3335,-50,-6,-1,-13,8,-3,5,-9,3,-4,2,-1,-6,-3,-2,-6,8,,,,,
,-3857,16,16,-2,13,9,2,-6,11,-14,4,7,13,3,11,-1,1,7,,,,,
,-90,-21,-4,-5,5,-12,-3,-15,-4,2,-2,-12,-1,,-5,-12,2,-6,,,,,
,-457,-1,,-2,-7,5,7,10,-3,,-10,-10,-10,-7,-8,-2,-12,-4,,,,,
,71,20,1,-17,-12,5,2,6,-8,-1,14,3,-11,-8,7,3,-2,4,,,,,
,113,-27,-3,10,4,-7,-6,-5,-4,-4,-9,,-4,10,-11,3,-1,,,,,,
,516,-1,5,5,5,-8,-6,5,8,3,4,3,9,-3,9,10,14,-3,,,,,
,-558,9,-2,-5,9,-4,4,12,17,5,8,11,9,11,-4,,4,-6,,,,,
,120,1,2,,-5,4,3,-18,4,-3,-6,-2,-2,-5,1,-6,-10,,,,,,
,2512,-1,-5,,4,5,8,-11,-16,12,4,2,1,4,11,3,-5,6,,,,,
,-1941,-9,-4,14,-11,-5,-11,4,-9,-10,-6,-3,5,9,-4,-10,7,3,,,,,
,2651,11,9,1,-3,,10,21,2,-6,1,-6,,,-4,11,-1,-4,,,,,
,-2574,-10,6,-12,6,5,-2,,6,9,2,7,-7,-11,,-7,-6,5,,,,,
,-277,-25,-12,,-5,1,-5,-19,-5,-5,-5,,2,-8,1,-2,2,-8,,,,,
,36,3,-13,-6,-12,-8,-3,-9,-11,-2,,-5,6,7,-5,5,,5,,,,,
,-99,1,,12,,10,-3,5,12,6,2,-5,-19,4,,-4,7,11,,,,,
,242,3,17,3,10,4,3,16,15,-5,8,-10,-2,-12,7,-1,,-4,,,,,
,-414,-7,7,-7,11,-1,-4,-7,-7,4,1,4,10,-10,-1,,-6,-10,,,,,
,567,-9,-4,-2,-7,-6,,-9,-13,-9,-8,4,-10,6,-5,-1,-8,-6,,,,,
,-349,,-1,2,7,-8,10,8,13,1,-1,-1,13,13,1,5,-4,7,,,,,
,6080,,-1,2,-6,8,1,8,10,-4,-4,14,-6,-1,7,10,2,14,,,,,
,-3848,17,2,-4,-10,12,1,-2,-13,5,5,-6,3,-6,2,-2,14,-9,,,,,
,-2765,-5,,-4,9,5,-8,2,-10,1,12,-6,5,-1,-7,-13,-5,-8,,,,,
,207,-29,-4,,-3,-11,-5,2,4,4,-3,-12,-3,5,-5,-9,7,5,,,,,
,-388,-5,-2,15,4,-13,6,-3,16,14,-9,-7,-7,2,3,-2,-5,-5,,,,,
,625,,1,-4,-1,,12,4,-8,-6,-8,28,,-9,11,1,3,2,,,,,
,-481,1,,5,3,3,-9,7,-8,-3,7,-11,5,5,-11,9,-7,8,,,,,
,142,-9,7,,7,12,-8,-10,-5,-4,-1,-3,-2,2,1,1,7,2,,,,,
,2150,11,-3,-6,-2,-3,1,-1,-1,-2,-5,1,6,-3,-7,6,-5,-14,,,,,
,-2101,-1,-2,-12,-4,-12,8,-7,19,-8,6,,1,-7,3,8,2,12,,,,,
,-4,-12,5,6,-4,5,7,2,2,7,-1,4,1,2,3,2,-2,,,,,,
,1670,11,-7,8,-5,5,-11,3,-14,-2,4,16,-2,13,5,-2,2,-10,,,,,
,-1569,-11,10,-7,-2,1,-1,1,2,,-13,-10,-11,-9,-11,-2,8,10,,,,,
,1450,6,5,3,3,-17,,-2,6,16,-9,-8,3,4,-12,-6,-5,-5,,,,,
,-1119,-22,-8,3,12,-5,7,7,5,-11,21,-3,4,5,15,9,6,3,,,,,
,47,,-7,-6,-8,10,5,-10,4,,-4,15,,-12,10,-7,2,-11,,,,,
,354,-4,5,2,-8,1,,-2,-7,2,2,-10,-2,-5,-4,-5,-10,2,,,,,
,-370,22,,-9,1,1,-5,,-2,-1,1,-4,-6,15,-11,-8,,4,,,,,
,-88,-32,-1,-6,10,-10,3,-2,-8,3,7,-5,-9,-7,5,,6,-3,,,,,
,-361,14,-4,3,-3,10,-7,5,-8,,-9,-1,3,,11,10,-3,-8,,,,,
,134,-1,-8,4,-3,-6,-10,-14,1,-14,-5,11,10,4,-2,8,-3,25,,,,,
,4227,,10,7,8,8,8,13,19,-1,2,13,5,8,4,-5,10,-5,,,,,
,-3858,12,11,8,3,11,1,5,-5,15,8,-8,7,-2,5,5,-9,3,,,,,
,-508,-24,-5,-1,,11,-16,-10,-5,-16,5,7,-2,5,-2,5,2,1,,,,,
,-59,,-9,7,-10,,5,15,1,-3,5,1,-4,-4,-11,-5,-4,-4,,,,,
,-26,-21,,-7,7,-12,12,-4,6,9,,-6,3,-11,-2,-2,10,6,,,,,
,2794,7,-55422,-55447,-55485,-55523,-55422,-55458,-55496,-55503,-55503,-55539,-55565,-55568,-55484,-55521,-55575,-55547,,,,,
,-895,14,-222787,-222909,-223137,-223270,-222819,-223014,-223164,-223179,-223165,-223333,-223438,-223393,-223020,-223212,-223458,-223340,,,,,
,-2110,-12,-55968,-56007,-56078,-56109,-55984,-56045,-56092,-56083,-56093,-56126,-56160,-56117,-56035,-56091,-56160,-56123,,,,,
,-88,-9,4,8,5,-2,5,-6,15,-4,4,-5,2,3,1,2,-4,10,,,,,
,2015,3,3,2,-5,6,-4,9,-3,-10,9,3,-7,-4,1,-3,-1,4,,,,,
,-1297,-4,-8,-2,-1,,-4,-3,-12,15,-3,5,6,-1,1,2,3,3,,,,,
,-271,1,9,10,-4,-5,7,-4,-3,3,9,-3,-8,8,3,1,1,4,,,,,
,270,,-7,-18,,-4,,-2,,-14,-2,-5,3,-17,-12,-5,-10,-1,,,,,
,364,-11,-5,-2,3,-2,-1,2,5,5,1,1,6,7,-4,14,8,-1,,,,,
,-1554,-13,15,5,-6,17,-11,-4,-7,,-8,-4,-7,9,11,-8,6,8,,,,,
,827,13,8,4,2,3,5,-3,18,11,-7,4,10,-6,-2,-13,-12,-7,,,,,
,161,1,-17,1,6,-11,9,1,-10,-9,-3,-4,-3,2,4,3,6,2,,,,,
,204,17,1,-6,-3,-8,1,-4,-3,-6,1,-3,-6,-4,-14,13,-12,-6,,,,,
,-54,-36,9,8,1,11,-2,12,5,-4,7,-3,-2,8,3,6,13,-2,,,,,
,100,-24,,-3,-6,-6,-2,,,7,-4,10,-9,-8,-1,-21,2,-4,,,,,
,-236,-12,5,-5,4,-14,-5,-2,-16,-2,-8,5,5,10,-8,-6,2,2,,,,,
,-85,37,,4,4,22,10,-12,21,-5,9,-17,-8,3,12,11,-4,-1,,,,,
,618,-1,-5,-1,-9,,-2,4,5,6,7,7,13,-8,-1,4,-3,-2,,,,,
,-657,-36,-14,3,6,11,3,11,-1,6,,2,9,,3,-5,,-5,,,,,
,-163,1,3,-10,-5,-6,-4,-2,-6,-4,-3,8,-3,-5,6,3,-4,-5,,,,,
,-165,2,3,-10,-9,-8,-1,-3,,-8,5,6,-9,-11,1,2,2,9,,,,,
,4334,-1,-7,11,11,-4,8,2,6,3,-2,-6,-10,6,5,-6,1,-14,,,,,
,-3848,-19,10,5,5,11,-8,11,-5,3,-11,-2,8,4,,9,9,-1,,,,,
,-502,1,2,-14,2,-15,,-12,-10,3,6,-4,,-7,-20,-12,-16,9,,,,,
,149,,8,5,6,7,-1,-6,8,-3,2,,-5,5,-6,2,11,-2,,,,,
,273,-13,-3,17,2,-3,1,9,-5,-3,-12,9,-3,5,5,5,7,6,,,,,
,1218,-3,-3,-7,-1,2,-7,-2,,-5,3,2,-6,,4,2,-6,-5,,,,,
,110,16,2,7,-6,-4,-1,-8,-2,6,2,-4,15,9,,-2,-7,5,,,,,
,-1412,,-8,-11,-19,-3,,-9,-3,-1,-1,-4,11,-12,13,4,14,10,,,,,
,231,-4,-1,-5,7,6,10,,-2,-1,-1,-7,-7,-4,-7,-10,-15,-20,,,,,
,-545,3,2,19,13,7,16,14,2,17,6,-15,2,6,-4,4,7,3,,,,,
,1086,-25,2,-1,-11,-4,-16,5,-8,-9,-9,5,-19,6,2,2,-3,5,,,,,
,-932,-7,-3,4,-8,1,-6,-9,8,-17,-4,7,3,1,-2,-12,-5,-10,,,,,
,72,22,-1,-6,9,-9,2,7,8,5,7,9,10,-10,-2,22,8,17,,,,,
,2319,-21,8,-3,14,5,13,7,3,10,7,4,-4,7,-3,-3,2,15,,,,,
,-1696,19,-2,6,-15,-3,-12,-9,-1,1,-3,3,5,-5,6,-13,-6,-16,,,,,
,-475,-19,-1,2,13,-10,6,-4,-12,-6,3,-10,,-5,-1,5,-1,8,,,,,
,1891,5,-7,-11,,15,-7,-4,8,-4,,1,15,-2,7,5,2,-16,,,,,
,57,-16,-7,-1,-9,7,8,1,-5,7,-2,13,,9,-2,-3,4,,,,,,
,-486,2,12,,12,-2,2,15,,12,-2,,-13,5,-1,2,-8,3,,,,,
,-1534,-3,2,3,-4,-3,-5,-4,2,-9,5,-12,11,-4,6,-1,-1,4,,,,,
,95,3,-5,-1,-12,5,-3,-15,-10,-5,14,9,-4,-8,-13,,8,-12,,,,,
,275,-2,8,-4,11,3,-2,11,16,14,-20,-9,,,5,-4,-7,-4,,,,,
,-563,1,1,5,-5,-3,-3,-4,3,2,-7,2,4,6,20,4,2,11,,,,,
,-102,-19,-9,5,5,-8,10,,-9,-4,14,-3,-7,3,-16,7,14,-4,,,,,
,-37,18,6,-1,5,,-3,8,-14,5,8,19,,13,-12,8,-1,14,,,,,
,120,-1,5,-1,-5,1,4,1,12,-8,-9,-10,,-15,2,-13,-4,-10,,,,,
,158,-20,-11,-3,-5,8,-5,-14,-3,-4,4,-15,3,-7,4,6,8,3,,,,,
,188,1,2,-3,-3,6,-3,6,13,2,-9,9,-5,4,5,-16,-19,-8,,,,,
,2363,-11,6,-2,7,-9,2,4,3,-6,-9,-1,-10,-6,-6,11,,5,,,,,
,-2722,11,-12,5,-7,-3,6,-4,-5,-11,11,4,4,,1,7,4,12,,,,,
,531,1,15,-1,6,,-7,,-4,10,-7,,6,-7,-10,3,-2,-14,,,,,
,4642,-11,2,-10,-16,-8,1,8,-4,-3,5,6,14,17,10,3,13,2,,,,,
,-3587,,-13,13,16,8,,-8,5,7,4,,-15,1,,-16,-1,-1,,,,,
,-1418,-22,,13,2,6,,,2,4,-10,-6,-4,1,-4,-7,-5,-2,,,,,
,-64,22,-10,-23,-5,-10,-3,-12,-10,-18,,9,4,5,12,8,5,,,,,,
,4317,-1,12,5,4,1,-2,14,3,7,10,-5,10,-13,-8,2,1,8,,,,,
,-3854,-18,1,,3,,1,6,14,15,3,-4,-1,-1,9,-10,-11,-2,,,,,
,-543,-14,-8,1,-16,13,-2,1,-17,-12,-12,-5,-19,-3,8,2,-6,-6,,,,,
,1678,13,-6,,1,-3,6,-15,8,2,14,1,8,2,-5,1,-4,-3,,,,,
,-2136,13,13,,13,-12,-3,4,4,-7,2,-6,2,6,-4,7,1,6,,,,,
,313,-14,22,1,-4,-1,6,9,11,5,-20,10,,-8,2,-2,7,-7,,,,,
,192,-8,-11,-3,3,4,-4,5,-13,2,,-1,-7,,-8,,6,15,,,,,
,-82,9,-18,13,13,9,7,3,-3,-2,4,-5,,-1,-1,-13,2,-10,,,,,
,174,-11,-5,-12,-23,-11,-3,-20,-1,-1,6,12,-2,1,,-3,4,,,,,,
,387,-22,5,-7,1,-10,2,5,3,7,-2,-7,-1,4,-7,7,-19,4,,,,,
,-523,2,11,-2,4,6,-2,10,-2,11,,4,15,,8,17,12,3,,,,,
,154,19,-15,2,-1,-2,-15,-13,3,-9,-2,-6,-4,1,2,-8,7,-2,,,,,
,530,-30,-2,1,-6,3,10,13,,,3,7,-5,-5,-7,-7,1,6,,,,,
,1911,1,14,15,17,11,4,1,5,10,,-5,5,10,9,5,-9,-1,,,,,
,-1981,-1,,-4,-4,-4,-6,4,-3,-11,4,3,-1,1,6,-1,6,5,,,,,
,-76,11,-14,-2,-14,,2,-4,1,-12,,7,,-9,-17,,-8,-10,,,,,
,9,-11,-6,11,2,-8,1,-7,-3,-1,-6,-10,-7,2,-3,,1,9,,,,,
,-563,,13,-11,1,-4,3,3,-4,-2,13,-2,-3,-6,9,8,-3,-5,,,,,
,1844,,-1,-4,5,7,1,-9,8,10,-8,-7,-5,-1,-1,-16,10,-20,,,,,
,-1675,2,5,-3,3,1,,2,-4,-1,-1,4,3,-8,8,11,5,,,,,,
,3587,-24,1,-11,,-1,7,7,-2,-1,6,-1,13,11,2,2,-2,15,,,,,
,-1976,2,-5,17,-7,4,-8,,11,9,1,1,-6,5,-1,3,7,4,,,,,
,-2037,-5,12,5,3,-6,-12,-2,-6,-8,-19,5,-14,-1,-10,-25,-12,-7,,,,,
,2271,-7,2,-2,8,2,9,-1,-9,-1,11,-6,7,11,12,20,2,12,,,,,
,-1870,,-9,-12,-13,8,,,-2,-3,2,7,5,-8,-8,5,5,-4,,,,,
,-50,24,,8,-1,-3,1,-9,8,-2,-15,-1,20,-2,-1,-13,-8,10,,,,,
,-98,-10,9,6,7,-4,-2,10,3,7,5,3,-8,-7,6,5,2,-5,,,,,
,51,,-1,-14,1,-2,-2,5,-5,1,5,3,-5,10,1,8,3,-4,,,,,
,452,,-10,4,-16,-6,,-5,1,-3,14,-1,,-4,5,-1,6,6,,,,,
,-316,-33,1,-6,5,-3,9,-10,-6,-6,,-11,,11,1,6,4,-5,,,,,
,-9,20,8,11,-7,5,-10,11,-3,11,-10,-1,3,2,-5,-3,-7,-9,,,,,
,236,-18,-5,5,18,-1,,-1,4,4,-7,7,-5,-22,-12,-10,-13,-2,,,,,
,-145,-1,-1,-4,10,9,-4,,-4,-8,,-5,-7,-3,7,-13,1,-2,,,,,
,,-11,-8,-8,-5,-7,9,,17,-6,10,3,15,13,5,18,7,-1,,,,,
,-512,-2,11,-1,-1,4,-4,-3,3,4,2,-7,3,4,-3,3,-10,-4,,,,,
,464,12,,7,-1,4,,-9,-10,-3,-7,-2,-9,-9,,-8,-3,9,,,,,
,78,,-10,-2,-7,-16,,5,-11,-1,7,10,,12,8,1,3,7,,,,,
,107,-10,-2,-1,1,4,,-1,6,7,-3,4,-2,-2,-16,7,-2,-10,,,,,
,752,-1,12,-4,-4,12,1,6,7,5,-3,-5,5,-8,-7,-4,11,-3,,,,,
,-931,12,4,8,4,2,4,12,2,-9,-8,-3,-9,,7,-12,-4,-8,,,,,
,3274,-2,-3,,3,,-10,-6,-8,-3,13,10,1,-2,3,6,-4,7,,,,,
,-3852,-9,-19,-5,-15,-6,7,-14,,14,-8,-15,3,1,-10,1,-1,3,,,,,
,208,-20,13,-4,-8,-4,3,-2,-7,-4,,-7,3,2,10,-3,-1,-5,,,,,
,299,20,7,10,8,,8,15,4,2,1,13,-6,9,-8,-14,,-3,,,,,
,-366,-3,6,5,7,5,-7,4,4,-8,3,,6,-2,-2,13,9,24,,,,,
,-14,-31,-12,-5,,-1,8,,6,-7,,-5,-1,-1,17,10,-5,-8,,,,,
,56,14,-1,1,11,,-6,-3,10,14,1,-8,-1,-2,-4,4,-1,-9,,,,,
,121,,-4,,-6,2,3,7,-3,,-14,13,-1,-1,-3,-18,6,-6,,,,,
,123,-12,5,2,-10,-4,-7,-9,-18,-7,10,6,-8,-1,-2,14,-3,8,,,,,
,-139,11,-1,-5,5,,-11,-3,3,3,-4,4,9,3,2,-1,-2,5,,,,,
,17,-10,1,-15,,3,-1,-1,-7,7,3,,9,-1,10,-2,4,3,,,,,
,4365,-20,4,2,5,-3,8,-4,-2,-6,5,-13,5,-1,6,5,3,,,,,,
,-3354,30,1,16,-3,-10,9,4,7,-2,-6,7,-2,-4,-5,-6,3,-4,,,,,
,-598,3,,1,6,18,-5,9,3,9,9,-3,,9,-5,-3,-13,-9,,,,,
,2264,-13,7,-5,-7,12,8,4,2,-11,-12,-7,2,1,-8,-3,1,1,,,,,
,-1034,-21,1,2,-7,-8,-11,-10,,-8,5,8,-4,2,6,8,-8,11,,,,,
,52,17,-28,-4,12,-10,-7,-4,-4,1,-3,3,-10,-4,-9,-8,-6,1,,,,,
,1789,-28,4,15,3,-4,10,1,-5,-2,14,7,-5,-13,6,-8,10,2,,,,,
,-3871,5,7,-11,-16,8,,-5,-2,6,15,-4,10,2,7,15,14,-6,,,,,
,228,8,,8,10,-1,-4,5,-1,5,-8,-3,9,11,7,8,11,,,,,,
,2367,,8,,6,-5,-6,2,21,4,-15,9,-12,-6,-6,-1,-5,,,,,,
,-2658,-9,9,,13,7,11,2,5,7,-3,8,-3,-8,-14,5,-2,2,,,,,
,243,-3,-8,-8,-5,9,5,-1,-19,-6,-2,-22,-7,-2,-2,-9,-13,-10,,,,,
,73,-22,-3,1,-6,-16,-13,-4,5,-7,3,2,-1,8,10,5,10,7,,,,,
,42,23,-3,-1,-6,3,-6,,11,,9,-2,6,-2,,-4,-19,4,,,,,
,-123,-20,6,-4,-7,2,14,-7,-10,5,-7,-9,7,3,-10,-10,-2,,,,,,
,12,,-8,9,2,-10,7,13,5,,8,12,1,1,-3,-4,8,9,,,,,
,243,-13,10,-7,14,10,-5,-7,14,-4,-10,-4,2,-5,7,-2,-4,-5,,,,,
,202,2,-13,-8,-10,-4,-2,2,-16,-18,9,-7,-7,1,1,-1,4,-6,,,,,
,792,-2,,6,1,,2,2,-11,10,,5,12,7,-2,8,11,6,,,,,
,3274,1,-2,-5,2,-3,-7,-5,13,12,1,3,-17,3,9,-1,2,8,,,,,
,-2614,13,4,1,-7,-3,-5,,-4,-5,-3,8,-3,-6,-2,9,-3,-19,,,,,
,2566,-11,55418,55436,55486,55512,55424,55467,55475,55501,55492,55512,55555,55568,55486,55508,55558,55541,,,,,
,-3109,1,222784,222896,223144,223269,222809,222998,223168,223192,223156,223327,223442,223381,223025,223197,223456,223327,,,,,
,-1255,-14,55975,56030,56074,56124,55999,56056,56106,56090,56088,56131,56171,56132,56028,56103,56169,56118,,,,,
,434,12,-8,-1,-1,-5,-4,14,-13,-11,-1,10,7,7,3,7,3,-2,,,,,
,-435,-31,19,2,10,11,-4,-15,2,-5,1,16,-11,-10,-12,-5,-4,-2,,,,,
,3684,-1,-11,,-10,-2,2,-9,-1,2,1,4,2,4,5,-9,-12,18,,,,,
,-233,29,-1,-5,8,,-1,11,-2,17,4,,22,-1,13,5,11,3,,,,,
,2349,6,-7,2,-8,-6,7,4,16,-7,2,-11,-9,7,3,6,6,-5,,,,,
,-3860,-23,10,,-2,-5,10,-2,-3,,-6,5,-2,-7,-1,4,10,,,,,,
,541,9,16,2,15,-1,-2,5,4,2,4,-5,-2,-7,-20,4,-16,-8,,,,,
,-2726,-35,-6,-2,1,13,-5,-3,-8,-2,7,-9,-12,-3,,-10,-3,6,,,,,
,1473,9,-12,,-21,-2,,-18,-4,7,-18,3,-1,2,,-7,1,6,,,,,
,-2128,24,5,-6,9,-6,-7,10,3,-1,5,-8,3,13,11,19,-10,-17,,,,,
,607,-44,5,8,9,9,,14,-7,1,15,6,8,3,10,9,6,3,,,,,
,368,15,-1,2,-11,-4,7,-7,14,3,-6,2,-5,4,-13,-11,11,-5,,,,,
,1811,-10,-7,6,,-4,-8,-4,,,-8,6,-5,-22,5,,-4,1,,,,,
,-2073,19,1,-7,-4,7,-2,-5,-19,-15,3,-13,-5,3,4,-13,-7,7,,,,,
,58,3,9,-4,13,5,2,4,23,9,2,11,-3,4,-5,3,2,8,,,,,
,213,-2,-5,17,3,-15,6,-5,-4,10,-2,13,17,-2,-2,-2,10,2,,,,,
,225,1,-3,-11,1,8,-5,4,-1,-9,-6,-21,10,-5,3,,-6,-9,,,,,
,-239,-11,-6,-20,-5,-14,-2,14,-6,-18,3,1,-15,1,-13,-3,-4,-13,,,,,
,129,-19,,6,-2,-2,2,7,-2,3,2,12,5,8,6,-2,9,14,,,,,
,-35,19,2,7,14,14,-9,-12,10,6,-8,-10,3,1,24,20,5,-2,,,,,
,216,-1,7,7,1,10,11,-1,16,8,3,5,-4,10,-12,4,-1,,,,,,
,-261,-17,7,-6,-11,-11,-6,2,-9,1,7,3,7,3,-11,-13,-3,8,,,,,
,-275,-26,-7,5,1,-10,-8,-1,-18,-8,3,-15,-10,-8,-4,-3,-6,-3,,,,,
,1158,25,-2,-11,2,8,11,-10,-13,11,-5,2,-6,-7,2,3,,-5,,,,,
,-823,1,9,16,6,10,4,10,9,-3,4,9,7,4,8,-6,,7,,,,,
,955,-11,-12,-10,-16,-7,-11,-6,15,-1,-6,-4,-3,-4,-13,-4,-17,-5,,,,,
,2644,-16,-3,-5,-1,-13,-2,3,,2,-8,7,10,15,3,4,23,6,,,,,
,-3850,15,13,8,9,7,9,,-2,6,5,-2,2,-3,7,2,-7,-16,,,,,
,-170,2,7,-1,1,13,-1,,-7,-7,-3,-5,2,-8,3,11,8,25,,,,,
,-26,-37,-6,-7,-6,-5,-2,-7,,-6,,6,-8,-3,-7,-4,,-4,,,,,
,-42,37,-13,-6,-7,1,4,-5,6,-7,6,,-7,3,4,8,-7,-3,,,,,
,196,-36,12,4,-6,-6,14,14,-3,12,-2,-8,7,1,7,-2,-9,-2,,,,,
,-82,9,-8,7,15,-7,2,-2,8,5,-4,9,8,-2,-10,-4,19,-10,,,,,
,134,-23,1,-4,5,2,-4,-7,13,-1,-4,3,,-6,-10,-21,-7,9,,,,,
,-53,5,8,1,4,5,2,13,-8,-3,7,3,7,7,6,13,-12,5,,,,,
,1089,-2,-6,,-1,-3,-9,-10,-32,7,-13,-8,-15,-5,,-5,,-7,,,,,
,-437,11,18,4,-7,10,1,8,10,-6,6,-2,-10,11,7,,5,-2,,,,,
,1776,-1,6,6,-2,-7,4,-7,14,-2,12,4,6,-3,15,7,12,2,,,,,
,-3042,-26,-20,-2,-2,-3,-4,10,1,-4,-7,14,9,5,-4,6,-3,7,,,,,
,875,-2,-9,-6,-10,5,4,-3,-5,5,5,-3,-15,-3,-3,-12,2,-5,,,,,
,-12,-2,-7,3,17,5,1,-6,-6,5,4,5,-5,1,-11,6,-2,-2,,,,,
,293,17,8,-6,3,-8,-2,2,4,-6,2,-7,15,-6,8,-2,-4,-7,,,,,
,-474,4,6,1,-6,-6,-10,3,1,-2,2,-1,-1,-5,-9,7,9,2,,,,,
,196,-31,8,-1,-2,4,-2,-7,4,-8,8,-2,10,18,7,17,,-5,,,,,
,4045,1,-6,3,-1,4,3,8,-6,,-20,-13,-9,7,5,-19,-5,,,,,,
,-3860,-1,-9,-3,-8,1,-1,7,-2,-4,2,-3,,-8,-9,-11,3,13,,,,,
,-639,14,3,-16,-3,-19,1,-13,-10,3,7,6,3,-6,14,18,6,,,,,,
,148,1,8,9,9,10,-1,-5,14,5,2,10,8,2,3,-2,-9,-10,,,,,
,51,-2,-19,5,-9,7,-3,3,-2,5,-12,-5,-1,-6,-4,-9,-15,-3,,,,,
,218,-2,12,8,5,7,3,5,,14,5,-11,-4,3,-1,-1,20,2,,,,,
,-422,-3,-3,-5,-1,-10,-2,-5,-2,-7,3,7,-6,-5,-13,-4,-10,-9,,,,,
,86,-29,,4,3,-10,,-7,2,-16,-8,13,5,10,10,3,1,17,,,,,
,1912,1,-1,-3,-2,5,-2,-2,-3,14,12,-4,8,3,9,,10,8,,,,,
,-1435,8,4,9,8,-4,1,1,,-1,-12,6,-10,-3,-10,-14,-11,-18,,,,,
,-276,-19,1,-9,-15,,-2,8,-9,-3,15,8,-2,,7,19,-9,7,,,,,
,291,10,-8,,17,25,2,7,7,-1,-10,-12,-6,-6,-3,-1,11,4,,,,,
,2053,5,8,-1,12,5,6,-12,15,-8,5,1,4,13,-8,2,8,-8,,,,,
,-926,-1,6,8,-23,-6,-4,-1,1,9,9,-3,-2,-1,-1,-3,-10,-4,,,,,
,-2172,-7,-8,-1,13,-17,-1,12,-6,-5,-18,-8,4,-6,-11,1,6,-4,,,,,
,828,4,3,4,3,7,-3,9,9,5,7,5,8,6,18,9,2,9,,,,,
,177,1,4,-11,-3,4,11,4,-1,-7,-8,4,-11,-10,-12,-18,-12,-14,,,,,
,-339,-31,-4,-6,-6,-7,4,-2,-1,3,,-9,-9,-11,-7,,,7,,,,,
,573,-2,-4,9,2,1,-3,-8,-6,10,9,-2,5,9,6,20,2,6,,,,,
,-323,1,-6,3,5,,-3,-2,-8,2,-12,-5,7,2,7,-1,-10,9,,,,,
,3058,21,4,7,-5,-5,-3,,-11,-12,-2,6,1,2,-8,-6,12,-13,,,,,
,-3860,-3,7,3,4,12,5,10,11,8,3,2,-6,-3,5,3,,7,,,,,
,603,-19,-7,-14,-4,-1,-1,-24,-4,-12,11,11,-5,,-3,-5,4,2,,,,,
,-521,1,,-2,-11,-5,2,6,1,-8,,-4,-2,-6,-2,,-7,-8,,,,,
,322,,-4,-2,3,1,,,-4,12,8,-8,9,16,5,11,5,10,,,,,
,-108,,6,-2,16,-4,-11,-1,14,7,,-4,-3,-4,-1,-8,-4,-5,,,,,
,256,-2,7,1,4,7,9,6,10,,-12,2,-15,2,6,4,,-11,,,,,
,-307,-16,-12,-7,-12,-7,-7,6,-7,-20,-10,-5,1,1,-12,-15,-5,1,,,,,
,170,18,5,8,-2,,7,3,-11,14,14,15,11,-4,3,-5,15,16,,,,,
,-148,-19,1,,-1,2,-4,4,-6,13,-5,5,1,5,-9,8,5,-4,,,,,
,2430,18,-2,2,1,2,-6,,4,-14,-2,-5,8,-1,11,6,-12,-5,,,,,
,747,-15,-11,3,-6,-12,2,-14,5,-11,3,-6,-3,-11,18,3,4,8,,,,,
,-2583,-3,8,4,6,6,3,-11,2,6,-9,-7,-8,8,-13,-8,3,10,,,,,
,556,,24,6,11,5,4,17,,3,6,2,5,-16,-18,-6,-8,-5,,,,,
,-383,-3,-7,-6,-10,,3,2,-1,7,-2,5,10,-9,,12,-3,-6,,,,,
,-276,14,-13,-7,-10,3,-4,-1,-1,3,12,10,-4,14,10,-9,9,4,,,,,
,-215,-11,-10,-6,-2,-5,-11,-19,3,-11,2,-4,-1,-2,-1,7,-3,-5,,,,,
,281,,6,15,10,,3,-5,2,8,-14,4,-10,-2,3,-2,-7,4,,,,,
,575,,2,-3,2,,,12,-11,-8,4,-18,3,7,9,1,-8,-2,,,,,
,-335,-39,3,-3,,11,13,4,-1,8,-4,5,2,10,-4,10,12,-2,,,,,
,1599,-7,-6,,-4,-10,,-2,,5,-5,-5,-14,-8,-7,-18,-7,-12,,,,,
,-2280,6,-2,-5,-13,-3,-18,-4,4,-5,14,8,13,5,-2,16,6,8,,,,,
,309,-2,7,6,-3,-5,13,-1,4,-7,3,16,1,-14,-1,-2,2,8,,,,,
,-122,1,18,9,16,-4,3,5,4,-6,-2,-14,7,4,6,2,-4,-8,,,,,
,1862,34,-7,-16,3,14,-8,2,2,5,-2,10,3,,,2,-1,3,,,,,
,-1919,-34,-8,1,1,5,3,2,-1,-2,6,-7,-5,-5,-7,-5,12,,,,,,
,102,4,-17,5,-4,-8,-10,-9,-8,4,-9,-9,-2,-2,12,-16,-3,-2,,,,,
,-120,,,2,11,9,17,8,,1,-5,-3,-2,8,,4,1,,,,,,
,324,-16,14,-7,8,1,-3,11,10,1,9,11,10,,4,13,3,,,,,,
,-391,14,,7,-12,-6,-4,-7,,-1,-5,-1,-15,3,-3,,-6,-2,,,,,
,450,-13,9,3,4,9,7,5,5,7,1,-2,-1,9,-2,-20,-8,-3,,,,,
,406,-1,-3,-12,-5,-4,,,-2,4,3,-6,3,-1,-7,10,,5,,,,,
,-371,-21,2,-2,-9,9,1,-2,-2,3,1,11,9,-14,2,7,5,7,,,,,
,-167,1,,5,3,-20,6,,2,-2,-5,-11,-3,12,-7,-6,-3,-2,,,,,
,-180,1,7,2,12,7,-5,-6,2,-18,5,8,11,-7,-2,3,6,,,,,,
,1306,-2,-4,2,2,-5,-7,-2,-5,10,-16,4,-9,3,10,3,3,3,,,,,
,-1152,15,-10,-4,-12,-9,-7,6,-13,3,12,-5,,5,5,-5,-11,1,,,,,
,3802,-23,-12,1,-11,1,-1,-8,3,-3,9,13,2,-2,-10,-5,4,-11,,,,,
,-3902,9,-1,2,13,-3,1,,7,1,-10,-11,2,-6,7,18,21,4,,,,,
,-1238,-10,12,4,4,14,4,-2,8,-6,-4,7,-16,6,2,-8,-5,-5,,,,,
,1625,11,1,-10,-11,1,6,-3,-11,-2,2,-10,,-3,-2,-5,-19,-2,,,,,
,-1708,-27,6,-3,-5,1,-6,-3,9,4,-7,-5,7,4,3,-11,16,3,,,,,
,2705,16,-1,12,5,-11,6,12,-8,-4,-4,7,9,-4,-1,4,-1,2,,,,,
,-2832,,-11,9,-8,15,3,-5,4,5,11,-3,-10,-10,-1,7,-2,,,,,,
,300,5,6,-9,18,-9,-11,-4,,11,12,-14,10,4,6,-8,-1,-5,,,,,
,-277,-25,-8,-18,,-4,-5,7,-12,-17,-7,-4,2,8,-4,,5,5,,,,,
,91,-1,7,9,-8,14,4,-5,7,8,-1,12,-9,1,-3,7,-2,12,,,,,
,66,16,-4,9,6,-4,8,2,5,3,-4,6,3,-6,-6,-1,-1,-9,,,,,
,236,-29,-4,-4,-9,-18,-9,2,-17,-13,5,-1,-5,3,6,4,-9,4,,,,,
,1476,27,18,-3,6,-2,4,-1,8,1,1,-6,,4,13,6,,5,,,,,
,2534,-16,-4,6,-7,15,6,,9,4,5,3,-3,-6,2,-6,3,,,,,,
,-3553,22,-4,-11,12,4,4,-10,-4,-1,-9,1,5,5,-5,5,-7,-10,,,,,
,-643,-29,-7,-5,-3,-12,2,7,-2,-1,1,14,7,9,3,-6,-1,-1,,,,,
